ISO-10303-21;
HEADER;
FILE_DESCRIPTION (( 'STEP AP214' ),
    '1' );
FILE_NAME ('BTS70902EPLXUMA1.STEP',
    '2023-09-23T04:38:11',
    ( '' ),
    ( '' ),
    'SwSTEP 2.0',
    'SolidWorks 2022',
    '' );
FILE_SCHEMA (( 'AUTOMOTIVE_DESIGN' ));
ENDSEC;

DATA;
#1 = SURFACE_SIDE_STYLE ('',( #7517 ) ) ;
#2 = ORIENTED_EDGE ( 'NONE', *, *, #1221, .T. ) ;
#3 = ORIENTED_EDGE ( 'NONE', *, *, #229, .F. ) ;
#4 = ADVANCED_FACE ( 'NONE', ( #5496 ), #4618, .T. ) ;
#5 = EDGE_CURVE ( 'NONE', #2564, #2465, #3492, .T. ) ;
#6 = VERTEX_POINT ( 'NONE', #515 ) ;
#7 = ORIENTED_EDGE ( 'NONE', *, *, #4792, .F. ) ;
#8 = FILL_AREA_STYLE ('',( #1046 ) ) ;
#9 = PRESENTATION_STYLE_ASSIGNMENT (( #7526 ) ) ;
#10 = LINE ( 'NONE', #3406, #6333 ) ;
#11 = VECTOR ( 'NONE', #3743, 1000.000000000000000 ) ;
#12 = FILL_AREA_STYLE_COLOUR ( '', #10050 ) ;
#13 = ORIENTED_EDGE ( 'NONE', *, *, #947, .T. ) ;
#14 = CARTESIAN_POINT ( 'NONE',  ( 0.7750000000000001332, -1.949999999999999512, -0.1000000000000000056 ) ) ;
#15 = DIRECTION ( 'NONE',  ( 0.000000000000000000, 0.000000000000000000, -1.000000000000000000 ) ) ;
#16 = AXIS2_PLACEMENT_3D ( 'NONE', #9495, #7804, #275 ) ;
#17 = DIRECTION ( 'NONE',  ( 0.000000000000000000, 0.5190546823227987216, -0.8547410349098599758 ) ) ;
#18 = CARTESIAN_POINT ( 'NONE',  ( 1.824999999999999956, -2.552580984647486062, -0.3682250350372596737 ) ) ;
#19 = FACE_OUTER_BOUND ( 'NONE', #9659, .T. ) ;
#20 = FACE_OUTER_BOUND ( 'NONE', #9410, .T. ) ;
#21 = ORIENTED_EDGE ( 'NONE', *, *, #2493, .T. ) ;
#22 = CARTESIAN_POINT ( 'NONE',  ( -2.074999999999999734, -1.949999999999999512, 0.1000000000000000056 ) ) ;
#23 = ORIENTED_EDGE ( 'NONE', *, *, #7757, .F. ) ;
#24 = CARTESIAN_POINT ( 'NONE',  ( -2.374999999999999556, -1.949999999999999512, 0.1000000000000000056 ) ) ;
#25 = MECHANICAL_DESIGN_GEOMETRIC_PRESENTATION_REPRESENTATION (  '', ( #5977 ), #1453 ) ;
#26 = DIRECTION ( 'NONE',  ( 0.000000000000000000, 0.06975647374412545509, 0.9975640502598243087 ) ) ;
#27 = EDGE_CURVE ( 'NONE', #2951, #8234, #10563, .T. ) ;
#28 = CARTESIAN_POINT ( 'NONE',  ( 1.824999999999999956, -3.000000000000000000, -0.6000000000000000888 ) ) ;
#29 = UNCERTAINTY_MEASURE_WITH_UNIT (LENGTH_MEASURE( 1.000000000000000082E-05 ), #724, 'distance_accuracy_value', 'NONE');
#30 = VERTEX_POINT ( 'NONE', #3061 ) ;
#31 =( LENGTH_UNIT ( ) NAMED_UNIT ( * ) SI_UNIT ( .MILLI., .METRE. ) );
#32 = DIRECTION ( 'NONE',  ( 0.000000000000000000, -0.000000000000000000, 1.000000000000000000 ) ) ;
#33 = DIRECTION ( 'NONE',  ( 1.000000000000000000, 0.000000000000000000, 0.000000000000000000 ) ) ;
#34 = EDGE_LOOP ( 'NONE', ( #4460, #4938, #10392, #1759 ) ) ;
#35 = FACE_OUTER_BOUND ( 'NONE', #2753, .T. ) ;
#36 = FILL_AREA_STYLE ('',( #86 ) ) ;
#37 = ORIENTED_EDGE ( 'NONE', *, *, #4218, .T. ) ;
#38 = CARTESIAN_POINT ( 'NONE',  ( 0.5250000000000000222, 1.949999999999999512, -0.1000000000000000056 ) ) ;
#39 = CARTESIAN_POINT ( 'NONE',  ( 1.175000000000000044, -2.135474103490985875, -0.1480945317677201667 ) ) ;
#40 = EDGE_CURVE ( 'NONE', #1921, #6246, #7141, .T. ) ;
#41 = DIRECTION ( 'NONE',  ( 1.000000000000000000, 0.000000000000000000, 0.000000000000000000 ) ) ;
#42 = PLANE ( 'NONE',  #7692 ) ;
#43 = CARTESIAN_POINT ( 'NONE',  ( 0.1250000000000001110, 2.552580984647486062, -0.3682250350372594516 ) ) ;
#44 = DIRECTION ( 'NONE',  ( 0.000000000000000000, 0.06975647374412539958, -0.9975640502598243087 ) ) ;
#45 = AXIS2_PLACEMENT_3D ( 'NONE', #7651, #10135, #5062 ) ;
#46 =( NAMED_UNIT ( * ) PLANE_ANGLE_UNIT ( ) SI_UNIT ( $, .RADIAN. ) );
#47 = EDGE_LOOP ( 'NONE', ( #6838, #3356, #1620, #7604, #1702, #8387, #5296, #3646, #2083, #9554, #10055, #4971 ) ) ;
#48 =( LENGTH_UNIT ( ) NAMED_UNIT ( * ) SI_UNIT ( .MILLI., .METRE. ) );
#49 = ORIENTED_EDGE ( 'NONE', *, *, #10754, .F. ) ;
#50 = ORIENTED_EDGE ( 'NONE', *, *, #5594, .T. ) ;
#51 = DIRECTION ( 'NONE',  ( 0.000000000000000000, 0.000000000000000000, -1.000000000000000000 ) ) ;
#52 = CARTESIAN_POINT ( 'NONE',  ( -0.7749999999999999112, 3.000000000000000000, -0.3995116203837655866 ) ) ;
#53 = CIRCLE ( 'NONE', #8470, 0.09999999999999982514 ) ;
#54 = CARTESIAN_POINT ( 'NONE',  ( 1.175000000000000044, -2.486996912233147228, -0.5641273295552871048 ) ) ;
#55 = AXIS2_PLACEMENT_3D ( 'NONE', #9663, #2177, #5479 ) ;
#56 = MECHANICAL_DESIGN_GEOMETRIC_PRESENTATION_REPRESENTATION (  '', ( #400 ), #10750 ) ;
#57 = EDGE_CURVE ( 'NONE', #3994, #10439, #5555, .T. ) ;
#58 = DIRECTION ( 'NONE',  ( 1.000000000000000000, 0.000000000000000000, 0.000000000000000000 ) ) ;
#59 = LINE ( 'NONE', #2508, #1662 ) ;
#60 = EDGE_LOOP ( 'NONE', ( #7479, #1040, #1289, #9840, #9992, #4706, #23, #6794, #3409, #8383, #2578, #3266 ) ) ;
#61 = DIRECTION ( 'NONE',  ( 0.000000000000000000, 0.000000000000000000, 1.000000000000000000 ) ) ;
#62 = CARTESIAN_POINT ( 'NONE',  ( -1.824999999999999734, -2.049999999999999822, -0.1000000000000000056 ) ) ;
#63 = EDGE_CURVE ( 'NONE', #9641, #5468, #1801, .T. ) ;
#64 =( NAMED_UNIT ( * ) SI_UNIT ( $, .STERADIAN. ) SOLID_ANGLE_UNIT ( ) );
#65 = VECTOR ( 'NONE', #767, 1000.000000000000114 ) ;
#66 = CIRCLE ( 'NONE', #7780, 0.1000000000000000194 ) ;
#67 = DIRECTION ( 'NONE',  ( 0.000000000000000000, 0.5190546823227987216, -0.8547410349098599758 ) ) ;
#68 = EDGE_CURVE ( 'NONE', #2288, #3397, #6431, .T. ) ;
#69 =( NAMED_UNIT ( * ) SI_UNIT ( $, .STERADIAN. ) SOLID_ANGLE_UNIT ( ) );
#70 = PLANE ( 'NONE',  #5081 ) ;
#71 = FACE_OUTER_BOUND ( 'NONE', #5771, .T. ) ;
#72 = VERTEX_POINT ( 'NONE', #8972 ) ;
#73 = ORIENTED_EDGE ( 'NONE', *, *, #2745, .F. ) ;
#74 = MECHANICAL_DESIGN_GEOMETRIC_PRESENTATION_REPRESENTATION (  '', ( #10073 ), #8834 ) ;
#75 = FILL_AREA_STYLE ('',( #9357 ) ) ;
#76 = CARTESIAN_POINT ( 'NONE',  ( 2.449999999999998845, 1.835172790808107690, -0.4749999999999999223 ) ) ;
#77 = CARTESIAN_POINT ( 'NONE',  ( 1.425000000000000044, -1.949999999999999512, -0.1000000000000000056 ) ) ;
#78 = EDGE_LOOP ( 'NONE', ( #2484, #9416, #6508, #9037 ) ) ;
#79 =( LENGTH_UNIT ( ) NAMED_UNIT ( * ) SI_UNIT ( .MILLI., .METRE. ) );
#80 = MECHANICAL_DESIGN_GEOMETRIC_PRESENTATION_REPRESENTATION (  '', ( #4624 ), #4461 ) ;
#81 = CYLINDRICAL_SURFACE ( 'NONE', #484, 0.1000000000000000194 ) ;
#82 = EDGE_LOOP ( 'NONE', ( #3475, #6695, #3586, #6771 ) ) ;
#83 =( GEOMETRIC_REPRESENTATION_CONTEXT ( 3 ) GLOBAL_UNCERTAINTY_ASSIGNED_CONTEXT ( ( #4047 ) ) GLOBAL_UNIT_ASSIGNED_CONTEXT ( ( #8078, #8128, #7064 ) ) REPRESENTATION_CONTEXT ( 'NONE', 'WORKASPACE' ) );
#84 = DIRECTION ( 'NONE',  ( -1.000000000000000000, 0.000000000000000000, 0.000000000000000000 ) ) ;
#85 =( GEOMETRIC_REPRESENTATION_CONTEXT ( 3 ) GLOBAL_UNCERTAINTY_ASSIGNED_CONTEXT ( ( #2024 ) ) GLOBAL_UNIT_ASSIGNED_CONTEXT ( ( #6779, #1087, #5135 ) ) REPRESENTATION_CONTEXT ( 'NONE', 'WORKASPACE' ) );
#86 = FILL_AREA_STYLE_COLOUR ( '', #7471 ) ;
#87 = EDGE_LOOP ( 'NONE', ( #585, #9079, #6033, #8953 ) ) ;
#88 = MECHANICAL_DESIGN_GEOMETRIC_PRESENTATION_REPRESENTATION (  '', ( #5327 ), #2917 ) ;
#89 = CARTESIAN_POINT ( 'NONE',  ( 0.7750000000000001332, 2.330000000000000071, -0.4684254559678819319 ) ) ;
#90 = DIRECTION ( 'NONE',  ( 0.000000000000000000, 0.000000000000000000, -1.000000000000000000 ) ) ;
#91 = PRESENTATION_LAYER_ASSIGNMENT (  '', '', ( #1527 ) ) ;
#92 = UNCERTAINTY_MEASURE_WITH_UNIT (LENGTH_MEASURE( 1.000000000000000082E-05 ), #5177, 'distance_accuracy_value', 'NONE');
#93 = VECTOR ( 'NONE', #7441, 1000.000000000000000 ) ;
#94 = LINE ( 'NONE', #2709, #10627 ) ;
#95 = DIRECTION ( 'NONE',  ( 1.000000000000000000, 0.000000000000000000, 0.000000000000000000 ) ) ;
#96 = SURFACE_STYLE_USAGE ( .BOTH. , #4258 ) ;
#97 = CARTESIAN_POINT ( 'NONE',  ( -0.7749999999999999112, -3.000000000000000000, -0.6000000000000000888 ) ) ;
#98 = EDGE_CURVE ( 'NONE', #4484, #2158, #1472, .T. ) ;
#99 = FACE_OUTER_BOUND ( 'NONE', #738, .T. ) ;
#100 = VERTEX_POINT ( 'NONE', #3975 ) ;
#101 = VERTEX_POINT ( 'NONE', #7322 ) ;
#102 = AXIS2_PLACEMENT_3D ( 'NONE', #5851, #10030, #4206 ) ;
#103 = EDGE_CURVE ( 'NONE', #5247, #498, #10011, .T. ) ;
#104 = VECTOR ( 'NONE', #3878, 1000.000000000000000 ) ;
#105 = COLOUR_RGB ( '',0.8039215686274510109, 0.8039215686274510109, 0.8039215686274510109 ) ;
#106 = ORIENTED_EDGE ( 'NONE', *, *, #9333, .T. ) ;
#107 = DIRECTION ( 'NONE',  ( 0.000000000000000000, 0.5190546823227987216, -0.8547410349098599758 ) ) ;
#108 = CARTESIAN_POINT ( 'NONE',  ( -1.424999999999999822, 2.106267956964054999, -0.09999999999999999167 ) ) ;
#109 = DIRECTION ( 'NONE',  ( 1.000000000000000000, 0.000000000000000000, 0.000000000000000000 ) ) ;
#110 = MECHANICAL_DESIGN_GEOMETRIC_PRESENTATION_REPRESENTATION (  '', ( #6915 ), #10116 ) ;
#111 = FILL_AREA_STYLE_COLOUR ( '', #9898 ) ;
#112 = STYLED_ITEM ( 'NONE', ( #7807 ), #6282 ) ;
#113 = DIRECTION ( 'NONE',  ( 0.000000000000000000, 1.000000000000000000, -0.000000000000000000 ) ) ;
#114 = ORIENTED_EDGE ( 'NONE', *, *, #4826, .T. ) ;
#115 = DIRECTION ( 'NONE',  ( 1.000000000000000000, 0.000000000000000000, 0.000000000000000000 ) ) ;
#116 = LINE ( 'NONE', #3411, #10260 ) ;
#117 = LINE ( 'NONE', #164, #2677 ) ;
#118 = MECHANICAL_DESIGN_GEOMETRIC_PRESENTATION_REPRESENTATION (  '', ( #9949 ), #9073 ) ;
#119 = DIRECTION ( 'NONE',  ( 0.000000000000000000, 0.9945218953682732899, 0.1045284632676536235 ) ) ;
#120 = VERTEX_POINT ( 'NONE', #2521 ) ;
#121 = PRESENTATION_STYLE_ASSIGNMENT (( #336 ) ) ;
#122 =( NAMED_UNIT ( * ) SI_UNIT ( $, .STERADIAN. ) SOLID_ANGLE_UNIT ( ) );
#123 = EDGE_LOOP ( 'NONE', ( #10001, #6749, #6938, #4423 ) ) ;
#124 = CIRCLE ( 'NONE', #3465, 0.1000000000000000194 ) ;
#125 = FILL_AREA_STYLE_COLOUR ( '', #5189 ) ;
#126 = EDGE_CURVE ( 'NONE', #6645, #8519, #4132, .T. ) ;
#127 = ADVANCED_FACE ( 'NONE', ( #19 ), #10772, .T. ) ;
#128 = FILL_AREA_STYLE ('',( #5269 ) ) ;
#129 = UNCERTAINTY_MEASURE_WITH_UNIT (LENGTH_MEASURE( 1.000000000000000082E-05 ), #5924, 'distance_accuracy_value', 'NONE');
#130 = SURFACE_STYLE_USAGE ( .BOTH. , #4401 ) ;
#131 = ORIENTED_EDGE ( 'NONE', *, *, #947, .F. ) ;
#132 = UNCERTAINTY_MEASURE_WITH_UNIT (LENGTH_MEASURE( 1.000000000000000082E-05 ), #4012, 'distance_accuracy_value', 'NONE');
#133 =( NAMED_UNIT ( * ) SI_UNIT ( $, .STERADIAN. ) SOLID_ANGLE_UNIT ( ) );
#134 = DIRECTION ( 'NONE',  ( 0.000000000000000000, 0.000000000000000000, -1.000000000000000000 ) ) ;
#135 = EDGE_CURVE ( 'NONE', #2294, #794, #9962, .T. ) ;
#136 = FILL_AREA_STYLE_COLOUR ( '', #806 ) ;
#137 =( LENGTH_UNIT ( ) NAMED_UNIT ( * ) SI_UNIT ( .MILLI., .METRE. ) );
#138 = ORIENTED_EDGE ( 'NONE', *, *, #3625, .T. ) ;
#139 = FILL_AREA_STYLE_COLOUR ( '', #3544 ) ;
#140 = VECTOR ( 'NONE', #10594, 1000.000000000000000 ) ;
#141 = AXIS2_PLACEMENT_3D ( 'NONE', #5504, #10411, #2908 ) ;
#142 = CARTESIAN_POINT ( 'NONE',  ( -2.418963392251841427, 1.949760935694446529, -0.1022745449310388660 ) ) ;
#143 = FILL_AREA_STYLE ('',( #4317 ) ) ;
#144 =( NAMED_UNIT ( * ) SI_UNIT ( $, .STERADIAN. ) SOLID_ANGLE_UNIT ( ) );
#145 = PRESENTATION_LAYER_ASSIGNMENT (  '', '', ( #4185 ) ) ;
#146 = FACE_OUTER_BOUND ( 'NONE', #6267, .T. ) ;
#147 = DIRECTION ( 'NONE',  ( 1.000000000000000000, 0.000000000000000000, 0.000000000000000000 ) ) ;
#148 = STYLED_ITEM ( 'NONE', ( #3017 ), #973 ) ;
#149 = LINE ( 'NONE', #6080, #7485 ) ;
#150 = VERTEX_POINT ( 'NONE', #1639 ) ;
#151 = APPLICATION_CONTEXT ( 'automotive_design' ) ;
#152 = VERTEX_POINT ( 'NONE', #8318 ) ;
#153 = ORIENTED_EDGE ( 'NONE', *, *, #9688, .T. ) ;
#154 = FILL_AREA_STYLE ('',( #1898 ) ) ;
#155 = DIRECTION ( 'NONE',  ( -1.000000000000000000, -0.000000000000000000, 0.000000000000000000 ) ) ;
#156 = AXIS2_PLACEMENT_3D ( 'NONE', #4506, #1858, #8578 ) ;
#157 = EDGE_CURVE ( 'NONE', #4395, #30, #1699, .T. ) ;
#158 = CARTESIAN_POINT ( 'NONE',  ( -1.424999999999999822, 2.500948206981972177, -0.3646145195033222430 ) ) ;
#159 = ORIENTED_EDGE ( 'NONE', *, *, #6980, .F. ) ;
#160 = ORIENTED_EDGE ( 'NONE', *, *, #3087, .F. ) ;
#161 = ORIENTED_EDGE ( 'NONE', *, *, #5229, .T. ) ;
#162 = DIRECTION ( 'NONE',  ( 0.000000000000000000, -1.000000000000000000, 0.000000000000000000 ) ) ;
#163 = ORIENTED_EDGE ( 'NONE', *, *, #2992, .T. ) ;
#164 = CARTESIAN_POINT ( 'NONE',  ( -1.424999999999999822, -3.000000000000000000, -0.6000000000000000888 ) ) ;
#165 = EDGE_CURVE ( 'NONE', #6, #7730, #7590, .T. ) ;
#166 = CARTESIAN_POINT ( 'NONE',  ( -2.000000000000000000, -1.324999999999999512, -0.5499999999999999334 ) ) ;
#167 = EDGE_CURVE ( 'NONE', #4155, #5630, #9137, .T. ) ;
#168 =( NAMED_UNIT ( * ) SI_UNIT ( $, .STERADIAN. ) SOLID_ANGLE_UNIT ( ) );
#169 = SURFACE_STYLE_USAGE ( .BOTH. , #7811 ) ;
#170 = FACE_OUTER_BOUND ( 'NONE', #10249, .T. ) ;
#171 = ORIENTED_EDGE ( 'NONE', *, *, #2113, .T. ) ;
#172 = DIRECTION ( 'NONE',  ( 0.000000000000000000, 8.672620682681688006E-17, 1.000000000000000000 ) ) ;
#173 = ORIENTED_EDGE ( 'NONE', *, *, #639, .F. ) ;
#174 = DIRECTION ( 'NONE',  ( 0.000000000000000000, 0.000000000000000000, -1.000000000000000000 ) ) ;
#175 =( LENGTH_UNIT ( ) NAMED_UNIT ( * ) SI_UNIT ( .MILLI., .METRE. ) );
#176 = VECTOR ( 'NONE', #10718, 1000.000000000000000 ) ;
#177 = FACE_OUTER_BOUND ( 'NONE', #3792, .T. ) ;
#178 = ORIENTED_EDGE ( 'NONE', *, *, #2788, .T. ) ;
#179 = FILL_AREA_STYLE_COLOUR ( '', #3452 ) ;
#180 = ADVANCED_FACE ( 'NONE', ( #858 ), #70, .T. ) ;
#181 = CARTESIAN_POINT ( 'NONE',  ( 2.075000000000000178, -3.000000000000000000, -0.6000000000000000888 ) ) ;
#182 = DIRECTION ( 'NONE',  ( 0.1045284632676537068, 0.000000000000000000, -0.9945218953682734009 ) ) ;
#183 = ORIENTED_EDGE ( 'NONE', *, *, #815, .F. ) ;
#184 = DIRECTION ( 'NONE',  ( 0.000000000000000000, 0.000000000000000000, 1.000000000000000000 ) ) ;
#185 = VECTOR ( 'NONE', #1962, 1000.000000000000000 ) ;
#186 = CARTESIAN_POINT ( 'NONE',  ( -2.074999999999999734, -3.000000000000000000, -0.3995116203837655866 ) ) ;
#187 = ORIENTED_EDGE ( 'NONE', *, *, #3783, .T. ) ;
#188 = DIRECTION ( 'NONE',  ( 1.000000000000000000, 0.000000000000000000, 0.000000000000000000 ) ) ;
#189 = CARTESIAN_POINT ( 'NONE',  ( -2.074999999999999734, -3.000000000000000000, -0.3995116203837655866 ) ) ;
#190 = EDGE_CURVE ( 'NONE', #8863, #9352, #2123, .T. ) ;
#191 = SURFACE_STYLE_USAGE ( .BOTH. , #9377 ) ;
#192 = VECTOR ( 'NONE', #5691, 1000.000000000000000 ) ;
#193 = SURFACE_STYLE_FILL_AREA ( #4162 ) ;
#194 = UNCERTAINTY_MEASURE_WITH_UNIT (LENGTH_MEASURE( 1.000000000000000082E-05 ), #6402, 'distance_accuracy_value', 'NONE');
#195 = DIRECTION ( 'NONE',  ( 0.000000000000000000, -0.5190546823227978335, 0.8547410349098604199 ) ) ;
#196 = CYLINDRICAL_SURFACE ( 'NONE', #6595, 0.1000000000000000194 ) ;
#197 = EDGE_CURVE ( 'NONE', #5283, #1319, #5829, .T. ) ;
#198 = SURFACE_STYLE_FILL_AREA ( #7617 ) ;
#199 = CARTESIAN_POINT ( 'NONE',  ( 2.075000000000000178, -2.559556632021898537, -0.2684686300112771873 ) ) ;
#200 = ORIENTED_EDGE ( 'NONE', *, *, #8309, .T. ) ;
#201 =( NAMED_UNIT ( * ) PLANE_ANGLE_UNIT ( ) SI_UNIT ( $, .RADIAN. ) );
#202 = ORIENTED_EDGE ( 'NONE', *, *, #9978, .F. ) ;
#203 =( NAMED_UNIT ( * ) PLANE_ANGLE_UNIT ( ) SI_UNIT ( $, .RADIAN. ) );
#204 = SURFACE_SIDE_STYLE ('',( #7734 ) ) ;
#205 = LINE ( 'NONE', #591, #4114 ) ;
#206 = VECTOR ( 'NONE', #6903, 1000.000000000000000 ) ;
#207 = SURFACE_STYLE_FILL_AREA ( #1903 ) ;
#208 = PLANE ( 'NONE',  #4872 ) ;
#209 = ORIENTED_EDGE ( 'NONE', *, *, #9397, .F. ) ;
#210 = EDGE_CURVE ( 'NONE', #6782, #6001, #10301, .T. ) ;
#211 = MECHANICAL_DESIGN_GEOMETRIC_PRESENTATION_REPRESENTATION (  '', ( #8632 ), #786 ) ;
#212 = PLANE ( 'NONE',  #7470 ) ;
#213 = ORIENTED_EDGE ( 'NONE', *, *, #5971, .T. ) ;
#214 = STYLED_ITEM ( 'NONE', ( #2511 ), #6651 ) ;
#215 = CARTESIAN_POINT ( 'NONE',  ( -2.074999999999999734, 2.500948206981972177, -0.3646145195033222430 ) ) ;
#216 = PRESENTATION_LAYER_ASSIGNMENT (  '', '', ( #10222 ) ) ;
#217 = FILL_AREA_STYLE_COLOUR ( '', #9423 ) ;
#218 = LINE ( 'NONE', #10288, #4592 ) ;
#219 = PRESENTATION_LAYER_ASSIGNMENT (  '', '', ( #1669 ) ) ;
#220 = SURFACE_STYLE_FILL_AREA ( #1917 ) ;
#221 = CARTESIAN_POINT ( 'NONE',  ( 0.5250000000000000222, -2.330000000000000071, -0.4684254559678819319 ) ) ;
#222 = ORIENTED_EDGE ( 'NONE', *, *, #6551, .F. ) ;
#223 = CARTESIAN_POINT ( 'NONE',  ( -0.5249999999999999112, -2.277216163946027105, 0.003810936464559766534 ) ) ;
#224 = VERTEX_POINT ( 'NONE', #3218 ) ;
#225 = FACE_OUTER_BOUND ( 'NONE', #932, .T. ) ;
#226 = VECTOR ( 'NONE', #9725, 1000.000000000000000 ) ;
#227 =( NAMED_UNIT ( * ) SI_UNIT ( $, .STERADIAN. ) SOLID_ANGLE_UNIT ( ) );
#228 = AXIS2_PLACEMENT_3D ( 'NONE', #1191, #8798, #1293 ) ;
#229 = EDGE_CURVE ( 'NONE', #3495, #10657, #4072, .T. ) ;
#230 = FACE_OUTER_BOUND ( 'NONE', #9167, .T. ) ;
#231 = AXIS2_PLACEMENT_3D ( 'NONE', #2707, #4367, #10857 ) ;
#232 = UNCERTAINTY_MEASURE_WITH_UNIT (LENGTH_MEASURE( 1.000000000000000082E-05 ), #7172, 'distance_accuracy_value', 'NONE');
#233 = ORIENTED_EDGE ( 'NONE', *, *, #5125, .F. ) ;
#234 = AXIS2_PLACEMENT_3D ( 'NONE', #9824, #5644, #7463 ) ;
#235 = LINE ( 'NONE', #9515, #2963 ) ;
#236 = COLOUR_RGB ( '',0.8039215686274510109, 0.8039215686274510109, 0.8039215686274510109 ) ;
#237 = FILL_AREA_STYLE ('',( #9583 ) ) ;
#238 = PRESENTATION_LAYER_ASSIGNMENT (  '', '', ( #10073 ) ) ;
#239 = SURFACE_SIDE_STYLE ('',( #5073 ) ) ;
#240 = ORIENTED_EDGE ( 'NONE', *, *, #8693, .F. ) ;
#241 = AXIS2_PLACEMENT_3D ( 'NONE', #4474, #10360, #2968 ) ;
#242 = CARTESIAN_POINT ( 'NONE',  ( 2.375409738600887000, 1.949998880753508690, -0.1000106489190369374 ) ) ;
#243 = CARTESIAN_POINT ( 'NONE',  ( 2.335172790808107912, -1.909761932960727382, -0.4828396347450739645 ) ) ;
#244 = ORIENTED_EDGE ( 'NONE', *, *, #10286, .F. ) ;
#245 = LINE ( 'NONE', #3808, #6583 ) ;
#246 = SURFACE_STYLE_USAGE ( .BOTH. , #8596 ) ;
#247 = AXIS2_PLACEMENT_3D ( 'NONE', #3793, #7913, #7187 ) ;
#248 = DIRECTION ( 'NONE',  ( 1.000000000000000000, 0.000000000000000000, 0.000000000000000000 ) ) ;
#249 = SURFACE_STYLE_USAGE ( .BOTH. , #3028 ) ;
#250 =( LENGTH_UNIT ( ) NAMED_UNIT ( * ) SI_UNIT ( .MILLI., .METRE. ) );
#251 = LINE ( 'NONE', #1145, #5127 ) ;
#252 = AXIS2_PLACEMENT_3D ( 'NONE', #6654, #6546, #1554 ) ;
#253 = CARTESIAN_POINT ( 'NONE',  ( 0.7750000000000001332, -2.049999999999999822, -0.2000000000000000111 ) ) ;
#254 = EDGE_CURVE ( 'NONE', #5598, #3731, #9409, .T. ) ;
#255 = VECTOR ( 'NONE', #4268, 1000.000000000000000 ) ;
#256 = ORIENTED_EDGE ( 'NONE', *, *, #9036, .T. ) ;
#257 = CARTESIAN_POINT ( 'NONE',  ( -1.424999999999999822, 3.000000000000000000, -0.3995116203837655866 ) ) ;
#258 = ORIENTED_EDGE ( 'NONE', *, *, #6798, .T. ) ;
#259 = AXIS2_PLACEMENT_3D ( 'NONE', #3056, #4014, #10670 ) ;
#260 = ADVANCED_FACE ( 'NONE', ( #9350 ), #4393, .T. ) ;
#261 = CARTESIAN_POINT ( 'NONE',  ( 0.1250000000000001110, -2.135474103490985875, -0.1480945317677201667 ) ) ;
#262 =( NAMED_UNIT ( * ) SI_UNIT ( $, .STERADIAN. ) SOLID_ANGLE_UNIT ( ) );
#263 = EDGE_CURVE ( 'NONE', #503, #8282, #5316, .T. ) ;
#264 = PRESENTATION_STYLE_ASSIGNMENT (( #7112 ) ) ;
#265 = CARTESIAN_POINT ( 'NONE',  ( 1.175000000000000044, -2.474082528530912928, -0.3203740982435569484 ) ) ;
#266 = VECTOR ( 'NONE', #147, 1000.000000000000000 ) ;
#267 = AXIS2_PLACEMENT_3D ( 'NONE', #7937, #1091, #7787 ) ;
#268 = DIRECTION ( 'NONE',  ( 1.000000000000000000, 0.000000000000000000, 0.000000000000000000 ) ) ;
#269 = EDGE_CURVE ( 'NONE', #3016, #3970, #10002, .T. ) ;
#270 = ORIENTED_EDGE ( 'NONE', *, *, #6494, .F. ) ;
#271 = COLOUR_RGB ( '',0.8039215686274510109, 0.8039215686274510109, 0.8039215686274510109 ) ;
#272 = CARTESIAN_POINT ( 'NONE',  ( 1.425000000000000044, -2.330000000000000071, -0.4684254559678819319 ) ) ;
#273 = EDGE_LOOP ( 'NONE', ( #5660, #9724, #7125, #9888 ) ) ;
#274 = STYLED_ITEM ( 'NONE', ( #9 ), #5448 ) ;
#275 = DIRECTION ( 'NONE',  ( 0.000000000000000000, 0.000000000000000000, -1.000000000000000000 ) ) ;
#276 = PRESENTATION_LAYER_ASSIGNMENT (  '', '', ( #5891 ) ) ;
#277 = COLOUR_RGB ( '',0.8039215686274510109, 0.8039215686274510109, 0.8039215686274510109 ) ;
#278 = CIRCLE ( 'NONE', #3119, 0.2000000000000000389 ) ;
#279 = ORIENTED_EDGE ( 'NONE', *, *, #9631, .F. ) ;
#280 = FILL_AREA_STYLE ('',( #9556 ) ) ;
#281 = DIRECTION ( 'NONE',  ( 0.000000000000000000, 0.000000000000000000, -1.000000000000000000 ) ) ;
#282 =( LENGTH_UNIT ( ) NAMED_UNIT ( * ) SI_UNIT ( .MILLI., .METRE. ) );
#283 = CARTESIAN_POINT ( 'NONE',  ( 0.7750000000000001332, 2.135474103490985875, -0.1480945317677201667 ) ) ;
#284 = VERTEX_POINT ( 'NONE', #7647 ) ;
#285 =( GEOMETRIC_REPRESENTATION_CONTEXT ( 3 ) GLOBAL_UNCERTAINTY_ASSIGNED_CONTEXT ( ( #7365 ) ) GLOBAL_UNIT_ASSIGNED_CONTEXT ( ( #10722, #7195, #10677 ) ) REPRESENTATION_CONTEXT ( 'NONE', 'WORKASPACE' ) );
#286 = AXIS2_PLACEMENT_3D ( 'NONE', #5385, #1924, #6959 ) ;
#287 = CARTESIAN_POINT ( 'NONE',  ( -2.374999999999999556, 1.950000000000000400, 0.1000000000000000056 ) ) ;
#288 = EDGE_LOOP ( 'NONE', ( #4228, #3065, #2557, #1569, #2469, #5150 ) ) ;
#289 = CIRCLE ( 'NONE', #3455, 0.07499999999999998335 ) ;
#290 = VECTOR ( 'NONE', #3562, 1000.000000000000000 ) ;
#291 = PLANE ( 'NONE',  #7975 ) ;
#292 = ADVANCED_FACE ( 'NONE', ( #10176 ), #9294, .T. ) ;
#293 = FACE_OUTER_BOUND ( 'NONE', #8777, .T. ) ;
#294 = EDGE_CURVE ( 'NONE', #5534, #4155, #4550, .T. ) ;
#295 = EDGE_LOOP ( 'NONE', ( #7553, #3155, #10246, #3512, #10148, #7106, #6724, #7356, #2395, #2654, #2604, #7582 ) ) ;
#296 = CARTESIAN_POINT ( 'NONE',  ( -2.074999999999999734, -2.049999999999999822, -0.1000000000000000056 ) ) ;
#297 = VECTOR ( 'NONE', #1845, 1000.000000000000114 ) ;
#298 = PLANE ( 'NONE',  #1710 ) ;
#299 = ORIENTED_EDGE ( 'NONE', *, *, #3072, .T. ) ;
#300 = AXIS2_PLACEMENT_3D ( 'NONE', #9150, #9974, #5995 ) ;
#301 = CARTESIAN_POINT ( 'NONE',  ( 1.425000000000000044, 2.277216163946027105, 0.003810936464559766534 ) ) ;
#302 = FILL_AREA_STYLE_COLOUR ( '', #5445 ) ;
#303 = FACE_OUTER_BOUND ( 'NONE', #82, .T. ) ;
#304 = ORIENTED_EDGE ( 'NONE', *, *, #2676, .F. ) ;
#305 =( GEOMETRIC_REPRESENTATION_CONTEXT ( 3 ) GLOBAL_UNCERTAINTY_ASSIGNED_CONTEXT ( ( #3700 ) ) GLOBAL_UNIT_ASSIGNED_CONTEXT ( ( #8400, #1735, #5035 ) ) REPRESENTATION_CONTEXT ( 'NONE', 'WORKASPACE' ) );
#306 = DIRECTION ( 'NONE',  ( 0.000000000000000000, 0.000000000000000000, -1.000000000000000000 ) ) ;
#307 = EDGE_CURVE ( 'NONE', #696, #10480, #4446, .T. ) ;
#308 = LINE ( 'NONE', #9527, #949 ) ;
#309 = UNCERTAINTY_MEASURE_WITH_UNIT (LENGTH_MEASURE( 1.000000000000000082E-05 ), #922, 'distance_accuracy_value', 'NONE');
#310 = FACE_OUTER_BOUND ( 'NONE', #2278, .T. ) ;
#311 = DIRECTION ( 'NONE',  ( 0.000000000000000000, 0.9975640502598241977, -0.06975647374412544122 ) ) ;
#312 = SURFACE_SIDE_STYLE ('',( #6976 ) ) ;
#313 = DIRECTION ( 'NONE',  ( 0.000000000000000000, -0.5190546823227987216, -0.8547410349098599758 ) ) ;
#314 = DIRECTION ( 'NONE',  ( 0.000000000000000000, 0.000000000000000000, -1.000000000000000000 ) ) ;
#315 = ORIENTED_EDGE ( 'NONE', *, *, #908, .F. ) ;
#316 = CARTESIAN_POINT ( 'NONE',  ( -2.335172790808107468, -1.835172790808106580, -0.4749999999999998668 ) ) ;
#317 = ORIENTED_EDGE ( 'NONE', *, *, #3675, .T. ) ;
#318 = MECHANICAL_DESIGN_GEOMETRIC_PRESENTATION_REPRESENTATION (  '', ( #4690 ), #1402 ) ;
#319 = DIRECTION ( 'NONE',  ( -0.1039620511844979306, 0.1039620511844979445, -0.9891328443778538704 ) ) ;
#320 = CARTESIAN_POINT ( 'NONE',  ( -1.945172790808107344, -1.445172790808107122, 0.5399999999999999245 ) ) ;
#321 = DIRECTION ( 'NONE',  ( 1.000000000000000000, 0.000000000000000000, 0.000000000000000000 ) ) ;
#322 = SURFACE_STYLE_USAGE ( .BOTH. , #4499 ) ;
#323 = ORIENTED_EDGE ( 'NONE', *, *, #9029, .T. ) ;
#324 = EDGE_CURVE ( 'NONE', #7806, #9733, #3678, .T. ) ;
#325 = LINE ( 'NONE', #2991, #7057 ) ;
#326 = PRESENTATION_STYLE_ASSIGNMENT (( #5311 ) ) ;
#327 = EDGE_CURVE ( 'NONE', #3112, #7873, #7750, .T. ) ;
#328 = LINE ( 'NONE', #3672, #7087 ) ;
#329 = VERTEX_POINT ( 'NONE', #7003 ) ;
#330 = CYLINDRICAL_SURFACE ( 'NONE', #5200, 0.09999999999999982514 ) ;
#331 = SURFACE_STYLE_USAGE ( .BOTH. , #9456 ) ;
#332 = DIRECTION ( 'NONE',  ( 0.000000000000000000, -0.5190546823227979445, 0.8547410349098604199 ) ) ;
#333 = ADVANCED_FACE ( 'NONE', ( #8624 ), #6845, .T. ) ;
#334 = DIRECTION ( 'NONE',  ( -1.000000000000000000, -1.215511895599726729E-15, 1.156482317317871764E-14 ) ) ;
#335 = VERTEX_POINT ( 'NONE', #2241 ) ;
#336 = SURFACE_STYLE_USAGE ( .BOTH. , #1236 ) ;
#337 = CARTESIAN_POINT ( 'NONE',  ( -0.7749999999999999112, -2.330000000000000071, -0.4684254559678819319 ) ) ;
#338 = ORIENTED_EDGE ( 'NONE', *, *, #9729, .T. ) ;
#339 = FILL_AREA_STYLE ('',( #10450 ) ) ;
#340 = CARTESIAN_POINT ( 'NONE',  ( -0.7749999999999999112, -2.486996912233147228, -0.5641273295552871048 ) ) ;
#341 = UNCERTAINTY_MEASURE_WITH_UNIT (LENGTH_MEASURE( 1.000000000000000082E-05 ), #480, 'distance_accuracy_value', 'NONE');
#342 = DIRECTION ( 'NONE',  ( -1.000000000000000000, -0.000000000000000000, -0.000000000000000000 ) ) ;
#343 = VERTEX_POINT ( 'NONE', #3000 ) ;
#344 = DIRECTION ( 'NONE',  ( 0.000000000000000000, 0.000000000000000000, 1.000000000000000000 ) ) ;
#345 = DIRECTION ( 'NONE',  ( 1.000000000000000000, 0.000000000000000000, 0.000000000000000000 ) ) ;
#346 = ORIENTED_EDGE ( 'NONE', *, *, #10559, .F. ) ;
#347 = CARTESIAN_POINT ( 'NONE',  ( -2.335172790808107468, -1.835172790808106802, 0.4749999999999999223 ) ) ;
#348 = DIRECTION ( 'NONE',  ( 0.000000000000000000, 0.000000000000000000, 1.000000000000000000 ) ) ;
#349 = VECTOR ( 'NONE', #9458, 1000.000000000000000 ) ;
#350 = PRESENTATION_STYLE_ASSIGNMENT (( #5337 ) ) ;
#351 = EDGE_CURVE ( 'NONE', #5704, #1090, #1233, .T. ) ;
#352 = CARTESIAN_POINT ( 'NONE',  ( 2.376217025357842516, 1.950806167510464206, -0.09232982849429269279 ) ) ;
#353 = FILL_AREA_STYLE ('',( #7027 ) ) ;
#354 = SURFACE_STYLE_USAGE ( .BOTH. , #573 ) ;
#355 = DIRECTION ( 'NONE',  ( -0.1039620511844979306, -0.1039620511844979445, 0.9891328443778538704 ) ) ;
#356 =( NAMED_UNIT ( * ) PLANE_ANGLE_UNIT ( ) SI_UNIT ( $, .RADIAN. ) );
#357 = DIRECTION ( 'NONE',  ( 0.000000000000000000, -0.000000000000000000, 1.000000000000000000 ) ) ;
#358 = COLOUR_RGB ( '',0.8039215686274510109, 0.8039215686274510109, 0.8039215686274510109 ) ;
#359 = CARTESIAN_POINT ( 'NONE',  ( 0.1250000000000001110, -2.486996912233147228, -0.5641273295552871048 ) ) ;
#360 = SPHERICAL_SURFACE ( 'NONE', #8891, 0.07499999999999999722 ) ;
#361 = ORIENTED_EDGE ( 'NONE', *, *, #5347, .T. ) ;
#362 = VECTOR ( 'NONE', #9283, 1000.000000000000000 ) ;
#363 = CARTESIAN_POINT ( 'NONE',  ( 2.375409738600888332, -1.949998880753507802, 0.1000106489190370901 ) ) ;
#364 = ADVANCED_FACE ( 'NONE', ( #502 ), #9558, .T. ) ;
#365 = DIRECTION ( 'NONE',  ( -1.000000000000000000, 2.891205793294679017E-15, 0.000000000000000000 ) ) ;
#366 = CARTESIAN_POINT ( 'NONE',  ( -0.1249999999999998890, -1.949999999999999512, -0.1000000000000000056 ) ) ;
#367 = FACE_OUTER_BOUND ( 'NONE', #4191, .T. ) ;
#368 = COLOUR_RGB ( '',0.8039215686274510109, 0.8039215686274510109, 0.8039215686274510109 ) ;
#369 = FILL_AREA_STYLE ('',( #5588 ) ) ;
#370 = ORIENTED_EDGE ( 'NONE', *, *, #861, .T. ) ;
#371 =( NAMED_UNIT ( * ) SI_UNIT ( $, .STERADIAN. ) SOLID_ANGLE_UNIT ( ) );
#372 = EDGE_LOOP ( 'NONE', ( #3180, #3040, #10593, #8135 ) ) ;
#373 = CARTESIAN_POINT ( 'NONE',  ( 2.374999999999997335, 1.950000000000000400, 0.1000000000000000056 ) ) ;
#374 = VECTOR ( 'NONE', #8093, 1000.000000000000000 ) ;
#375 =( NAMED_UNIT ( * ) SI_UNIT ( $, .STERADIAN. ) SOLID_ANGLE_UNIT ( ) );
#376 = ORIENTED_EDGE ( 'NONE', *, *, #7013, .F. ) ;
#377 = CARTESIAN_POINT ( 'NONE',  ( 0.000000000000000000, 0.000000000000000000, -0.5499999999999999334 ) ) ;
#378 = ORIENTED_EDGE ( 'NONE', *, *, #10673, .F. ) ;
#379 = FACE_OUTER_BOUND ( 'NONE', #5102, .T. ) ;
#380 = SURFACE_SIDE_STYLE ('',( #7910 ) ) ;
#381 = FILL_AREA_STYLE ('',( #4556 ) ) ;
#382 = VERTEX_POINT ( 'NONE', #5547 ) ;
#383 = CARTESIAN_POINT ( 'NONE',  ( -0.1249999999999998890, -2.106267956964054999, -0.09999999999999999167 ) ) ;
#384 = DIRECTION ( 'NONE',  ( -0.000000000000000000, -1.000000000000000000, -0.000000000000000000 ) ) ;
#385 = VECTOR ( 'NONE', #8581, 1000.000000000000000 ) ;
#386 = VERTEX_POINT ( 'NONE', #3957 ) ;
#387 = EDGE_CURVE ( 'NONE', #676, #9708, #7179, .T. ) ;
#388 = CARTESIAN_POINT ( 'NONE',  ( 2.449998880753506914, 1.875409738600888332, 0.1000106489190370346 ) ) ;
#389 = AXIS2_PLACEMENT_3D ( 'NONE', #1299, #4020, #8971 ) ;
#390 = CARTESIAN_POINT ( 'NONE',  ( 0.1250000000000001110, -2.049999999999999822, -0.1000000000000000056 ) ) ;
#391 = EDGE_CURVE ( 'NONE', #4944, #10842, #6417, .T. ) ;
#392 = DIRECTION ( 'NONE',  ( 0.000000000000000000, -1.000000000000000000, -8.672620682681688006E-17 ) ) ;
#393 = COLOUR_RGB ( '',0.8039215686274510109, 0.8039215686274510109, 0.8039215686274510109 ) ;
#394 = EDGE_LOOP ( 'NONE', ( #598, #3469, #3207, #4674 ) ) ;
#395 = DIRECTION ( 'NONE',  ( 0.000000000000000000, -0.8547410349098605309, -0.5190546823227980555 ) ) ;
#396 = VECTOR ( 'NONE', #9887, 1000.000000000000000 ) ;
#397 = SURFACE_STYLE_FILL_AREA ( #2028 ) ;
#398 = PRESENTATION_LAYER_ASSIGNMENT (  '', '', ( #10388 ) ) ;
#399 = CARTESIAN_POINT ( 'NONE',  ( 2.375409738600887000, 1.949998880753508690, -0.1000106489190369374 ) ) ;
#400 = STYLED_ITEM ( 'NONE', ( #3472 ), #3176 ) ;
#401 = CARTESIAN_POINT ( 'NONE',  ( -1.824999999999999734, -2.552580984647486062, -0.3682250350372594516 ) ) ;
#402 = ORIENTED_EDGE ( 'NONE', *, *, #7182, .T. ) ;
#403 = FACE_OUTER_BOUND ( 'NONE', #2994, .T. ) ;
#404 =( LENGTH_UNIT ( ) NAMED_UNIT ( * ) SI_UNIT ( .MILLI., .METRE. ) );
#405 =( GEOMETRIC_REPRESENTATION_CONTEXT ( 3 ) GLOBAL_UNCERTAINTY_ASSIGNED_CONTEXT ( ( #5447 ) ) GLOBAL_UNIT_ASSIGNED_CONTEXT ( ( #9976, #1658, #4203 ) ) REPRESENTATION_CONTEXT ( 'NONE', 'WORKASPACE' ) );
#406 = SURFACE_STYLE_USAGE ( .BOTH. , #4527 ) ;
#407 = CARTESIAN_POINT ( 'NONE',  ( -0.1249999999999998890, 2.049999999999999822, -0.1000000000000000056 ) ) ;
#408 = AXIS2_PLACEMENT_3D ( 'NONE', #6860, #1931, #1024 ) ;
#409 = STYLED_ITEM ( 'NONE', ( #510 ), #1621 ) ;
#410 = UNCERTAINTY_MEASURE_WITH_UNIT (LENGTH_MEASURE( 1.000000000000000082E-05 ), #7162, 'distance_accuracy_value', 'NONE');
#411 = LINE ( 'NONE', #1989, #2771 ) ;
#412 = FILL_AREA_STYLE ('',( #10362 ) ) ;
#413 = CARTESIAN_POINT ( 'NONE',  ( -0.7749999999999999112, 2.552580984647486062, -0.3682250350372596737 ) ) ;
#414 = EDGE_LOOP ( 'NONE', ( #2770, #2478, #9684, #6084 ) ) ;
#415 = DIRECTION ( 'NONE',  ( -1.000000000000000000, -0.000000000000000000, -0.000000000000000000 ) ) ;
#416 = CARTESIAN_POINT ( 'NONE',  ( -0.1249999999999998890, -2.135474103490985875, -0.1480945317677201667 ) ) ;
#417 = CARTESIAN_POINT ( 'NONE',  ( 2.449998880753507358, -1.875409738600887444, -0.1000106489190370068 ) ) ;
#418 = ORIENTED_EDGE ( 'NONE', *, *, #2113, .F. ) ;
#419 = DIRECTION ( 'NONE',  ( 0.000000000000000000, 0.000000000000000000, -1.000000000000000000 ) ) ;
#420 = SURFACE_SIDE_STYLE ('',( #7163 ) ) ;
#421 = DIRECTION ( 'NONE',  ( 0.000000000000000000, -0.8547410349098605309, -0.5190546823227980555 ) ) ;
#422 = SURFACE_STYLE_FILL_AREA ( #487 ) ;
#423 = CARTESIAN_POINT ( 'NONE',  ( -1.424999999999999822, -2.277216163946027105, 0.003810936464559766534 ) ) ;
#424 = CARTESIAN_POINT ( 'NONE',  ( -1.424999999999999822, -2.277216163946027105, 0.003810936464559820311 ) ) ;
#425 = EDGE_CURVE ( 'NONE', #3904, #2108, #1345, .T. ) ;
#426 = COLOUR_RGB ( '',0.8039215686274510109, 0.8039215686274510109, 0.8039215686274510109 ) ;
#427 = PRESENTATION_STYLE_ASSIGNMENT (( #6239 ) ) ;
#428 = CARTESIAN_POINT ( 'NONE',  ( 2.335172790808107468, -1.909761932960727382, 0.4828396347450739645 ) ) ;
#429 = EDGE_LOOP ( 'NONE', ( #200, #3400, #6410, #5986 ) ) ;
#430 = ADVANCED_FACE ( 'NONE', ( #9782 ), #4554, .T. ) ;
#431 = LINE ( 'NONE', #9611, #8349 ) ;
#432 =( GEOMETRIC_REPRESENTATION_CONTEXT ( 3 ) GLOBAL_UNCERTAINTY_ASSIGNED_CONTEXT ( ( #1358 ) ) GLOBAL_UNIT_ASSIGNED_CONTEXT ( ( #250, #4214, #3604 ) ) REPRESENTATION_CONTEXT ( 'NONE', 'WORKASPACE' ) );
#433 =( LENGTH_UNIT ( ) NAMED_UNIT ( * ) SI_UNIT ( .MILLI., .METRE. ) );
#434 = VECTOR ( 'NONE', #6024, 1000.000000000000000 ) ;
#435 = CARTESIAN_POINT ( 'NONE',  ( -1.824999999999999734, 2.330000000000000071, -0.4684254559678819319 ) ) ;
#436 = AXIS2_PLACEMENT_3D ( 'NONE', #7803, #9345, #8617 ) ;
#437 = ORIENTED_EDGE ( 'NONE', *, *, #9333, .F. ) ;
#438 = COLOUR_RGB ( '',0.8039215686274510109, 0.8039215686274510109, 0.8039215686274510109 ) ;
#439 =( NAMED_UNIT ( * ) SI_UNIT ( $, .STERADIAN. ) SOLID_ANGLE_UNIT ( ) );
#440 = VECTOR ( 'NONE', #2805, 1000.000000000000227 ) ;
#441 = CARTESIAN_POINT ( 'NONE',  ( -2.335172790808107468, -1.835172790808106802, 0.4749999999999999223 ) ) ;
#442 = CARTESIAN_POINT ( 'NONE',  ( 2.335172790808107024, 1.835172790808107690, 0.4749999999999999223 ) ) ;
#443 = CARTESIAN_POINT ( 'NONE',  ( 1.175000000000000044, -2.277216163946027105, 0.003810936464559766534 ) ) ;
#444 = EDGE_LOOP ( 'NONE', ( #7919, #8842, #2475, #10046, #1186, #7496 ) ) ;
#445 = AXIS2_PLACEMENT_3D ( 'NONE', #347, #7079, #184 ) ;
#446 = SURFACE_STYLE_FILL_AREA ( #611 ) ;
#447 = VERTEX_POINT ( 'NONE', #8845 ) ;
#448 = MECHANICAL_DESIGN_GEOMETRIC_PRESENTATION_REPRESENTATION (  '', ( #5176 ), #2416 ) ;
#449 = AXIS2_PLACEMENT_3D ( 'NONE', #4156, #6865, #6770 ) ;
#450 = PLANE ( 'NONE',  #6825 ) ;
#451 = CIRCLE ( 'NONE', #7643, 0.09999999999999982514 ) ;
#452 = CARTESIAN_POINT ( 'NONE',  ( -1.824999999999999734, 3.000000000000000000, -0.3995116203837655866 ) ) ;
#453 = CIRCLE ( 'NONE', #8880, 0.1000000000000000194 ) ;
#454 = UNCERTAINTY_MEASURE_WITH_UNIT (LENGTH_MEASURE( 1.000000000000000082E-05 ), #10487, 'distance_accuracy_value', 'NONE');
#455 = VERTEX_POINT ( 'NONE', #4660 ) ;
#456 = COLOUR_RGB ( '',0.8039215686274510109, 0.8039215686274510109, 0.8039215686274510109 ) ;
#457 = FILL_AREA_STYLE_COLOUR ( '', #4957 ) ;
#458 = VECTOR ( 'NONE', #8932, 1000.000000000000000 ) ;
#459 = VECTOR ( 'NONE', #6438, 1000.000000000000000 ) ;
#460 = CARTESIAN_POINT ( 'NONE',  ( 2.449760935694445418, 1.918963392251841205, -0.1022745449310358962 ) ) ;
#461 =( GEOMETRIC_REPRESENTATION_CONTEXT ( 3 ) GLOBAL_UNCERTAINTY_ASSIGNED_CONTEXT ( ( #5346 ) ) GLOBAL_UNIT_ASSIGNED_CONTEXT ( ( #9486, #9540, #3507 ) ) REPRESENTATION_CONTEXT ( 'NONE', 'WORKASPACE' ) );
#462 =( LENGTH_UNIT ( ) NAMED_UNIT ( * ) SI_UNIT ( .MILLI., .METRE. ) );
#463 = ORIENTED_EDGE ( 'NONE', *, *, #4754, .T. ) ;
#464 = SURFACE_STYLE_USAGE ( .BOTH. , #7261 ) ;
#466 = SURFACE_SIDE_STYLE ('',( #2314 ) ) ;
#465 =( LENGTH_UNIT ( ) NAMED_UNIT ( * ) SI_UNIT ( .MILLI., .METRE. ) );
#467 = EDGE_CURVE ( 'NONE', #10824, #343, #1842, .T. ) ;
#468 = ADVANCED_FACE ( 'NONE', ( #6353 ), #9723, .T. ) ;
#469 = PLANE ( 'NONE',  #6752 ) ;
#470 = CARTESIAN_POINT ( 'NONE',  ( -1.824999999999999734, -2.277216163946027105, 0.003810936464559766534 ) ) ;
#471 =( NAMED_UNIT ( * ) SI_UNIT ( $, .STERADIAN. ) SOLID_ANGLE_UNIT ( ) );
#472 = SURFACE_SIDE_STYLE ('',( #7987 ) ) ;
#473 = COLOUR_RGB ( '',0.8039215686274510109, 0.8039215686274510109, 0.8039215686274510109 ) ;
#474 = DIRECTION ( 'NONE',  ( -0.000000000000000000, -0.000000000000000000, 1.000000000000000000 ) ) ;
#475 = EDGE_CURVE ( 'NONE', #3942, #6433, #10823, .T. ) ;
#476 = VECTOR ( 'NONE', #1142, 1000.000000000000000 ) ;
#477 = FACE_OUTER_BOUND ( 'NONE', #1267, .T. ) ;
#478 = LINE ( 'NONE', #529, #5036 ) ;
#479 = DIRECTION ( 'NONE',  ( -1.000000000000000000, -0.000000000000000000, -0.000000000000000000 ) ) ;
#480 =( LENGTH_UNIT ( ) NAMED_UNIT ( * ) SI_UNIT ( .MILLI., .METRE. ) );
#481 = DIRECTION ( 'NONE',  ( -0.000000000000000000, -1.000000000000000000, -0.000000000000000000 ) ) ;
#482 =( GEOMETRIC_REPRESENTATION_CONTEXT ( 3 ) GLOBAL_UNCERTAINTY_ASSIGNED_CONTEXT ( ( #6973 ) ) GLOBAL_UNIT_ASSIGNED_CONTEXT ( ( #8648, #8556, #4366 ) ) REPRESENTATION_CONTEXT ( 'NONE', 'WORKASPACE' ) );
#483 = ORIENTED_EDGE ( 'NONE', *, *, #1158, .F. ) ;
#484 = AXIS2_PLACEMENT_3D ( 'NONE', #5232, #3689, #6115 ) ;
#485 =( NAMED_UNIT ( * ) PLANE_ANGLE_UNIT ( ) SI_UNIT ( $, .RADIAN. ) );
#486 = CARTESIAN_POINT ( 'NONE',  ( -0.7749999999999999112, -2.106267956964054999, -0.09999999999999999167 ) ) ;
#487 = FILL_AREA_STYLE ('',( #4429 ) ) ;
#488 = DIRECTION ( 'NONE',  ( 0.000000000000000000, 1.000000000000000000, 0.000000000000000000 ) ) ;
#489 =( LENGTH_UNIT ( ) NAMED_UNIT ( * ) SI_UNIT ( .MILLI., .METRE. ) );
#490 = CARTESIAN_POINT ( 'NONE',  ( -0.7749999999999999112, -2.049999999999999822, -0.1000000000000000056 ) ) ;
#491 = DIRECTION ( 'NONE',  ( 0.000000000000000000, 0.8547410349098605309, -0.5190546823227980555 ) ) ;
#492 = ORIENTED_EDGE ( 'NONE', *, *, #10833, .T. ) ;
#493 = SURFACE_SIDE_STYLE ('',( #9547 ) ) ;
#494 = ORIENTED_EDGE ( 'NONE', *, *, #8778, .T. ) ;
#495 = LINE ( 'NONE', #9055, #7641 ) ;
#496 = ADVANCED_FACE ( 'NONE', ( #4993 ), #10665, .T. ) ;
#497 = FILL_AREA_STYLE ('',( #8192 ) ) ;
#498 = VERTEX_POINT ( 'NONE', #5654 ) ;
#499 = CIRCLE ( 'NONE', #4698, 0.1000000000000000194 ) ;
#500 = SURFACE_STYLE_USAGE ( .BOTH. , #8124 ) ;
#501 = CARTESIAN_POINT ( 'NONE',  ( 2.075000000000000178, -2.049999999999999822, -0.1000000000000000056 ) ) ;
#502 = FACE_OUTER_BOUND ( 'NONE', #10042, .T. ) ;
#503 = VERTEX_POINT ( 'NONE', #10715 ) ;
#504 = CARTESIAN_POINT ( 'NONE',  ( -1.424999999999999822, -2.049999999999999822, -0.1000000000000000056 ) ) ;
#505 = DIRECTION ( 'NONE',  ( 0.000000000000000000, -0.5190546823227978335, 0.8547410349098604199 ) ) ;
#506 = ORIENTED_EDGE ( 'NONE', *, *, #7355, .T. ) ;
#507 = CARTESIAN_POINT ( 'NONE',  ( -0.1249999999999998890, -2.552580984647486062, -0.3682250350372596737 ) ) ;
#508 = EDGE_CURVE ( 'NONE', #7051, #2141, #4836, .T. ) ;
#509 = SURFACE_STYLE_USAGE ( .BOTH. , #2186 ) ;
#510 = PRESENTATION_STYLE_ASSIGNMENT (( #10347 ) ) ;
#511 = ADVANCED_FACE ( 'NONE', ( #9953 ), #7476, .F. ) ;
#512 = SURFACE_SIDE_STYLE ('',( #8856 ) ) ;
#513 = ORIENTED_EDGE ( 'NONE', *, *, #3729, .F. ) ;
#514 = CARTESIAN_POINT ( 'NONE',  ( 1.175000000000000044, -2.330000000000000071, -0.4684254559678819319 ) ) ;
#515 = CARTESIAN_POINT ( 'NONE',  ( -1.424999999999999822, 1.949999999999999512, -0.1000000000000000056 ) ) ;
#516 = CARTESIAN_POINT ( 'NONE',  ( -0.1249999999999998890, 2.486996912233147228, -0.5641273295552871048 ) ) ;
#517 = VERTEX_POINT ( 'NONE', #8572 ) ;
#518 = CARTESIAN_POINT ( 'NONE',  ( -1.945172790808107344, -1.445172790808107122, 0.5499999999999999334 ) ) ;
#519 = PLANE ( 'NONE',  #1280 ) ;
#520 = ORIENTED_EDGE ( 'NONE', *, *, #1727, .T. ) ;
#521 =( NAMED_UNIT ( * ) SI_UNIT ( $, .STERADIAN. ) SOLID_ANGLE_UNIT ( ) );
#522 = CARTESIAN_POINT ( 'NONE',  ( 1.824999999999999956, 2.049999999999999822, -0.1000000000000000056 ) ) ;
#523 = PRESENTATION_STYLE_ASSIGNMENT (( #8050 ) ) ;
#524 = FILL_AREA_STYLE_COLOUR ( '', #10323 ) ;
#525 =( LENGTH_UNIT ( ) NAMED_UNIT ( * ) SI_UNIT ( .MILLI., .METRE. ) );
#526 = PRODUCT_DEFINITION ( 'UNKNOWN', '', #9001, #1243 ) ;
#527 = UNCERTAINTY_MEASURE_WITH_UNIT (LENGTH_MEASURE( 1.000000000000000082E-05 ), #6010, 'distance_accuracy_value', 'NONE');
#528 =( LENGTH_UNIT ( ) NAMED_UNIT ( * ) SI_UNIT ( .MILLI., .METRE. ) );
#529 = CARTESIAN_POINT ( 'NONE',  ( 0.1250000000000001110, 3.000000000000000000, -0.6000000000000000888 ) ) ;
#530 = SURFACE_SIDE_STYLE ('',( #6386 ) ) ;
#531 = DIRECTION ( 'NONE',  ( 1.000000000000000000, 0.000000000000000000, 0.000000000000000000 ) ) ;
#532 = FILL_AREA_STYLE ('',( #2156 ) ) ;
#533 = ORIENTED_EDGE ( 'NONE', *, *, #6362, .F. ) ;
#534 = ADVANCED_FACE ( 'NONE', ( #5932 ), #2724, .T. ) ;
#535 =( LENGTH_UNIT ( ) NAMED_UNIT ( * ) SI_UNIT ( .MILLI., .METRE. ) );
#536 = AXIS2_PLACEMENT_3D ( 'NONE', #4667, #7419, #5552 ) ;
#537 = CARTESIAN_POINT ( 'NONE',  ( -2.074999999999999734, -2.277216163946027105, 0.003810936464559766534 ) ) ;
#538 = EDGE_CURVE ( 'NONE', #498, #503, #5662, .T. ) ;
#539 = UNCERTAINTY_MEASURE_WITH_UNIT (LENGTH_MEASURE( 1.000000000000000082E-05 ), #10184, 'distance_accuracy_value', 'NONE');
#540 =( BOUNDED_CURVE ( )  B_SPLINE_CURVE ( 3, ( #7874, #10234, #1968, #4351 ),
 .UNSPECIFIED., .F., .T. ) 
 B_SPLINE_CURVE_WITH_KNOTS ( ( 4, 4 ),
 ( 3.136129445068257304, 3.141592653589793116 ),
 .UNSPECIFIED. ) 
 CURVE ( )  GEOMETRIC_REPRESENTATION_ITEM ( )  RATIONAL_B_SPLINE_CURVE ( ( 1.000000000000000000, 0.9999975127809339615, 0.9999975127809339615, 1.000000000000000000 ) ) 
 REPRESENTATION_ITEM ( '' )  );
#541 = CARTESIAN_POINT ( 'NONE',  ( 1.824999999999999956, 1.949999999999999512, 0.1000000000000000056 ) ) ;
#542 =( NAMED_UNIT ( * ) SI_UNIT ( $, .STERADIAN. ) SOLID_ANGLE_UNIT ( ) );
#543 = ORIENTED_EDGE ( 'NONE', *, *, #538, .T. ) ;
#544 = SURFACE_STYLE_USAGE ( .BOTH. , #6734 ) ;
#545 = ORIENTED_EDGE ( 'NONE', *, *, #7493, .F. ) ;
#546 =( NAMED_UNIT ( * ) SI_UNIT ( $, .STERADIAN. ) SOLID_ANGLE_UNIT ( ) );
#547 = ORIENTED_EDGE ( 'NONE', *, *, #680, .T. ) ;
#548 = EDGE_LOOP ( 'NONE', ( #3776, #2510, #2538, #1908 ) ) ;
#549 = SURFACE_SIDE_STYLE ('',( #677 ) ) ;
#550 = DIRECTION ( 'NONE',  ( 1.000000000000000000, -0.000000000000000000, 0.000000000000000000 ) ) ;
#551 = DIRECTION ( 'NONE',  ( -0.000000000000000000, 0.000000000000000000, -1.000000000000000000 ) ) ;
#552 = DIRECTION ( 'NONE',  ( -1.000000000000000000, -0.000000000000000000, -0.000000000000000000 ) ) ;
#553 = FILL_AREA_STYLE ('',( #8075 ) ) ;
#554 = ORIENTED_EDGE ( 'NONE', *, *, #1394, .T. ) ;
#555 = FILL_AREA_STYLE_COLOUR ( '', #8670 ) ;
#556 = ORIENTED_EDGE ( 'NONE', *, *, #8398, .F. ) ;
#557 = CARTESIAN_POINT ( 'NONE',  ( -0.1249999999999998890, -2.486996912233147228, -0.5641273295552871048 ) ) ;
#558 = AXIS2_PLACEMENT_3D ( 'NONE', #4621, #2418, #8045 ) ;
#559 = FILL_AREA_STYLE_COLOUR ( '', #1808 ) ;
#560 = UNCERTAINTY_MEASURE_WITH_UNIT (LENGTH_MEASURE( 1.000000000000000082E-05 ), #7848, 'distance_accuracy_value', 'NONE');
#561 = VERTEX_POINT ( 'NONE', #7799 ) ;
#562 = VECTOR ( 'NONE', #384, 1000.000000000000000 ) ;
#563 = DIRECTION ( 'NONE',  ( -0.000000000000000000, -0.000000000000000000, -1.000000000000000000 ) ) ;
#564 = CARTESIAN_POINT ( 'NONE',  ( -0.7749999999999999112, 2.552580984647486062, -0.3682250350372594516 ) ) ;
#565 = ORIENTED_EDGE ( 'NONE', *, *, #2009, .F. ) ;
#567 = CARTESIAN_POINT ( 'NONE',  ( -1.424999999999999822, 2.049999999999999822, -0.2000000000000000111 ) ) ;
#566 = DIRECTION ( 'NONE',  ( 0.000000000000000000, 0.9975640502598241977, 0.06975647374412538571 ) ) ;
#568 = ORIENTED_EDGE ( 'NONE', *, *, #157, .T. ) ;
#569 = VECTOR ( 'NONE', #6037, 1000.000000000000000 ) ;
#570 = EDGE_CURVE ( 'NONE', #101, #2675, #10213, .T. ) ;
#571 = DIRECTION ( 'NONE',  ( 1.000000000000000000, 0.000000000000000000, 0.000000000000000000 ) ) ;
#572 = CIRCLE ( 'NONE', #2007, 0.2000000000000000389 ) ;
#573 = SURFACE_SIDE_STYLE ('',( #2203 ) ) ;
#574 = UNCERTAINTY_MEASURE_WITH_UNIT (LENGTH_MEASURE( 1.000000000000000082E-05 ), #9632, 'distance_accuracy_value', 'NONE');
#575 = AXIS2_PLACEMENT_3D ( 'NONE', #2346, #8248, #4118 ) ;
#576 = SURFACE_STYLE_USAGE ( .BOTH. , #6382 ) ;
#577 = VECTOR ( 'NONE', #4935, 1000.000000000000000 ) ;
#578 = DIRECTION ( 'NONE',  ( 0.000000000000000000, 0.000000000000000000, 1.000000000000000000 ) ) ;
#579 =( NAMED_UNIT ( * ) PLANE_ANGLE_UNIT ( ) SI_UNIT ( $, .RADIAN. ) );
#580 = CARTESIAN_POINT ( 'NONE',  ( 2.375409738600887000, 1.949998880753508690, 0.1000106489190369513 ) ) ;
#581 = LINE ( 'NONE', #9757, #1480 ) ;
#582 = ORIENTED_EDGE ( 'NONE', *, *, #2296, .F. ) ;
#583 = MECHANICAL_DESIGN_GEOMETRIC_PRESENTATION_REPRESENTATION (  '', ( #4428 ), #405 ) ;
#584 = SURFACE_STYLE_USAGE ( .BOTH. , #7393 ) ;
#585 = ORIENTED_EDGE ( 'NONE', *, *, #6594, .F. ) ;
#586 =( NAMED_UNIT ( * ) SI_UNIT ( $, .STERADIAN. ) SOLID_ANGLE_UNIT ( ) );
#587 = CIRCLE ( 'NONE', #5844, 0.07499999999999998335 ) ;
#588 = MECHANICAL_DESIGN_GEOMETRIC_PRESENTATION_REPRESENTATION (  '', ( #409 ), #8829 ) ;
#589 = COLOUR_RGB ( '',0.8039215686274510109, 0.8039215686274510109, 0.8039215686274510109 ) ;
#590 = SURFACE_STYLE_USAGE ( .BOTH. , #1500 ) ;
#591 = CARTESIAN_POINT ( 'NONE',  ( 0.7750000000000001332, -1.949999999999999512, 0.1000000000000000056 ) ) ;
#592 =( NAMED_UNIT ( * ) PLANE_ANGLE_UNIT ( ) SI_UNIT ( $, .RADIAN. ) );
#593 = LINE ( 'NONE', #8242, #3574 ) ;
#594 = MECHANICAL_DESIGN_GEOMETRIC_PRESENTATION_REPRESENTATION (  '', ( #9893 ), #5680 ) ;
#595 = ORIENTED_EDGE ( 'NONE', *, *, #6689, .F. ) ;
#596 = SURFACE_STYLE_USAGE ( .BOTH. , #10086 ) ;
#597 = VECTOR ( 'NONE', #8223, 1000.000000000000000 ) ;
#598 = ORIENTED_EDGE ( 'NONE', *, *, #10574, .F. ) ;
#599 = ORIENTED_EDGE ( 'NONE', *, *, #7935, .T. ) ;
#600 = EDGE_CURVE ( 'NONE', #4918, #8065, #4383, .T. ) ;
#601 = ADVANCED_FACE ( 'NONE', ( #8461 ), #1002, .F. ) ;
#602 = LINE ( 'NONE', #7235, #6490 ) ;
#603 = CIRCLE ( 'NONE', #8329, 0.1000000000000000194 ) ;
#604 = CYLINDRICAL_SURFACE ( 'NONE', #3603, 0.2000000000000000389 ) ;
#605 = EDGE_CURVE ( 'NONE', #4068, #7695, #939, .T. ) ;
#606 = AXIS2_PLACEMENT_3D ( 'NONE', #1059, #5382, #3635 ) ;
#607 = CARTESIAN_POINT ( 'NONE',  ( 2.075000000000000178, -2.049999999999999822, -0.2000000000000000111 ) ) ;
#608 = DIRECTION ( 'NONE',  ( 1.000000000000000000, 0.000000000000000000, 0.000000000000000000 ) ) ;
#609 = ORIENTED_EDGE ( 'NONE', *, *, #10483, .F. ) ;
#610 = STYLED_ITEM ( 'NONE', ( #3659 ), #6878 ) ;
#611 = FILL_AREA_STYLE ('',( #555 ) ) ;
#612 = CARTESIAN_POINT ( 'NONE',  ( -2.074999999999999734, -2.500948206981972177, -0.3646145195033222430 ) ) ;
#613 = VERTEX_POINT ( 'NONE', #2002 ) ;
#614 = COLOUR_RGB ( '',0.8039215686274510109, 0.8039215686274510109, 0.8039215686274510109 ) ;
#615 = FACE_OUTER_BOUND ( 'NONE', #4762, .T. ) ;
#616 = DIRECTION ( 'NONE',  ( 1.000000000000000000, -0.000000000000000000, 0.000000000000000000 ) ) ;
#617 = VECTOR ( 'NONE', #7532, 1000.000000000000000 ) ;
#618 = AXIS2_PLACEMENT_3D ( 'NONE', #8548, #5953, #10146 ) ;
#619 = PLANE ( 'NONE',  #4633 ) ;
#620 = ORIENTED_EDGE ( 'NONE', *, *, #9492, .F. ) ;
#621 = SURFACE_STYLE_USAGE ( .BOTH. , #2308 ) ;
#622 = VECTOR ( 'NONE', #8361, 1000.000000000000000 ) ;
#623 = COLOUR_RGB ( '',0.8039215686274510109, 0.8039215686274510109, 0.8039215686274510109 ) ;
#624 = CARTESIAN_POINT ( 'NONE',  ( 1.425000000000000044, 2.552580984647486062, -0.3682250350372594516 ) ) ;
#625 = DIRECTION ( 'NONE',  ( 0.1039620511844979167, 0.1039620511844979583, 0.9891328443778538704 ) ) ;
#626 = VECTOR ( 'NONE', #8290, 1000.000000000000227 ) ;
#627 = CARTESIAN_POINT ( 'NONE',  ( -2.375273160256225591, 1.949999626916908868, 0.1000035496485076197 ) ) ;
#628 = ORIENTED_EDGE ( 'NONE', *, *, #1497, .F. ) ;
#629 = DIRECTION ( 'NONE',  ( 0.000000000000000000, 0.000000000000000000, -1.000000000000000000 ) ) ;
#631 = FACE_OUTER_BOUND ( 'NONE', #4557, .T. ) ;
#630 = PLANE ( 'NONE',  #10555 ) ;
#632 = AXIS2_PLACEMENT_3D ( 'NONE', #2327, #4917, #654 ) ;
#633 = ORIENTED_EDGE ( 'NONE', *, *, #7138, .T. ) ;
#634 = AXIS2_PLACEMENT_3D ( 'NONE', #320, #9488, #2987 ) ;
#635 = STYLED_ITEM ( 'NONE', ( #3001 ), #7622 ) ;
#636 = SURFACE_SIDE_STYLE ('',( #5562 ) ) ;
#637 = VECTOR ( 'NONE', #7575, 1000.000000000000000 ) ;
#638 = CARTESIAN_POINT ( 'NONE',  ( 1.175000000000000044, -2.049999999999999822, -0.2000000000000000111 ) ) ;
#639 = EDGE_CURVE ( 'NONE', #4204, #4425, #7578, .T. ) ;
#640 = FACE_OUTER_BOUND ( 'NONE', #10422, .T. ) ;
#641 =( GEOMETRIC_REPRESENTATION_CONTEXT ( 3 ) GLOBAL_UNCERTAINTY_ASSIGNED_CONTEXT ( ( #8254 ) ) GLOBAL_UNIT_ASSIGNED_CONTEXT ( ( #5446, #8817, #4626 ) ) REPRESENTATION_CONTEXT ( 'NONE', 'WORKASPACE' ) );
#642 =( GEOMETRIC_REPRESENTATION_CONTEXT ( 3 ) GLOBAL_UNCERTAINTY_ASSIGNED_CONTEXT ( ( #6810 ) ) GLOBAL_UNIT_ASSIGNED_CONTEXT ( ( #6316, #10409, #5284 ) ) REPRESENTATION_CONTEXT ( 'NONE', 'WORKASPACE' ) );
#643 = VERTEX_POINT ( 'NONE', #3407 ) ;
#644 =( LENGTH_UNIT ( ) NAMED_UNIT ( * ) SI_UNIT ( .MILLI., .METRE. ) );
#645 = AXIS2_PLACEMENT_3D ( 'NONE', #9622, #1017, #7068 ) ;
#646 = VECTOR ( 'NONE', #41, 1000.000000000000000 ) ;
#647 = CIRCLE ( 'NONE', #6407, 0.09999999999999982514 ) ;
#648 = DIRECTION ( 'NONE',  ( 1.000000000000000000, 0.000000000000000000, 0.000000000000000000 ) ) ;
#649 = DIRECTION ( 'NONE',  ( 0.000000000000000000, -0.000000000000000000, 1.000000000000000000 ) ) ;
#650 = SURFACE_SIDE_STYLE ('',( #8161 ) ) ;
#651 = SURFACE_SIDE_STYLE ('',( #10696 ) ) ;
#652 = EDGE_LOOP ( 'NONE', ( #7148, #4561, #8978, #545 ) ) ;
#653 = STYLED_ITEM ( 'NONE', ( #2722 ), #4555 ) ;
#654 = DIRECTION ( 'NONE',  ( 0.000000000000000000, 0.000000000000000000, 1.000000000000000000 ) ) ;
#655 = AXIS2_PLACEMENT_3D ( 'NONE', #1292, #10504, #5268 ) ;
#656 = ORIENTED_EDGE ( 'NONE', *, *, #4058, .F. ) ;
#657 = VECTOR ( 'NONE', #8306, 1000.000000000000000 ) ;
#658 =( GEOMETRIC_REPRESENTATION_CONTEXT ( 3 ) GLOBAL_UNCERTAINTY_ASSIGNED_CONTEXT ( ( #6600 ) ) GLOBAL_UNIT_ASSIGNED_CONTEXT ( ( #1066, #6961, #4300 ) ) REPRESENTATION_CONTEXT ( 'NONE', 'WORKASPACE' ) );
#659 = FILL_AREA_STYLE ('',( #9981 ) ) ;
#660 = ADVANCED_FACE ( 'NONE', ( #7740 ), #208, .T. ) ;
#661 = DIRECTION ( 'NONE',  ( 1.000000000000000000, 0.000000000000000000, 0.000000000000000000 ) ) ;
#662 = SURFACE_SIDE_STYLE ('',( #8060 ) ) ;
#663 = CIRCLE ( 'NONE', #6768, 0.09999999999999982514 ) ;
#664 =( NAMED_UNIT ( * ) SI_UNIT ( $, .STERADIAN. ) SOLID_ANGLE_UNIT ( ) );
#665 = UNCERTAINTY_MEASURE_WITH_UNIT (LENGTH_MEASURE( 1.000000000000000082E-05 ), #3159, 'distance_accuracy_value', 'NONE');
#666 = LINE ( 'NONE', #8111, #2625 ) ;
#667 = SURFACE_STYLE_FILL_AREA ( #2496 ) ;
#668 = FACE_OUTER_BOUND ( 'NONE', #4854, .T. ) ;
#669 = VERTEX_POINT ( 'NONE', #4543 ) ;
#670 = VECTOR ( 'NONE', #4256, 1000.000000000000000 ) ;
#671 = CARTESIAN_POINT ( 'NONE',  ( 2.449999999999998845, -1.949999999999999512, 0.1000000000000000056 ) ) ;
#672 = VERTEX_POINT ( 'NONE', #1399 ) ;
#673 =( GEOMETRIC_REPRESENTATION_CONTEXT ( 3 ) GLOBAL_UNCERTAINTY_ASSIGNED_CONTEXT ( ( #3076 ) ) GLOBAL_UNIT_ASSIGNED_CONTEXT ( ( #9424, #2749, #6964 ) ) REPRESENTATION_CONTEXT ( 'NONE', 'WORKASPACE' ) );
#674 = FACE_OUTER_BOUND ( 'NONE', #6836, .T. ) ;
#675 = ORIENTED_EDGE ( 'NONE', *, *, #10205, .T. ) ;
#676 = VERTEX_POINT ( 'NONE', #428 ) ;
#677 = SURFACE_STYLE_FILL_AREA ( #497 ) ;
#678 = FILL_AREA_STYLE_COLOUR ( '', #8873 ) ;
#679 = DIRECTION ( 'NONE',  ( -1.000000000000000000, -0.000000000000000000, 0.000000000000000000 ) ) ;
#680 = EDGE_CURVE ( 'NONE', #6601, #455, #5466, .T. ) ;
#681 = DIRECTION ( 'NONE',  ( 0.000000000000000000, 0.000000000000000000, -1.000000000000000000 ) ) ;
#682 = EDGE_LOOP ( 'NONE', ( #565, #10697, #7330, #568 ) ) ;
#683 = SURFACE_SIDE_STYLE ('',( #8203 ) ) ;
#684 = FACE_OUTER_BOUND ( 'NONE', #9122, .T. ) ;
#685 = VERTEX_POINT ( 'NONE', #3881 ) ;
#686 = DIRECTION ( 'NONE',  ( 1.000000000000000000, 0.000000000000000000, 0.000000000000000000 ) ) ;
#687 = DIRECTION ( 'NONE',  ( 0.000000000000000000, 0.000000000000000000, -1.000000000000000000 ) ) ;
#688 = UNCERTAINTY_MEASURE_WITH_UNIT (LENGTH_MEASURE( 1.000000000000000082E-05 ), #1068, 'distance_accuracy_value', 'NONE');
#689 = VECTOR ( 'NONE', #10469, 1000.000000000000000 ) ;
#690 =( NAMED_UNIT ( * ) PLANE_ANGLE_UNIT ( ) SI_UNIT ( $, .RADIAN. ) );
#691 = ORIENTED_EDGE ( 'NONE', *, *, #8419, .T. ) ;
#692 =( LENGTH_UNIT ( ) NAMED_UNIT ( * ) SI_UNIT ( .MILLI., .METRE. ) );
#693 = EDGE_CURVE ( 'NONE', #10824, #9119, #3042, .T. ) ;
#694 =( NAMED_UNIT ( * ) PLANE_ANGLE_UNIT ( ) SI_UNIT ( $, .RADIAN. ) );
#695 = DIRECTION ( 'NONE',  ( 0.000000000000000000, 1.000000000000000000, 0.000000000000000000 ) ) ;
#696 = VERTEX_POINT ( 'NONE', #9709 ) ;
#697 =( NAMED_UNIT ( * ) PLANE_ANGLE_UNIT ( ) SI_UNIT ( $, .RADIAN. ) );
#699 = DIRECTION ( 'NONE',  ( 0.000000000000000000, 0.000000000000000000, -1.000000000000000000 ) ) ;
#698 = SURFACE_SIDE_STYLE ('',( #9033 ) ) ;
#700 = ORIENTED_EDGE ( 'NONE', *, *, #6629, .T. ) ;
#701 = LINE ( 'NONE', #8048, #4629 ) ;
#702 = FILL_AREA_STYLE ('',( #9804 ) ) ;
#703 = AXIS2_PLACEMENT_3D ( 'NONE', #3473, #8471, #332 ) ;
#704 = CARTESIAN_POINT ( 'NONE',  ( 1.175000000000000044, -2.552580984647486062, -0.3682250350372594516 ) ) ;
#705 = UNCERTAINTY_MEASURE_WITH_UNIT (LENGTH_MEASURE( 1.000000000000000082E-05 ), #535, 'distance_accuracy_value', 'NONE');
#706 = ORIENTED_EDGE ( 'NONE', *, *, #7886, .T. ) ;
#707 = PLANE ( 'NONE',  #8534 ) ;
#708 = FACE_OUTER_BOUND ( 'NONE', #8114, .T. ) ;
#709 = CARTESIAN_POINT ( 'NONE',  ( 0.1250000000000001110, 2.277216163946027105, 0.003810936464559766534 ) ) ;
#710 = EDGE_CURVE ( 'NONE', #2005, #335, #9608, .T. ) ;
#711 =( NAMED_UNIT ( * ) PLANE_ANGLE_UNIT ( ) SI_UNIT ( $, .RADIAN. ) );
#712 = ORIENTED_EDGE ( 'NONE', *, *, #9617, .T. ) ;
#713 = SURFACE_STYLE_FILL_AREA ( #3833 ) ;
#714 = FILL_AREA_STYLE_COLOUR ( '', #2206 ) ;
#715 = DIRECTION ( 'NONE',  ( 1.000000000000000000, 0.000000000000000000, 0.000000000000000000 ) ) ;
#716 = FILL_AREA_STYLE_COLOUR ( '', #7502 ) ;
#717 = FILL_AREA_STYLE_COLOUR ( '', #271 ) ;
#718 = SURFACE_STYLE_FILL_AREA ( #3192 ) ;
#719 = DIRECTION ( 'NONE',  ( -1.000000000000000000, -0.000000000000000000, -0.000000000000000000 ) ) ;
#720 = DIRECTION ( 'NONE',  ( 0.000000000000000000, 0.000000000000000000, -1.000000000000000000 ) ) ;
#721 = VERTEX_POINT ( 'NONE', #6404 ) ;
#722 = EDGE_CURVE ( 'NONE', #2883, #6516, #7267, .T. ) ;
#723 = VERTEX_POINT ( 'NONE', #3830 ) ;
#724 =( LENGTH_UNIT ( ) NAMED_UNIT ( * ) SI_UNIT ( .MILLI., .METRE. ) );
#725 = VECTOR ( 'NONE', #7310, 1000.000000000000000 ) ;
#726 = VERTEX_POINT ( 'NONE', #7170 ) ;
#727 = ADVANCED_FACE ( 'NONE', ( #2166 ), #2118, .F. ) ;
#728 = ORIENTED_EDGE ( 'NONE', *, *, #165, .T. ) ;
#729 = DIRECTION ( 'NONE',  ( 0.000000000000000000, -0.9945218953682732899, 0.1045284632676537068 ) ) ;
#730 = UNCERTAINTY_MEASURE_WITH_UNIT (LENGTH_MEASURE( 1.000000000000000082E-05 ), #692, 'distance_accuracy_value', 'NONE');
#731 = CARTESIAN_POINT ( 'NONE',  ( 2.075000000000000178, -1.949999999999999512, -0.1000000000000000056 ) ) ;
#732 = CARTESIAN_POINT ( 'NONE',  ( -2.374999999999999556, -1.949999999999999512, 0.1000000000000000056 ) ) ;
#733 = FACE_OUTER_BOUND ( 'NONE', #273, .T. ) ;
#734 = AXIS2_PLACEMENT_3D ( 'NONE', #1403, #10544, #6345 ) ;
#735 = SURFACE_STYLE_USAGE ( .BOTH. , #9014 ) ;
#736 = ORIENTED_EDGE ( 'NONE', *, *, #7182, .F. ) ;
#737 = SURFACE_STYLE_FILL_AREA ( #5659 ) ;
#738 = EDGE_LOOP ( 'NONE', ( #4237, #5075, #728, #10232, #8902, #4848, #3085, #5371, #10735, #171, #1061, #8973 ) ) ;
#739 = CARTESIAN_POINT ( 'NONE',  ( -1.824999999999999734, -1.949999999999999512, 0.1000000000000000056 ) ) ;
#740 = CARTESIAN_POINT ( 'NONE',  ( -2.074999999999999734, -2.106267956964054999, 0.09999999999999999167 ) ) ;
#741 = CIRCLE ( 'NONE', #4231, 0.2000000000000000389 ) ;
#742 =( NAMED_UNIT ( * ) SI_UNIT ( $, .STERADIAN. ) SOLID_ANGLE_UNIT ( ) );
#743 = ORIENTED_EDGE ( 'NONE', *, *, #9135, .T. ) ;
#744 = CARTESIAN_POINT ( 'NONE',  ( 2.449999999999998845, 1.950000000000000400, -0.1000000000000000056 ) ) ;
#745 = CARTESIAN_POINT ( 'NONE',  ( 0.5250000000000000222, -2.486996912233147228, -0.5641273295552871048 ) ) ;
#746 = FILL_AREA_STYLE_COLOUR ( '', #2145 ) ;
#747 = CARTESIAN_POINT ( 'NONE',  ( -2.449999626916907758, -1.875273160256224259, -0.1000035496485074532 ) ) ;
#748 = ORIENTED_EDGE ( 'NONE', *, *, #10539, .T. ) ;
#749 = SURFACE_SIDE_STYLE ('',( #10013 ) ) ;
#751 = SURFACE_STYLE_USAGE ( .BOTH. , #6892 ) ;
#750 = FILL_AREA_STYLE ('',( #4852 ) ) ;
#752 = ORIENTED_EDGE ( 'NONE', *, *, #7389, .F. ) ;
#753 = SURFACE_STYLE_USAGE ( .BOTH. , #636 ) ;
#754 = ADVANCED_FACE ( 'NONE', ( #8016 ), #10538, .F. ) ;
#755 = CARTESIAN_POINT ( 'NONE',  ( 2.335172790808107024, 1.835172790808107690, -0.5499999999999999334 ) ) ;
#756 = DIRECTION ( 'NONE',  ( 1.000000000000000000, 0.000000000000000000, 0.000000000000000000 ) ) ;
#757 = ORIENTED_EDGE ( 'NONE', *, *, #3959, .T. ) ;
#758 =( GEOMETRIC_REPRESENTATION_CONTEXT ( 3 ) GLOBAL_UNCERTAINTY_ASSIGNED_CONTEXT ( ( #6366 ) ) GLOBAL_UNIT_ASSIGNED_CONTEXT ( ( #7872, #5264, #7753 ) ) REPRESENTATION_CONTEXT ( 'NONE', 'WORKASPACE' ) );
#759 = DIRECTION ( 'NONE',  ( 0.000000000000000000, -0.9975640502598241977, -0.06975647374412544122 ) ) ;
#760 = CARTESIAN_POINT ( 'NONE',  ( 1.824999999999999956, -2.559556632021898537, -0.2684686300112771873 ) ) ;
#761 = DIRECTION ( 'NONE',  ( 0.000000000000000000, -1.000000000000000000, 0.000000000000000000 ) ) ;
#762 = COLOUR_RGB ( '',0.8039215686274510109, 0.8039215686274510109, 0.8039215686274510109 ) ;
#763 = CARTESIAN_POINT ( 'NONE',  ( 2.449999999999998845, -1.949999999999999512, -0.1000000000000000056 ) ) ;
#764 = COLOUR_RGB ( '',0.8039215686274510109, 0.8039215686274510109, 0.8039215686274510109 ) ;
#765 = ORIENTED_EDGE ( 'NONE', *, *, #1394, .F. ) ;
#766 = DIRECTION ( 'NONE',  ( 0.000000000000000000, 0.000000000000000000, -1.000000000000000000 ) ) ;
#767 = DIRECTION ( 'NONE',  ( 0.000000000000000000, 0.5190546823227978335, 0.8547410349098604199 ) ) ;
#768 = MECHANICAL_DESIGN_GEOMETRIC_PRESENTATION_REPRESENTATION (  '', ( #3553 ), #1836 ) ;
#769 = LINE ( 'NONE', #4100, #192 ) ;
#770 = CARTESIAN_POINT ( 'NONE',  ( 0.7750000000000001332, -2.106267956964054999, -0.09999999999999999167 ) ) ;
#771 = PRESENTATION_STYLE_ASSIGNMENT (( #8061 ) ) ;
#772 = UNCERTAINTY_MEASURE_WITH_UNIT (LENGTH_MEASURE( 1.000000000000000082E-05 ), #3536, 'distance_accuracy_value', 'NONE');
#773 = DIRECTION ( 'NONE',  ( 0.000000000000000000, 0.5190546823227979445, 0.8547410349098604199 ) ) ;
#774 = CARTESIAN_POINT ( 'NONE',  ( -2.074999999999999734, -2.049999999999999822, -0.2000000000000000111 ) ) ;
#775 = DIRECTION ( 'NONE',  ( -0.1039620511844979167, 0.1039620511844979583, -0.9891328443778538704 ) ) ;
#776 = LINE ( 'NONE', #4107, #5152 ) ;
#777 = STYLED_ITEM ( 'NONE', ( #8367 ), #511 ) ;
#778 = FILL_AREA_STYLE ('',( #4927 ) ) ;
#779 = ORIENTED_EDGE ( 'NONE', *, *, #10768, .F. ) ;
#780 = SURFACE_SIDE_STYLE ('',( #9120 ) ) ;
#781 = ORIENTED_EDGE ( 'NONE', *, *, #1946, .T. ) ;
#782 = CIRCLE ( 'NONE', #8314, 0.2000000000000000389 ) ;
#783 = ORIENTED_EDGE ( 'NONE', *, *, #3106, .T. ) ;
#784 = DIRECTION ( 'NONE',  ( 1.000000000000000000, -2.891205793294679017E-15, 0.000000000000000000 ) ) ;
#785 = ADVANCED_FACE ( 'NONE', ( #5076 ), #7667, .T. ) ;
#786 =( GEOMETRIC_REPRESENTATION_CONTEXT ( 3 ) GLOBAL_UNCERTAINTY_ASSIGNED_CONTEXT ( ( #7675 ) ) GLOBAL_UNIT_ASSIGNED_CONTEXT ( ( #3919, #2857, #2097 ) ) REPRESENTATION_CONTEXT ( 'NONE', 'WORKASPACE' ) );
#787 = PRESENTATION_STYLE_ASSIGNMENT (( #5768 ) ) ;
#788 = ADVANCED_FACE ( 'NONE', ( #971 ), #3438, .T. ) ;
#789 = DIRECTION ( 'NONE',  ( -0.1039620511844983469, 0.1039620511844978473, 0.9891328443778538704 ) ) ;
#790 = EDGE_LOOP ( 'NONE', ( #543, #2794, #4517, #4215, #6580, #5216, #8846, #7413, #8990, #3917, #6816, #213 ) ) ;
#791 = SURFACE_STYLE_FILL_AREA ( #8311 ) ;
#792 = FILL_AREA_STYLE_COLOUR ( '', #7368 ) ;
#793 = EDGE_CURVE ( 'NONE', #6601, #10045, #2054, .T. ) ;
#794 = VERTEX_POINT ( 'NONE', #8436 ) ;
#795 = CARTESIAN_POINT ( 'NONE',  ( -0.5249999999999999112, -2.552580984647486062, -0.3682250350372596737 ) ) ;
#796 = VECTOR ( 'NONE', #7337, 1000.000000000000000 ) ;
#797 = DIRECTION ( 'NONE',  ( 0.000000000000000000, -0.06975647374412545509, 0.9975640502598243087 ) ) ;
#798 = VECTOR ( 'NONE', #10578, 1000.000000000000114 ) ;
#799 = CARTESIAN_POINT ( 'NONE',  ( -1.424999999999999822, -3.000000000000000000, -0.6000000000000000888 ) ) ;
#800 = VERTEX_POINT ( 'NONE', #2702 ) ;
#801 = CARTESIAN_POINT ( 'NONE',  ( -0.1249999999999998890, 2.049999999999999822, -0.1000000000000000056 ) ) ;
#803 = CARTESIAN_POINT ( 'NONE',  ( -2.450806167510463762, 1.876217025357843848, 0.09232982849429266503 ) ) ;
#802 = PLANE ( 'NONE',  #1098 ) ;
#804 = ORIENTED_EDGE ( 'NONE', *, *, #6354, .T. ) ;
#805 = COLOUR_RGB ( '',0.8039215686274510109, 0.8039215686274510109, 0.8039215686274510109 ) ;
#806 = COLOUR_RGB ( '',0.8039215686274510109, 0.8039215686274510109, 0.8039215686274510109 ) ;
#807 =( GEOMETRIC_REPRESENTATION_CONTEXT ( 3 ) GLOBAL_UNCERTAINTY_ASSIGNED_CONTEXT ( ( #9023 ) ) GLOBAL_UNIT_ASSIGNED_CONTEXT ( ( #8258, #690, #742 ) ) REPRESENTATION_CONTEXT ( 'NONE', 'WORKASPACE' ) );
#808 = CARTESIAN_POINT ( 'NONE',  ( -2.074999999999999734, 1.949999999999999512, 0.1000000000000000056 ) ) ;
#809 = UNCERTAINTY_MEASURE_WITH_UNIT (LENGTH_MEASURE( 1.000000000000000082E-05 ), #5946, 'distance_accuracy_value', 'NONE');
#810 = VERTEX_POINT ( 'NONE', #1450 ) ;
#811 = CYLINDRICAL_SURFACE ( 'NONE', #9579, 0.2000000000000000389 ) ;
#812 = SURFACE_SIDE_STYLE ('',( #6897 ) ) ;
#813 = COLOUR_RGB ( '',0.8039215686274510109, 0.8039215686274510109, 0.8039215686274510109 ) ;
#814 = PRESENTATION_LAYER_ASSIGNMENT (  '', '', ( #7979 ) ) ;
#815 = EDGE_CURVE ( 'NONE', #4242, #2242, #8183, .T. ) ;
#816 = CARTESIAN_POINT ( 'NONE',  ( -1.424999999999999822, 3.000000000000000000, -0.6000000000000000888 ) ) ;
#817 = ORIENTED_EDGE ( 'NONE', *, *, #5939, .F. ) ;
#818 = ADVANCED_FACE ( 'NONE', ( #35 ), #5029, .T. ) ;
#819 =( GEOMETRIC_REPRESENTATION_CONTEXT ( 3 ) GLOBAL_UNCERTAINTY_ASSIGNED_CONTEXT ( ( #3849 ) ) GLOBAL_UNIT_ASSIGNED_CONTEXT ( ( #10834, #8472, #953 ) ) REPRESENTATION_CONTEXT ( 'NONE', 'WORKASPACE' ) );
#820 = SURFACE_STYLE_USAGE ( .BOTH. , #2653 ) ;
#821 = ORIENTED_EDGE ( 'NONE', *, *, #10031, .F. ) ;
#822 = CARTESIAN_POINT ( 'NONE',  ( 1.425000000000000044, -2.049999999999999822, -0.2000000000000000111 ) ) ;
#823 = MECHANICAL_DESIGN_GEOMETRIC_PRESENTATION_REPRESENTATION (  '', ( #8701 ), #10806 ) ;
#824 = CARTESIAN_POINT ( 'NONE',  ( -0.7749999999999999112, -1.949999999999999512, 0.1000000000000000056 ) ) ;
#825 = CIRCLE ( 'NONE', #6927, 0.07499999999999980294 ) ;
#826 = MECHANICAL_DESIGN_GEOMETRIC_PRESENTATION_REPRESENTATION (  '', ( #1353 ), #10452 ) ;
#827 = EDGE_CURVE ( 'NONE', #10384, #4425, #5279, .T. ) ;
#828 = AXIS2_PLACEMENT_3D ( 'NONE', #9645, #8171, #5635 ) ;
#829 = SURFACE_SIDE_STYLE ('',( #5080 ) ) ;
#830 = FILL_AREA_STYLE_COLOUR ( '', #8837 ) ;
#831 = DIRECTION ( 'NONE',  ( 0.000000000000000000, 1.000000000000000000, 0.000000000000000000 ) ) ;
#832 = SURFACE_STYLE_USAGE ( .BOTH. , #4325 ) ;
#833 = LINE ( 'NONE', #6501, #1338 ) ;
#834 = CARTESIAN_POINT ( 'NONE',  ( 2.375409738600888332, -1.949998880753507802, 0.1000106489190370901 ) ) ;
#835 = COLOUR_RGB ( '',0.8039215686274510109, 0.8039215686274510109, 0.8039215686274510109 ) ;
#836 = VECTOR ( 'NONE', #4031, 1000.000000000000000 ) ;
#837 = SURFACE_SIDE_STYLE ('',( #10102 ) ) ;
#838 = ORIENTED_EDGE ( 'NONE', *, *, #9075, .T. ) ;
#839 = VECTOR ( 'NONE', #2126, 1000.000000000000000 ) ;
#840 = COLOUR_RGB ( '',0.8039215686274510109, 0.8039215686274510109, 0.8039215686274510109 ) ;
#841 = ORIENTED_EDGE ( 'NONE', *, *, #7963, .F. ) ;
#842 = EDGE_LOOP ( 'NONE', ( #6827, #1860, #5118, #9296 ) ) ;
#843 = PLANE ( 'NONE',  #8272 ) ;
#844 = STYLED_ITEM ( 'NONE', ( #5931 ), #6591 ) ;
#845 = DIRECTION ( 'NONE',  ( 0.000000000000000000, 0.9975640502598241977, 0.06975647374412538571 ) ) ;
#846 =( GEOMETRIC_REPRESENTATION_CONTEXT ( 3 ) GLOBAL_UNCERTAINTY_ASSIGNED_CONTEXT ( ( #6871 ) ) GLOBAL_UNIT_ASSIGNED_CONTEXT ( ( #5843, #4966, #7606 ) ) REPRESENTATION_CONTEXT ( 'NONE', 'WORKASPACE' ) );
#847 = LINE ( 'NONE', #2460, #6517 ) ;
#848 = VERTEX_POINT ( 'NONE', #2756 ) ;
#849 = EDGE_CURVE ( 'NONE', #7751, #329, #3429, .T. ) ;
#850 =( NAMED_UNIT ( * ) SI_UNIT ( $, .STERADIAN. ) SOLID_ANGLE_UNIT ( ) );
#851 = VERTEX_POINT ( 'NONE', #4523 ) ;
#852 = STYLED_ITEM ( 'NONE', ( #8439 ), #1971 ) ;
#853 = CARTESIAN_POINT ( 'NONE',  ( 2.335172790808107024, -1.835172790808106802, -0.4749999999999999223 ) ) ;
#854 = EDGE_CURVE ( 'NONE', #9993, #2465, #2532, .T. ) ;
#855 = ORIENTED_EDGE ( 'NONE', *, *, #8463, .F. ) ;
#856 = CARTESIAN_POINT ( 'NONE',  ( -2.449999999999999289, -1.874999999999999556, 0.1000000000000000056 ) ) ;
#857 = LINE ( 'NONE', #1809, #7585 ) ;
#858 = FACE_OUTER_BOUND ( 'NONE', #5027, .T. ) ;
#859 = SURFACE_STYLE_FILL_AREA ( #3416 ) ;
#860 = ORIENTED_EDGE ( 'NONE', *, *, #5937, .T. ) ;
#861 = EDGE_CURVE ( 'NONE', #3277, #152, #9520, .T. ) ;
#863 = LINE ( 'NONE', #10838, #290 ) ;
#862 = FILL_AREA_STYLE ('',( #7652 ) ) ;
#864 = ORIENTED_EDGE ( 'NONE', *, *, #7579, .T. ) ;
#865 = CARTESIAN_POINT ( 'NONE',  ( 0.5250000000000000222, -2.277216163946027105, 0.003810936464559766534 ) ) ;
#866 = EDGE_CURVE ( 'NONE', #8117, #8952, #9374, .T. ) ;
#867 = FILL_AREA_STYLE ('',( #4238 ) ) ;
#868 = VECTOR ( 'NONE', #10076, 1000.000000000000227 ) ;
#869 = EDGE_CURVE ( 'NONE', #3832, #5627, #5182, .T. ) ;
#870 = DIRECTION ( 'NONE',  ( 1.000000000000000000, 0.000000000000000000, 0.000000000000000000 ) ) ;
#871 = ORIENTED_EDGE ( 'NONE', *, *, #6759, .T. ) ;
#872 = DIRECTION ( 'NONE',  ( 0.000000000000000000, 0.000000000000000000, -1.000000000000000000 ) ) ;
#873 = MECHANICAL_DESIGN_GEOMETRIC_PRESENTATION_REPRESENTATION (  '', ( #5579 ), #5228 ) ;
#874 = DIRECTION ( 'NONE',  ( 0.000000000000000000, 0.000000000000000000, 1.000000000000000000 ) ) ;
#875 = VERTEX_POINT ( 'NONE', #1980 ) ;
#876 = FILL_AREA_STYLE_COLOUR ( '', #6854 ) ;
#877 = CYLINDRICAL_SURFACE ( 'NONE', #8170, 0.2000000000000000389 ) ;
#878 = LINE ( 'NONE', #4208, #9567 ) ;
#879 = DIRECTION ( 'NONE',  ( 1.000000000000000000, 0.000000000000000000, 0.000000000000000000 ) ) ;
#880 = DIRECTION ( 'NONE',  ( 0.000000000000000000, 0.8547410349098605309, -0.5190546823227980555 ) ) ;
#881 = CARTESIAN_POINT ( 'NONE',  ( 0.7750000000000001332, 2.106267956964054999, 0.09999999999999999167 ) ) ;
#882 = DIRECTION ( 'NONE',  ( 1.000000000000000000, 0.000000000000000000, 0.000000000000000000 ) ) ;
#883 = DIRECTION ( 'NONE',  ( 0.000000000000000000, 8.672620682681688006E-17, 1.000000000000000000 ) ) ;
#884 = ADVANCED_FACE ( 'NONE', ( #2903 ), #4408, .T. ) ;
#885 = ORIENTED_EDGE ( 'NONE', *, *, #9772, .T. ) ;
#886 = SURFACE_STYLE_USAGE ( .BOTH. , #8407 ) ;
#887 = ORIENTED_EDGE ( 'NONE', *, *, #5650, .F. ) ;
#888 = VERTEX_POINT ( 'NONE', #301 ) ;
#889 = ADVANCED_FACE ( 'NONE', ( #7198 ), #5670, .F. ) ;
#890 = SURFACE_SIDE_STYLE ('',( #10047 ) ) ;
#891 = LINE ( 'NONE', #3618, #1890 ) ;
#892 = CARTESIAN_POINT ( 'NONE',  ( -2.375136580382890994, -1.949999999999999734, 0.09999999999999982514 ) ) ;
#893 = CARTESIAN_POINT ( 'NONE',  ( -1.174999999999999822, -3.000000000000000000, -0.6000000000000000888 ) ) ;
#894 = VECTOR ( 'NONE', #1408, 1000.000000000000000 ) ;
#895 =( NAMED_UNIT ( * ) PLANE_ANGLE_UNIT ( ) SI_UNIT ( $, .RADIAN. ) );
#896 = ORIENTED_EDGE ( 'NONE', *, *, #3993, .F. ) ;
#897 = ORIENTED_EDGE ( 'NONE', *, *, #4545, .T. ) ;
#898 = LINE ( 'NONE', #10058, #979 ) ;
#899 = DIRECTION ( 'NONE',  ( 1.000000000000000000, 0.000000000000000000, 0.000000000000000000 ) ) ;
#900 =( BOUNDED_CURVE ( )  B_SPLINE_CURVE ( 3, ( #8140, #8319, #627, #3976 ),
 .UNSPECIFIED., .F., .F. ) 
 B_SPLINE_CURVE_WITH_KNOTS ( ( 4, 4 ),
 ( 0.000000000000000000, 0.005463208521556375992 ),
 .UNSPECIFIED. ) 
 CURVE ( )  GEOMETRIC_REPRESENTATION_ITEM ( )  RATIONAL_B_SPLINE_CURVE ( ( 1.000000000000000000, 0.9999975127809339615, 0.9999975127809339615, 1.000000000000000000 ) ) 
 REPRESENTATION_ITEM ( '' )  );
#901 = DIRECTION ( 'NONE',  ( 0.000000000000000000, 1.000000000000000000, -8.672620682681688006E-17 ) ) ;
#902 = FACE_OUTER_BOUND ( 'NONE', #8707, .T. ) ;
#903 = CARTESIAN_POINT ( 'NONE',  ( 1.175000000000000044, -3.000000000000000000, -0.6000000000000000888 ) ) ;
#904 = VERTEX_POINT ( 'NONE', #7325 ) ;
#905 = SURFACE_STYLE_FILL_AREA ( #128 ) ;
#906 = CARTESIAN_POINT ( 'NONE',  ( 1.824999999999999956, -1.949999999999999512, 0.1000000000000000056 ) ) ;
#907 = UNCERTAINTY_MEASURE_WITH_UNIT (LENGTH_MEASURE( 1.000000000000000082E-05 ), #8007, 'distance_accuracy_value', 'NONE');
#908 = EDGE_CURVE ( 'NONE', #8923, #8308, #3063, .T. ) ;
#909 = ORIENTED_EDGE ( 'NONE', *, *, #7407, .F. ) ;
#910 = PRESENTATION_STYLE_ASSIGNMENT (( #6703 ) ) ;
#911 = COLOUR_RGB ( '',0.8039215686274510109, 0.8039215686274510109, 0.8039215686274510109 ) ;
#912 = DIRECTION ( 'NONE',  ( 0.000000000000000000, 0.9975640502598241977, -0.06975647374412544122 ) ) ;
#913 =( GEOMETRIC_REPRESENTATION_CONTEXT ( 3 ) GLOBAL_UNCERTAINTY_ASSIGNED_CONTEXT ( ( #5069 ) ) GLOBAL_UNIT_ASSIGNED_CONTEXT ( ( #1043, #8606, #4539 ) ) REPRESENTATION_CONTEXT ( 'NONE', 'WORKASPACE' ) );
#914 = CARTESIAN_POINT ( 'NONE',  ( -2.074999999999999734, 2.049999999999999822, -0.1000000000000000056 ) ) ;
#915 = DIRECTION ( 'NONE',  ( 0.000000000000000000, -0.9975640502598241977, 0.06975647374412538571 ) ) ;
#916 = ORIENTED_EDGE ( 'NONE', *, *, #10173, .T. ) ;
#917 = EDGE_CURVE ( 'NONE', #8308, #1149, #4620, .T. ) ;
#918 =( NAMED_UNIT ( * ) PLANE_ANGLE_UNIT ( ) SI_UNIT ( $, .RADIAN. ) );
#919 = SURFACE_STYLE_USAGE ( .BOTH. , #1879 ) ;
#920 = DIRECTION ( 'NONE',  ( 1.000000000000000000, 0.000000000000000000, 0.000000000000000000 ) ) ;
#921 = PRESENTATION_LAYER_ASSIGNMENT (  '', '', ( #5275 ) ) ;
#922 =( LENGTH_UNIT ( ) NAMED_UNIT ( * ) SI_UNIT ( .MILLI., .METRE. ) );
#923 = SURFACE_STYLE_USAGE ( .BOTH. , #1035 ) ;
#924 = FACE_OUTER_BOUND ( 'NONE', #444, .T. ) ;
#925 = CARTESIAN_POINT ( 'NONE',  ( 0.1250000000000001110, 1.949999999999999512, -0.1000000000000000056 ) ) ;
#926 =( GEOMETRIC_REPRESENTATION_CONTEXT ( 3 ) GLOBAL_UNCERTAINTY_ASSIGNED_CONTEXT ( ( #132 ) ) GLOBAL_UNIT_ASSIGNED_CONTEXT ( ( #4012, #8915, #10501 ) ) REPRESENTATION_CONTEXT ( 'NONE', 'WORKASPACE' ) );
#927 = CARTESIAN_POINT ( 'NONE',  ( 1.425000000000000044, -1.949999999999999512, 0.1000000000000000056 ) ) ;
#928 = EDGE_LOOP ( 'NONE', ( #10178, #1896, #5810, #7491 ) ) ;
#929 =( NAMED_UNIT ( * ) PLANE_ANGLE_UNIT ( ) SI_UNIT ( $, .RADIAN. ) );
#930 = ORIENTED_EDGE ( 'NONE', *, *, #570, .T. ) ;
#931 = COLOUR_RGB ( '',0.8039215686274510109, 0.8039215686274510109, 0.8039215686274510109 ) ;
#932 = EDGE_LOOP ( 'NONE', ( #8507, #160, #50, #1967 ) ) ;
#933 = DIRECTION ( 'NONE',  ( -2.907131363079811305E-15, -1.000000000000000000, -0.000000000000000000 ) ) ;
#934 = FILL_AREA_STYLE_COLOUR ( '', #1000 ) ;
#935 = AXIS2_PLACEMENT_3D ( 'NONE', #5573, #3926, #8549 ) ;
#936 = LINE ( 'NONE', #9335, #255 ) ;
#937 = DIRECTION ( 'NONE',  ( 0.000000000000000000, 0.000000000000000000, -1.000000000000000000 ) ) ;
#938 = LINE ( 'NONE', #10212, #10304 ) ;
#939 = LINE ( 'NONE', #5306, #3308 ) ;
#940 = EDGE_CURVE ( 'NONE', #8320, #2133, #5610, .T. ) ;
#941 = EDGE_LOOP ( 'NONE', ( #2867, #361, #8576, #7870 ) ) ;
#942 = EDGE_CURVE ( 'NONE', #7311, #4219, #4024, .T. ) ;
#943 = MECHANICAL_DESIGN_GEOMETRIC_PRESENTATION_REPRESENTATION (  '', ( #7601 ), #7044 ) ;
#944 = ORIENTED_EDGE ( 'NONE', *, *, #7886, .F. ) ;
#945 = DIRECTION ( 'NONE',  ( 0.000000000000000000, 0.9975640502598241977, 0.06975647374412535795 ) ) ;
#946 = MECHANICAL_DESIGN_GEOMETRIC_PRESENTATION_REPRESENTATION (  '', ( #8122 ), #1677 ) ;
#947 = EDGE_CURVE ( 'NONE', #8594, #3822, #2471, .T. ) ;
#948 = AXIS2_PLACEMENT_3D ( 'NONE', #10506, #3685, #7012 ) ;
#949 = VECTOR ( 'NONE', #8598, 1000.000000000000000 ) ;
#950 = EDGE_LOOP ( 'NONE', ( #7140, #4560, #4355, #3679 ) ) ;
#951 = LINE ( 'NONE', #3216, #2875 ) ;
#952 = CARTESIAN_POINT ( 'NONE',  ( -0.5249999999999999112, -2.049999999999999822, -0.1000000000000000056 ) ) ;
#953 =( NAMED_UNIT ( * ) SI_UNIT ( $, .STERADIAN. ) SOLID_ANGLE_UNIT ( ) );
#954 = VERTEX_POINT ( 'NONE', #2196 ) ;
#955 = COLOUR_RGB ( '',0.8039215686274510109, 0.8039215686274510109, 0.8039215686274510109 ) ;
#956 = CARTESIAN_POINT ( 'NONE',  ( 1.175000000000000044, 2.474082528530912928, -0.3203740982435569484 ) ) ;
#957 = CARTESIAN_POINT ( 'NONE',  ( -0.5249999999999999112, 2.330000000000000071, -0.4684254559678819319 ) ) ;
#958 = ORIENTED_EDGE ( 'NONE', *, *, #6193, .T. ) ;
#959 =( LENGTH_UNIT ( ) NAMED_UNIT ( * ) SI_UNIT ( .MILLI., .METRE. ) );
#960 = CARTESIAN_POINT ( 'NONE',  ( 1.425000000000000044, -2.135474103490985875, -0.1480945317677201667 ) ) ;
#961 = VECTOR ( 'NONE', #6669, 1000.000000000000000 ) ;
#962 = FILL_AREA_STYLE_COLOUR ( '', #2616 ) ;
#963 = ORIENTED_EDGE ( 'NONE', *, *, #9130, .T. ) ;
#964 = CARTESIAN_POINT ( 'NONE',  ( 0.5250000000000000222, -2.106267956964054999, 0.09999999999999999167 ) ) ;
#965 =( GEOMETRIC_REPRESENTATION_CONTEXT ( 3 ) GLOBAL_UNCERTAINTY_ASSIGNED_CONTEXT ( ( #560 ) ) GLOBAL_UNIT_ASSIGNED_CONTEXT ( ( #7848, #8718, #5405 ) ) REPRESENTATION_CONTEXT ( 'NONE', 'WORKASPACE' ) );
#966 = CARTESIAN_POINT ( 'NONE',  ( 1.824999999999999956, -2.106267956964054999, 0.09999999999999999167 ) ) ;
#967 = DIRECTION ( 'NONE',  ( 0.000000000000000000, 0.000000000000000000, -1.000000000000000000 ) ) ;
#968 = FACE_OUTER_BOUND ( 'NONE', #3312, .T. ) ;
#969 = VERTEX_POINT ( 'NONE', #7144 ) ;
#970 = PRESENTATION_LAYER_ASSIGNMENT (  '', '', ( #1549 ) ) ;
#971 = FACE_OUTER_BOUND ( 'NONE', #5436, .T. ) ;
#972 = AXIS2_PLACEMENT_3D ( 'NONE', #4691, #7213, #7102 ) ;
#973 = ADVANCED_FACE ( 'NONE', ( #8808 ), #9796, .T. ) ;
#974 = VECTOR ( 'NONE', #5432, 1000.000000000000000 ) ;
#975 = DIRECTION ( 'NONE',  ( 0.000000000000000000, 0.000000000000000000, 1.000000000000000000 ) ) ;
#976 = DIRECTION ( 'NONE',  ( 0.000000000000000000, 0.000000000000000000, -1.000000000000000000 ) ) ;
#977 =( GEOMETRIC_REPRESENTATION_CONTEXT ( 3 ) GLOBAL_UNCERTAINTY_ASSIGNED_CONTEXT ( ( #7406 ) ) GLOBAL_UNIT_ASSIGNED_CONTEXT ( ( #4946, #8316, #4379 ) ) REPRESENTATION_CONTEXT ( 'NONE', 'WORKASPACE' ) );
#978 = DIRECTION ( 'NONE',  ( 1.000000000000000000, 0.000000000000000000, 0.000000000000000000 ) ) ;
#979 = VECTOR ( 'NONE', #9181, 1000.000000000000000 ) ;
#980 = CARTESIAN_POINT ( 'NONE',  ( -0.7749999999999999112, 2.500948206981972177, -0.3646145195033222430 ) ) ;
#981 = STYLED_ITEM ( 'NONE', ( #1949 ), #8194 ) ;
#982 = UNCERTAINTY_MEASURE_WITH_UNIT (LENGTH_MEASURE( 1.000000000000000082E-05 ), #6309, 'distance_accuracy_value', 'NONE');
#983 = CIRCLE ( 'NONE', #6050, 0.1950000000000000899 ) ;
#984 = LINE ( 'NONE', #7562, #646 ) ;
#985 = SURFACE_SIDE_STYLE ('',( #10859 ) ) ;
#986 = CARTESIAN_POINT ( 'NONE',  ( 1.824999999999999956, 2.277216163946027105, 0.003810936464559820311 ) ) ;
#987 =( GEOMETRIC_REPRESENTATION_CONTEXT ( 3 ) GLOBAL_UNCERTAINTY_ASSIGNED_CONTEXT ( ( #3969 ) ) GLOBAL_UNIT_ASSIGNED_CONTEXT ( ( #1754, #9449, #7629 ) ) REPRESENTATION_CONTEXT ( 'NONE', 'WORKASPACE' ) );
#988 = FACE_OUTER_BOUND ( 'NONE', #6804, .T. ) ;
#989 = SURFACE_STYLE_FILL_AREA ( #1793 ) ;
#990 = ORIENTED_EDGE ( 'NONE', *, *, #4826, .F. ) ;
#991 = SURFACE_SIDE_STYLE ('',( #4332 ) ) ;
#992 = EDGE_CURVE ( 'NONE', #4227, #848, #4075, .T. ) ;
#993 = ORIENTED_EDGE ( 'NONE', *, *, #1584, .T. ) ;
#994 = VECTOR ( 'NONE', #1877, 1000.000000000000000 ) ;
#995 = STYLED_ITEM ( 'NONE', ( #2498 ), #7642 ) ;
#996 = ORIENTED_EDGE ( 'NONE', *, *, #9860, .T. ) ;
#997 = FILL_AREA_STYLE_COLOUR ( '', #5624 ) ;
#998 = PRESENTATION_STYLE_ASSIGNMENT (( #4221 ) ) ;
#999 = AXIS2_PLACEMENT_3D ( 'NONE', #6646, #5115, #2584 ) ;
#1000 = COLOUR_RGB ( '',0.8039215686274510109, 0.8039215686274510109, 0.8039215686274510109 ) ;
#1001 = SURFACE_STYLE_USAGE ( .BOTH. , #6833 ) ;
#1002 = PLANE ( 'NONE',  #4344 ) ;
#1003 = ORIENTED_EDGE ( 'NONE', *, *, #2013, .T. ) ;
#1004 = VERTEX_POINT ( 'NONE', #5111 ) ;
#1005 = ORIENTED_EDGE ( 'NONE', *, *, #3410, .T. ) ;
#1006 = ORIENTED_EDGE ( 'NONE', *, *, #3570, .T. ) ;
#1007 = CARTESIAN_POINT ( 'NONE',  ( -2.074999999999999734, 2.049999999999999822, -0.2000000000000000111 ) ) ;
#1008 = CARTESIAN_POINT ( 'NONE',  ( 1.824999999999999956, 2.277216163946027105, 0.003810936464559766534 ) ) ;
#1009 = CARTESIAN_POINT ( 'NONE',  ( 1.175000000000000044, -2.049999999999999822, -0.2000000000000000111 ) ) ;
#1010 = PLANE ( 'NONE',  #3110 ) ;
#1011 = ORIENTED_EDGE ( 'NONE', *, *, #9143, .T. ) ;
#1012 = COLOUR_RGB ( '',0.8039215686274510109, 0.8039215686274510109, 0.8039215686274510109 ) ;
#1013 = CYLINDRICAL_SURFACE ( 'NONE', #10375, 0.09999999999999982514 ) ;
#1014 = ORIENTED_EDGE ( 'NONE', *, *, #8403, .F. ) ;
#1015 = EDGE_CURVE ( 'NONE', #9459, #9327, #7492, .T. ) ;
#1016 = STYLED_ITEM ( 'NONE', ( #7970 ), #2906 ) ;
#1017 = DIRECTION ( 'NONE',  ( 1.000000000000000000, -0.000000000000000000, 0.000000000000000000 ) ) ;
#1018 =( NAMED_UNIT ( * ) SI_UNIT ( $, .STERADIAN. ) SOLID_ANGLE_UNIT ( ) );
#1019 = EDGE_CURVE ( 'NONE', #8117, #2377, #3220, .T. ) ;
#1020 = UNCERTAINTY_MEASURE_WITH_UNIT (LENGTH_MEASURE( 1.000000000000000082E-05 ), #4142, 'distance_accuracy_value', 'NONE');
#1021 = VERTEX_POINT ( 'NONE', #8475 ) ;
#1022 = DIRECTION ( 'NONE',  ( 0.000000000000000000, -0.5190546823227979445, 0.8547410349098604199 ) ) ;
#1023 = SURFACE_SIDE_STYLE ('',( #4519 ) ) ;
#1024 = DIRECTION ( 'NONE',  ( 0.000000000000000000, 0.000000000000000000, -1.000000000000000000 ) ) ;
#1025 = DIRECTION ( 'NONE',  ( -1.000000000000000000, 0.000000000000000000, 0.000000000000000000 ) ) ;
#1026 = DIRECTION ( 'NONE',  ( 0.000000000000000000, 0.5190546823227979445, 0.8547410349098604199 ) ) ;
#1027 = ORIENTED_EDGE ( 'NONE', *, *, #5359, .F. ) ;
#1028 = MECHANICAL_DESIGN_GEOMETRIC_PRESENTATION_REPRESENTATION (  '', ( #9444 ), #9098 ) ;
#1029 = ADVANCED_FACE ( 'NONE', ( #7594 ), #5735, .T. ) ;
#1030 = AXIS2_PLACEMENT_3D ( 'NONE', #8153, #756, #8388 ) ;
#1031 = ORIENTED_EDGE ( 'NONE', *, *, #5398, .T. ) ;
#1032 = FILL_AREA_STYLE ('',( #7670 ) ) ;
#1033 = FILL_AREA_STYLE ('',( #9477 ) ) ;
#1034 = VECTOR ( 'NONE', #2982, 1000.000000000000000 ) ;
#1035 = SURFACE_SIDE_STYLE ('',( #10037 ) ) ;
#1036 = CARTESIAN_POINT ( 'NONE',  ( 0.5250000000000000222, 2.049999999999999822, -0.1000000000000000056 ) ) ;
#1037 = EDGE_CURVE ( 'NONE', #5148, #6947, #10836, .T. ) ;
#1038 = VECTOR ( 'NONE', #4953, 1000.000000000000000 ) ;
#1039 = CARTESIAN_POINT ( 'NONE',  ( 0.7750000000000001332, -2.049999999999999822, -0.2000000000000000111 ) ) ;
#1040 = ORIENTED_EDGE ( 'NONE', *, *, #1119, .F. ) ;
#1041 = PLANE ( 'NONE',  #10271 ) ;
#1042 = ORIENTED_EDGE ( 'NONE', *, *, #6163, .T. ) ;
#1043 =( LENGTH_UNIT ( ) NAMED_UNIT ( * ) SI_UNIT ( .MILLI., .METRE. ) );
#1044 = PLANE ( 'NONE',  #4509 ) ;
#1045 = CLOSED_SHELL ( 'NONE', ( #7314, #2081, #4931, #9802 ) ) ;
#1046 = FILL_AREA_STYLE_COLOUR ( '', #426 ) ;
#1047 = FILL_AREA_STYLE_COLOUR ( '', #4837 ) ;
#1048 = ORIENTED_EDGE ( 'NONE', *, *, #8991, .T. ) ;
#1049 = ADVANCED_FACE ( 'NONE', ( #2638 ), #9191, .F. ) ;
#1050 = CARTESIAN_POINT ( 'NONE',  ( -0.5249999999999999112, -3.000000000000000000, -0.6000000000000000888 ) ) ;
#1051 = CARTESIAN_POINT ( 'NONE',  ( 0.5250000000000000222, 3.000000000000000000, -0.6000000000000000888 ) ) ;
#1052 = EDGE_LOOP ( 'NONE', ( #8903, #7072, #10775, #8826 ) ) ;
#1053 = DIRECTION ( 'NONE',  ( 0.000000000000000000, -1.000000000000000000, 0.000000000000000000 ) ) ;
#1054 = CARTESIAN_POINT ( 'NONE',  ( 0.5250000000000000222, -2.106267956964054999, -0.09999999999999999167 ) ) ;
#1055 = SURFACE_STYLE_FILL_AREA ( #8680 ) ;
#1056 = DIRECTION ( 'NONE',  ( 1.000000000000000000, 0.000000000000000000, 0.000000000000000000 ) ) ;
#1057 = DIRECTION ( 'NONE',  ( 0.000000000000000000, 0.5190546823227978335, 0.8547410349098604199 ) ) ;
#1058 = VERTEX_POINT ( 'NONE', #7540 ) ;
#1059 = CARTESIAN_POINT ( 'NONE',  ( -0.7749999999999999112, 2.277216163946027105, 0.003810936464559820311 ) ) ;
#1060 = DIRECTION ( 'NONE',  ( 0.000000000000000000, 0.000000000000000000, -1.000000000000000000 ) ) ;
#1061 = ORIENTED_EDGE ( 'NONE', *, *, #5556, .T. ) ;
#1062 =( NAMED_UNIT ( * ) SI_UNIT ( $, .STERADIAN. ) SOLID_ANGLE_UNIT ( ) );
#1063 = AXIS2_PLACEMENT_3D ( 'NONE', #442, #2885, #608 ) ;
#1064 = FILL_AREA_STYLE ('',( #2891 ) ) ;
#1065 = VECTOR ( 'NONE', #6894, 1000.000000000000000 ) ;
#1066 =( LENGTH_UNIT ( ) NAMED_UNIT ( * ) SI_UNIT ( .MILLI., .METRE. ) );
#1067 = ORIENTED_EDGE ( 'NONE', *, *, #2745, .T. ) ;
#1068 =( LENGTH_UNIT ( ) NAMED_UNIT ( * ) SI_UNIT ( .MILLI., .METRE. ) );
#1069 = EDGE_CURVE ( 'NONE', #6439, #1724, #2576, .T. ) ;
#1070 = SURFACE_SIDE_STYLE ('',( #2960 ) ) ;
#1071 = FACE_OUTER_BOUND ( 'NONE', #2401, .T. ) ;
#1072 = CARTESIAN_POINT ( 'NONE',  ( 0.5250000000000000222, -2.135474103490985875, -0.1480945317677201667 ) ) ;
#1073 = DIRECTION ( 'NONE',  ( 0.000000000000000000, -0.9975640502598241977, -0.06975647374412544122 ) ) ;
#1074 = VERTEX_POINT ( 'NONE', #9413 ) ;
#1075 =( NAMED_UNIT ( * ) PLANE_ANGLE_UNIT ( ) SI_UNIT ( $, .RADIAN. ) );
#1076 = COLOUR_RGB ( '',0.8039215686274510109, 0.8039215686274510109, 0.8039215686274510109 ) ;
#1077 = EDGE_CURVE ( 'NONE', #3970, #2263, #2080, .T. ) ;
#1078 = PRESENTATION_STYLE_ASSIGNMENT (( #4410 ) ) ;
#1079 = ORIENTED_EDGE ( 'NONE', *, *, #9155, .F. ) ;
#1080 = FACE_OUTER_BOUND ( 'NONE', #9141, .T. ) ;
#1081 = MECHANICAL_DESIGN_GEOMETRIC_PRESENTATION_REPRESENTATION (  '', ( #2698 ), #1822 ) ;
#1082 = EDGE_CURVE ( 'NONE', #643, #9795, #9562, .T. ) ;
#1083 = UNCERTAINTY_MEASURE_WITH_UNIT (LENGTH_MEASURE( 1.000000000000000082E-05 ), #7616, 'distance_accuracy_value', 'NONE');
#1084 = CARTESIAN_POINT ( 'NONE',  ( -2.074999999999999734, 2.552580984647486062, -0.3682250350372596737 ) ) ;
#1085 = DIRECTION ( 'NONE',  ( 0.000000000000000000, 0.5190546823227987216, -0.8547410349098599758 ) ) ;
#1086 = PRESENTATION_STYLE_ASSIGNMENT (( #6321 ) ) ;
#1087 =( NAMED_UNIT ( * ) PLANE_ANGLE_UNIT ( ) SI_UNIT ( $, .RADIAN. ) );
#1088 = FACE_OUTER_BOUND ( 'NONE', #414, .T. ) ;
#1089 = DIRECTION ( 'NONE',  ( 0.000000000000000000, 0.000000000000000000, -1.000000000000000000 ) ) ;
#1090 = VERTEX_POINT ( 'NONE', #7706 ) ;
#1091 = DIRECTION ( 'NONE',  ( 0.000000000000000000, -0.8547410349098599758, 0.5190546823227987216 ) ) ;
#1092 = STYLED_ITEM ( 'NONE', ( #4289 ), #10651 ) ;
#1093 = ORIENTED_EDGE ( 'NONE', *, *, #8748, .F. ) ;
#1094 = DIRECTION ( 'NONE',  ( 1.000000000000000000, 0.000000000000000000, 0.000000000000000000 ) ) ;
#1095 = DIRECTION ( 'NONE',  ( 0.000000000000000000, -8.672620682681688006E-17, 1.000000000000000000 ) ) ;
#1096 = DIRECTION ( 'NONE',  ( -1.000000000000000000, -0.000000000000000000, -0.000000000000000000 ) ) ;
#1097 = FACE_OUTER_BOUND ( 'NONE', #3747, .T. ) ;
#1098 = AXIS2_PLACEMENT_3D ( 'NONE', #5892, #172, #10136 ) ;
#1099 = DIRECTION ( 'NONE',  ( 1.000000000000000000, 0.000000000000000000, 0.000000000000000000 ) ) ;
#1100 = SURFACE_STYLE_FILL_AREA ( #4339 ) ;
#1101 = VERTEX_POINT ( 'NONE', #7006 ) ;
#1102 = PRESENTATION_STYLE_ASSIGNMENT (( #751 ) ) ;
#1103 = AXIS2_PLACEMENT_3D ( 'NONE', #6067, #3593, #306 ) ;
#1104 =( NAMED_UNIT ( * ) SI_UNIT ( $, .STERADIAN. ) SOLID_ANGLE_UNIT ( ) );
#1105 =( GEOMETRIC_REPRESENTATION_CONTEXT ( 3 ) GLOBAL_UNCERTAINTY_ASSIGNED_CONTEXT ( ( #1432 ) ) GLOBAL_UNIT_ASSIGNED_CONTEXT ( ( #5626, #10642, #3989 ) ) REPRESENTATION_CONTEXT ( 'NONE', 'WORKASPACE' ) );
#1106 = EDGE_CURVE ( 'NONE', #9954, #5681, #3680, .T. ) ;
#1107 = MECHANICAL_DESIGN_GEOMETRIC_PRESENTATION_REPRESENTATION (  '', ( #6168 ), #4766 ) ;
#1108 =( LENGTH_UNIT ( ) NAMED_UNIT ( * ) SI_UNIT ( .MILLI., .METRE. ) );
#1109 = ORIENTED_EDGE ( 'NONE', *, *, #4353, .T. ) ;
#1110 = CARTESIAN_POINT ( 'NONE',  ( -1.174999999999999822, 2.106267956964054999, -0.09999999999999999167 ) ) ;
#1111 = SURFACE_STYLE_FILL_AREA ( #3519 ) ;
#1112 = MECHANICAL_DESIGN_GEOMETRIC_PRESENTATION_REPRESENTATION (  '', ( #1669 ), #3556 ) ;
#1113 = DIRECTION ( 'NONE',  ( 0.000000000000000000, 0.000000000000000000, -1.000000000000000000 ) ) ;
#1114 =( NAMED_UNIT ( * ) SI_UNIT ( $, .STERADIAN. ) SOLID_ANGLE_UNIT ( ) );
#1115 = EDGE_LOOP ( 'NONE', ( #3538, #1328, #3794, #10795 ) ) ;
#1116 =( NAMED_UNIT ( * ) PLANE_ANGLE_UNIT ( ) SI_UNIT ( $, .RADIAN. ) );
#1117 = DIRECTION ( 'NONE',  ( 0.000000000000000000, -0.9975640502598241977, -0.06975647374412544122 ) ) ;
#1118 = ORIENTED_EDGE ( 'NONE', *, *, #3670, .T. ) ;
#1119 = EDGE_CURVE ( 'NONE', #8849, #10824, #9460, .T. ) ;
#1120 = LINE ( 'NONE', #10453, #2260 ) ;
#1121 =( GEOMETRIC_REPRESENTATION_CONTEXT ( 3 ) GLOBAL_UNCERTAINTY_ASSIGNED_CONTEXT ( ( #8895 ) ) GLOBAL_UNIT_ASSIGNED_CONTEXT ( ( #4081, #3178, #8981 ) ) REPRESENTATION_CONTEXT ( 'NONE', 'WORKASPACE' ) );
#1122 = PRESENTATION_LAYER_ASSIGNMENT (  '', '', ( #7609 ) ) ;
#1123 = UNCERTAINTY_MEASURE_WITH_UNIT (LENGTH_MEASURE( 1.000000000000000082E-05 ), #1755, 'distance_accuracy_value', 'NONE');
#1124 = ORIENTED_EDGE ( 'NONE', *, *, #9442, .F. ) ;
#1125 =( GEOMETRIC_REPRESENTATION_CONTEXT ( 3 ) GLOBAL_UNCERTAINTY_ASSIGNED_CONTEXT ( ( #10143 ) ) GLOBAL_UNIT_ASSIGNED_CONTEXT ( ( #10015, #8268, #5784 ) ) REPRESENTATION_CONTEXT ( 'NONE', 'WORKASPACE' ) );
#1126 = VECTOR ( 'NONE', #10152, 1000.000000000000000 ) ;
#1127 = CIRCLE ( 'NONE', #4101, 0.2000000000000000389 ) ;
#1128 = CARTESIAN_POINT ( 'NONE',  ( 1.824999999999999956, 2.552580984647486062, -0.3682250350372594516 ) ) ;
#1129 = ORIENTED_EDGE ( 'NONE', *, *, #6069, .F. ) ;
#1130 = MECHANICAL_DESIGN_GEOMETRIC_PRESENTATION_REPRESENTATION (  '', ( #5856 ), #4974 ) ;
#1131 = FILL_AREA_STYLE ('',( #302 ) ) ;
#1132 =( NAMED_UNIT ( * ) PLANE_ANGLE_UNIT ( ) SI_UNIT ( $, .RADIAN. ) );
#1133 = ORIENTED_EDGE ( 'NONE', *, *, #7574, .T. ) ;
#1134 = AXIS2_PLACEMENT_3D ( 'NONE', #5526, #8900, #6502 ) ;
#1135 = STYLED_ITEM ( 'NONE', ( #1294 ), #5132 ) ;
#1136 = CYLINDRICAL_SURFACE ( 'NONE', #8389, 0.09999999999999982514 ) ;
#1137 = DIRECTION ( 'NONE',  ( 0.000000000000000000, 0.000000000000000000, -1.000000000000000000 ) ) ;
#1138 = ADVANCED_FACE ( 'NONE', ( #2739 ), #1013, .F. ) ;
#1139 = ADVANCED_FACE ( 'NONE', ( #6848 ), #1184, .T. ) ;
#1140 = PRESENTATION_LAYER_ASSIGNMENT (  '', '', ( #2038 ) ) ;
#1141 = DIRECTION ( 'NONE',  ( -1.000000000000000000, -0.000000000000000000, -0.000000000000000000 ) ) ;
#1142 = DIRECTION ( 'NONE',  ( 0.000000000000000000, -1.000000000000000000, -8.672620682681688006E-17 ) ) ;
#1143 = PRESENTATION_STYLE_ASSIGNMENT (( #249 ) ) ;
#1144 = SURFACE_STYLE_USAGE ( .BOTH. , #7893 ) ;
#1145 = CARTESIAN_POINT ( 'NONE',  ( -1.824999999999999734, -2.277216163946027105, 0.003810936464559820311 ) ) ;
#1146 =( GEOMETRIC_REPRESENTATION_CONTEXT ( 3 ) GLOBAL_UNCERTAINTY_ASSIGNED_CONTEXT ( ( #4515 ) ) GLOBAL_UNIT_ASSIGNED_CONTEXT ( ( #6729, #2623, #1799 ) ) REPRESENTATION_CONTEXT ( 'NONE', 'WORKASPACE' ) );
#1147 = ORIENTED_EDGE ( 'NONE', *, *, #5563, .F. ) ;
#1148 = FILL_AREA_STYLE_COLOUR ( '', #438 ) ;
#1149 = VERTEX_POINT ( 'NONE', #5263 ) ;
#1150 = ADVANCED_FACE ( 'NONE', ( #6902 ), #4510, .T. ) ;
#1151 = CIRCLE ( 'NONE', #9760, 0.1950000000000000899 ) ;
#1152 = CIRCLE ( 'NONE', #259, 0.07499999999999998335 ) ;
#1153 = COLOUR_RGB ( '',0.8039215686274510109, 0.8039215686274510109, 0.8039215686274510109 ) ;
#1154 = CARTESIAN_POINT ( 'NONE',  ( 0.5250000000000000222, -2.500948206981972177, -0.3646145195033222430 ) ) ;
#1155 = DIRECTION ( 'NONE',  ( -0.000000000000000000, 0.000000000000000000, -1.000000000000000000 ) ) ;
#1156 = AXIS2_PLACEMENT_3D ( 'NONE', #1872, #33, #967 ) ;
#1157 = CARTESIAN_POINT ( 'NONE',  ( -0.7749999999999999112, 2.277216163946027105, 0.003810936464559766534 ) ) ;
#1158 = EDGE_CURVE ( 'NONE', #5438, #3651, #9784, .T. ) ;
#1159 = DIRECTION ( 'NONE',  ( 0.000000000000000000, 0.000000000000000000, -1.000000000000000000 ) ) ;
#1160 = DIRECTION ( 'NONE',  ( 0.000000000000000000, -1.000000000000000000, 0.000000000000000000 ) ) ;
#1161 = VECTOR ( 'NONE', #1984, 1000.000000000000000 ) ;
#1162 = COLOUR_RGB ( '',0.8039215686274510109, 0.8039215686274510109, 0.8039215686274510109 ) ;
#1163 = PRESENTATION_STYLE_ASSIGNMENT (( #6835 ) ) ;
#1164 = ORIENTED_EDGE ( 'NONE', *, *, #4833, .T. ) ;
#1165 = AXIS2_PLACEMENT_3D ( 'NONE', #1565, #831, #6401 ) ;
#1166 = PRESENTATION_LAYER_ASSIGNMENT (  '', '', ( #635 ) ) ;
#1167 = CARTESIAN_POINT ( 'NONE',  ( 1.824999999999999956, 2.330000000000000071, -0.4684254559678819319 ) ) ;
#1168 = AXIS2_PLACEMENT_3D ( 'NONE', #8909, #550, #3890 ) ;
#1169 = FILL_AREA_STYLE ('',( #8735 ) ) ;
#1170 = CARTESIAN_POINT ( 'NONE',  ( 1.824999999999999956, 2.049999999999999822, -0.1000000000000000056 ) ) ;
#1171 = COLOUR_RGB ( '',0.8039215686274510109, 0.8039215686274510109, 0.8039215686274510109 ) ;
#1172 = STYLED_ITEM ( 'NONE', ( #3526 ), #9326 ) ;
#1173 = COLOUR_RGB ( '',0.8039215686274510109, 0.8039215686274510109, 0.8039215686274510109 ) ;
#1174 = MECHANICAL_DESIGN_GEOMETRIC_PRESENTATION_REPRESENTATION (  '', ( #2432 ), #461 ) ;
#1175 = AXIS2_PLACEMENT_3D ( 'NONE', #1192, #7015, #1818 ) ;
#1176 = ORIENTED_EDGE ( 'NONE', *, *, #854, .F. ) ;
#1177 =( LENGTH_UNIT ( ) NAMED_UNIT ( * ) SI_UNIT ( .MILLI., .METRE. ) );
#1178 = ORIENTED_EDGE ( 'NONE', *, *, #3013, .T. ) ;
#1179 = ADVANCED_FACE ( 'NONE', ( #5426 ), #9834, .T. ) ;
#1180 = CARTESIAN_POINT ( 'NONE',  ( 2.449999999999998845, -1.874999999999999556, 0.1000000000000000056 ) ) ;
#1181 = ORIENTED_EDGE ( 'NONE', *, *, #10673, .T. ) ;
#1182 = STYLED_ITEM ( 'NONE', ( #9026 ), #4490 ) ;
#1183 = COLOUR_RGB ( '',0.8039215686274510109, 0.8039215686274510109, 0.8039215686274510109 ) ;
#1184 = PLANE ( 'NONE',  #606 ) ;
#1185 = CYLINDRICAL_SURFACE ( 'NONE', #2535, 0.09999999999999982514 ) ;
#1186 = ORIENTED_EDGE ( 'NONE', *, *, #3545, .T. ) ;
#1187 = EDGE_CURVE ( 'NONE', #5681, #2802, #1693, .T. ) ;
#1188 = COLOUR_RGB ( '',0.8039215686274510109, 0.8039215686274510109, 0.8039215686274510109 ) ;
#1189 = VECTOR ( 'NONE', #9509, 1000.000000000000000 ) ;
#1190 = LINE ( 'NONE', #7758, #2079 ) ;
#1191 = CARTESIAN_POINT ( 'NONE',  ( -2.335172790808107468, -1.835172790808106802, -0.4749999999999999223 ) ) ;
#1192 = CARTESIAN_POINT ( 'NONE',  ( -1.824999999999999734, -2.500948206981972177, -0.3646145195033222430 ) ) ;
#1193 = VERTEX_POINT ( 'NONE', #2131 ) ;
#1194 =( NAMED_UNIT ( * ) SI_UNIT ( $, .STERADIAN. ) SOLID_ANGLE_UNIT ( ) );
#1195 = FILL_AREA_STYLE ('',( #8702 ) ) ;
#1196 = AXIS2_PLACEMENT_3D ( 'NONE', #1395, #8062, #4541 ) ;
#1197 = CARTESIAN_POINT ( 'NONE',  ( 1.824999999999999956, -2.049999999999999822, -0.1000000000000000056 ) ) ;
#1198 = ORIENTED_EDGE ( 'NONE', *, *, #10044, .T. ) ;
#1199 = VECTOR ( 'NONE', #3814, 1000.000000000000000 ) ;
#1200 = DIRECTION ( 'NONE',  ( 0.000000000000000000, 0.000000000000000000, -1.000000000000000000 ) ) ;
#1201 = CARTESIAN_POINT ( 'NONE',  ( 0.1250000000000001110, -2.106267956964054999, 0.09999999999999999167 ) ) ;
#1202 = EDGE_CURVE ( 'NONE', #7788, #10078, #3003, .T. ) ;
#1203 = ORIENTED_EDGE ( 'NONE', *, *, #1923, .F. ) ;
#1204 = DIRECTION ( 'NONE',  ( 0.000000000000000000, 0.06975647374412539958, -0.9975640502598243087 ) ) ;
#1205 = CIRCLE ( 'NONE', #8362, 0.2000000000000000389 ) ;
#1206 = PRESENTATION_STYLE_ASSIGNMENT (( #2966 ) ) ;
#1207 = DIRECTION ( 'NONE',  ( 0.000000000000000000, 0.000000000000000000, -1.000000000000000000 ) ) ;
#1208 = FACE_OUTER_BOUND ( 'NONE', #5591, .T. ) ;
#1209 = LINE ( 'NONE', #2971, #2778 ) ;
#1210 = CARTESIAN_POINT ( 'NONE',  ( 1.175000000000000044, 2.135474103490985875, -0.1480945317677201667 ) ) ;
#1211 = FILL_AREA_STYLE ('',( #10579 ) ) ;
#1212 = DIRECTION ( 'NONE',  ( 0.000000000000000000, 0.000000000000000000, 1.000000000000000000 ) ) ;
#1213 =( NAMED_UNIT ( * ) PLANE_ANGLE_UNIT ( ) SI_UNIT ( $, .RADIAN. ) );
#1214 = ORIENTED_EDGE ( 'NONE', *, *, #1442, .F. ) ;
#1215 = FILL_AREA_STYLE_COLOUR ( '', #3825 ) ;
#1216 = CARTESIAN_POINT ( 'NONE',  ( 0.1250000000000001110, 2.135474103490985875, -0.1480945317677201667 ) ) ;
#1217 = CARTESIAN_POINT ( 'NONE',  ( 2.375136580382889662, -1.949999999999999734, 0.09999999999999979738 ) ) ;
#1218 = DIRECTION ( 'NONE',  ( 0.000000000000000000, 0.000000000000000000, -1.000000000000000000 ) ) ;
#1219 = DIRECTION ( 'NONE',  ( 0.000000000000000000, 0.000000000000000000, -1.000000000000000000 ) ) ;
#1220 = LINE ( 'NONE', #3828, #7282 ) ;
#1221 = EDGE_CURVE ( 'NONE', #343, #8221, #10552, .T. ) ;
#1222 = CARTESIAN_POINT ( 'NONE',  ( 1.824999999999999956, -2.330000000000000071, -0.4684254559678819319 ) ) ;
#1223 = ORIENTED_EDGE ( 'NONE', *, *, #793, .T. ) ;
#1224 = PRESENTATION_STYLE_ASSIGNMENT (( #9493 ) ) ;
#1225 = EDGE_CURVE ( 'NONE', #9400, #1794, #3053, .T. ) ;
#1226 = SURFACE_SIDE_STYLE ('',( #6185 ) ) ;
#1227 = PLANE ( 'NONE',  #7388 ) ;
#1228 = CARTESIAN_POINT ( 'NONE',  ( 0.5250000000000000222, -1.949999999999999512, 0.1000000000000000056 ) ) ;
#1229 = ORIENTED_EDGE ( 'NONE', *, *, #8294, .F. ) ;
#1230 = ADVANCED_FACE ( 'NONE', ( #8914 ), #4716, .T. ) ;
#1231 = CARTESIAN_POINT ( 'NONE',  ( -0.1249999999999998890, 1.949999999999999512, -0.1000000000000000056 ) ) ;
#1232 = CARTESIAN_POINT ( 'NONE',  ( -0.1249999999999998890, -3.000000000000000000, -0.6000000000000000888 ) ) ;
#1233 = LINE ( 'NONE', #8126, #894 ) ;
#1234 = CARTESIAN_POINT ( 'NONE',  ( -0.7749999999999999112, -2.330000000000000071, -0.4684254559678819319 ) ) ;
#1235 = EDGE_LOOP ( 'NONE', ( #1819, #49, #6625, #8378 ) ) ;
#1236 = SURFACE_SIDE_STYLE ('',( #10179 ) ) ;
#1237 = ORIENTED_EDGE ( 'NONE', *, *, #2519, .F. ) ;
#1238 = DIRECTION ( 'NONE',  ( 1.000000000000000000, 0.000000000000000000, 0.000000000000000000 ) ) ;
#1239 = SURFACE_SIDE_STYLE ('',( #7192 ) ) ;
#1240 = UNCERTAINTY_MEASURE_WITH_UNIT (LENGTH_MEASURE( 1.000000000000000082E-05 ), #3547, 'distance_accuracy_value', 'NONE');
#1241 = LINE ( 'NONE', #6304, #10783 ) ;
#1242 = ORIENTED_EDGE ( 'NONE', *, *, #4723, .T. ) ;
#1243 = PRODUCT_DEFINITION_CONTEXT ( 'detailed design', #151, 'design' ) ;
#1244 =( NAMED_UNIT ( * ) SI_UNIT ( $, .STERADIAN. ) SOLID_ANGLE_UNIT ( ) );
#1245 = FACE_OUTER_BOUND ( 'NONE', #5225, .T. ) ;
#1246 = CARTESIAN_POINT ( 'NONE',  ( 1.425000000000000044, 2.552580984647486062, -0.3682250350372596737 ) ) ;
#1247 = CARTESIAN_POINT ( 'NONE',  ( 0.1250000000000001110, -2.106267956964054999, -0.09999999999999999167 ) ) ;
#1248 = ORIENTED_EDGE ( 'NONE', *, *, #9959, .F. ) ;
#1249 = SURFACE_STYLE_USAGE ( .BOTH. , #7718 ) ;
#1250 = CYLINDRICAL_SURFACE ( 'NONE', #3041, 0.07499999999999998335 ) ;
#1251 = VECTOR ( 'NONE', #7537, 1000.000000000000000 ) ;
#1252 = FILL_AREA_STYLE_COLOUR ( '', #277 ) ;
#1253 = PRESENTATION_LAYER_ASSIGNMENT (  '', '', ( #7902 ) ) ;
#1254 = DIRECTION ( 'NONE',  ( 0.000000000000000000, 0.9975640502598241977, 0.06975647374412538571 ) ) ;
#1255 = ADVANCED_FACE ( 'NONE', ( #4462 ), #4307, .T. ) ;
#1256 = ADVANCED_FACE ( 'NONE', ( #1071 ), #1976, .T. ) ;
#1257 = CARTESIAN_POINT ( 'NONE',  ( -1.424999999999999822, -2.049999999999999822, -0.1000000000000000056 ) ) ;
#1258 = FILL_AREA_STYLE_COLOUR ( '', #10598 ) ;
#1259 = ADVANCED_FACE ( 'NONE', ( #9366 ), #5752, .T. ) ;
#1260 = DIRECTION ( 'NONE',  ( 0.000000000000000000, 0.9945218953682732899, -0.1045284632676536235 ) ) ;
#1261 = CARTESIAN_POINT ( 'NONE',  ( 2.335172790808107024, -1.835172790808106802, 0.4749999999999999223 ) ) ;
#1262 = FILL_AREA_STYLE_COLOUR ( '', #5174 ) ;
#1263 =( GEOMETRIC_REPRESENTATION_CONTEXT ( 3 ) GLOBAL_UNCERTAINTY_ASSIGNED_CONTEXT ( ( #9806 ) ) GLOBAL_UNIT_ASSIGNED_CONTEXT ( ( #3360, #5058, #64 ) ) REPRESENTATION_CONTEXT ( 'NONE', 'WORKASPACE' ) );
#1264 = FACE_OUTER_BOUND ( 'NONE', #2452, .T. ) ;
#1265 =( BOUNDED_CURVE ( )  B_SPLINE_CURVE ( 3, ( #580, #6444, #8592, #3488 ),
 .UNSPECIFIED., .F., .T. ) 
 B_SPLINE_CURVE_WITH_KNOTS ( ( 4, 4 ),
 ( 6.277722098658046868, 6.283185307179586232 ),
 .UNSPECIFIED. ) 
 CURVE ( )  GEOMETRIC_REPRESENTATION_ITEM ( )  RATIONAL_B_SPLINE_CURVE ( ( 1.000000000000000000, 0.9999975127809339615, 0.9999975127809339615, 1.000000000000000000 ) ) 
 REPRESENTATION_ITEM ( '' )  );
#1266 =( NAMED_UNIT ( * ) SI_UNIT ( $, .STERADIAN. ) SOLID_ANGLE_UNIT ( ) );
#1267 = EDGE_LOOP ( 'NONE', ( #9452, #5214, #4265, #691 ) ) ;
#1268 =( NAMED_UNIT ( * ) PLANE_ANGLE_UNIT ( ) SI_UNIT ( $, .RADIAN. ) );
#1269 = CIRCLE ( 'NONE', #4922, 0.2000000000000000389 ) ;
#1270 = CARTESIAN_POINT ( 'NONE',  ( -2.376217025357843404, -1.876217025357842960, 0.08449019374921866443 ) ) ;
#1271 = CARTESIAN_POINT ( 'NONE',  ( 1.824999999999999956, -2.277216163946027105, 0.003810936464559766534 ) ) ;
#1272 =( NAMED_UNIT ( * ) PLANE_ANGLE_UNIT ( ) SI_UNIT ( $, .RADIAN. ) );
#1273 = VECTOR ( 'NONE', #7871, 1000.000000000000000 ) ;
#1274 = COLOUR_RGB ( '',0.8039215686274510109, 0.8039215686274510109, 0.8039215686274510109 ) ;
#1275 = DIRECTION ( 'NONE',  ( 1.000000000000000000, 0.000000000000000000, 0.000000000000000000 ) ) ;
#1276 = VERTEX_POINT ( 'NONE', #4808 ) ;
#1277 = PRESENTATION_STYLE_ASSIGNMENT (( #2934 ) ) ;
#1278 =( LENGTH_UNIT ( ) NAMED_UNIT ( * ) SI_UNIT ( .MILLI., .METRE. ) );
#1279 = LINE ( 'NONE', #1911, #8780 ) ;
#1280 = AXIS2_PLACEMENT_3D ( 'NONE', #7427, #9964, #566 ) ;
#1281 = SURFACE_STYLE_USAGE ( .BOTH. , #3724 ) ;
#1282 = VERTEX_POINT ( 'NONE', #3292 ) ;
#1283 = EDGE_CURVE ( 'NONE', #3291, #6355, #587, .T. ) ;
#1284 =( LENGTH_UNIT ( ) NAMED_UNIT ( * ) SI_UNIT ( .MILLI., .METRE. ) );
#1285 = EDGE_CURVE ( 'NONE', #4709, #1797, #2382, .T. ) ;
#1286 =( NAMED_UNIT ( * ) SI_UNIT ( $, .STERADIAN. ) SOLID_ANGLE_UNIT ( ) );
#1287 = ORIENTED_EDGE ( 'NONE', *, *, #9905, .F. ) ;
#1288 =( NAMED_UNIT ( * ) SI_UNIT ( $, .STERADIAN. ) SOLID_ANGLE_UNIT ( ) );
#1289 = ORIENTED_EDGE ( 'NONE', *, *, #6346, .F. ) ;
#1291 = ADVANCED_FACE ( 'NONE', ( #2543 ), #5853, .F. ) ;
#1290 = CIRCLE ( 'NONE', #7409, 0.1000000000000000194 ) ;
#1292 = CARTESIAN_POINT ( 'NONE',  ( 1.175000000000000044, -2.049999999999999822, -0.2000000000000000111 ) ) ;
#1293 = DIRECTION ( 'NONE',  ( 0.000000000000000000, 0.9945218953682732899, 0.1045284632676538178 ) ) ;
#1294 = PRESENTATION_STYLE_ASSIGNMENT (( #7139 ) ) ;
#1295 = COLOUR_RGB ( '',0.8039215686274510109, 0.8039215686274510109, 0.8039215686274510109 ) ;
#1296 = ORIENTED_EDGE ( 'NONE', *, *, #8257, .T. ) ;
#1297 = CARTESIAN_POINT ( 'NONE',  ( -0.1249999999999998890, 2.106267956964054999, 0.09999999999999999167 ) ) ;
#1298 = MECHANICAL_DESIGN_GEOMETRIC_PRESENTATION_REPRESENTATION (  '', ( #777 ), #3557 ) ;
#1299 = CARTESIAN_POINT ( 'NONE',  ( 0.5250000000000000222, -2.049999999999999822, -0.2000000000000000111 ) ) ;
#1300 = SURFACE_STYLE_USAGE ( .BOTH. , #1366 ) ;
#1301 = COLOUR_RGB ( '',0.8039215686274510109, 0.8039215686274510109, 0.8039215686274510109 ) ;
#1302 = LINE ( 'NONE', #1128, #2587 ) ;
#1303 = VERTEX_POINT ( 'NONE', #6712 ) ;
#1304 = CARTESIAN_POINT ( 'NONE',  ( -2.074999999999999734, -2.106267956964054999, -0.09999999999999999167 ) ) ;
#1305 = LINE ( 'NONE', #9741, #3361 ) ;
#1306 = VECTOR ( 'NONE', #10140, 1000.000000000000000 ) ;
#1307 = SURFACE_SIDE_STYLE ('',( #2856 ) ) ;
#1308 = MECHANICAL_DESIGN_GEOMETRIC_PRESENTATION_REPRESENTATION (  '', ( #4617 ), #1125 ) ;
#1309 = CIRCLE ( 'NONE', #6183, 0.09999999999999982514 ) ;
#1310 =( GEOMETRIC_REPRESENTATION_CONTEXT ( 3 ) GLOBAL_UNCERTAINTY_ASSIGNED_CONTEXT ( ( #7097 ) ) GLOBAL_UNIT_ASSIGNED_CONTEXT ( ( #2669, #2621, #9022 ) ) REPRESENTATION_CONTEXT ( 'NONE', 'WORKASPACE' ) );
#1311 = UNCERTAINTY_MEASURE_WITH_UNIT (LENGTH_MEASURE( 1.000000000000000082E-05 ), #2309, 'distance_accuracy_value', 'NONE');
#1312 = AXIS2_PLACEMENT_3D ( 'NONE', #6160, #7770, #8642 ) ;
#1313 = DIRECTION ( 'NONE',  ( 0.1039620511844979306, -0.1039620511844979445, -0.9891328443778538704 ) ) ;
#1314 = DIRECTION ( 'NONE',  ( 1.000000000000000000, 0.000000000000000000, 0.000000000000000000 ) ) ;
#1315 = CARTESIAN_POINT ( 'NONE',  ( -2.074999999999999734, 2.559556632021898537, -0.2684686300112771873 ) ) ;
#1316 = EDGE_CURVE ( 'NONE', #8931, #4340, #6609, .T. ) ;
#1317 = LINE ( 'NONE', #5512, #4151 ) ;
#1318 =( LENGTH_UNIT ( ) NAMED_UNIT ( * ) SI_UNIT ( .MILLI., .METRE. ) );
#1319 = VERTEX_POINT ( 'NONE', #9056 ) ;
#1320 = CARTESIAN_POINT ( 'NONE',  ( 1.824999999999999956, -3.000000000000000000, -0.3995116203837655866 ) ) ;
#1321 = LINE ( 'NONE', #1271, #10761 ) ;
#1322 = AXIS2_PLACEMENT_3D ( 'NONE', #7226, #2117, #2058 ) ;
#1323 = DIRECTION ( 'NONE',  ( 0.000000000000000000, 0.5190546823227978335, 0.8547410349098604199 ) ) ;
#1324 = DIRECTION ( 'NONE',  ( 0.000000000000000000, 0.06975647374412545509, 0.9975640502598243087 ) ) ;
#1325 = VECTOR ( 'NONE', #8039, 1000.000000000000000 ) ;
#1326 =( LENGTH_UNIT ( ) NAMED_UNIT ( * ) SI_UNIT ( .MILLI., .METRE. ) );
#1327 = EDGE_CURVE ( 'NONE', #5782, #8468, #7558, .T. ) ;
#1328 = ORIENTED_EDGE ( 'NONE', *, *, #3491, .F. ) ;
#1329 = ORIENTED_EDGE ( 'NONE', *, *, #6426, .F. ) ;
#1330 = DIRECTION ( 'NONE',  ( 0.000000000000000000, 0.5190546823227978335, 0.8547410349098604199 ) ) ;
#1331 = VECTOR ( 'NONE', #7431, 1000.000000000000000 ) ;
#1332 = ORIENTED_EDGE ( 'NONE', *, *, #68, .T. ) ;
#1333 = MANIFOLD_SOLID_BREP ( 'LPattern1[12]', #9986 ) ;
#1334 = EDGE_CURVE ( 'NONE', #7422, #5420, #1607, .T. ) ;
#1335 = VECTOR ( 'NONE', #9694, 1000.000000000000114 ) ;
#1336 = STYLED_ITEM ( 'NONE', ( #6843 ), #5281 ) ;
#1337 = DIRECTION ( 'NONE',  ( 0.000000000000000000, 0.000000000000000000, -1.000000000000000000 ) ) ;
#1338 = VECTOR ( 'NONE', #8342, 1000.000000000000000 ) ;
#1339 =( GEOMETRIC_REPRESENTATION_CONTEXT ( 3 ) GLOBAL_UNCERTAINTY_ASSIGNED_CONTEXT ( ( #5741 ) ) GLOBAL_UNIT_ASSIGNED_CONTEXT ( ( #9669, #1463, #10503 ) ) REPRESENTATION_CONTEXT ( 'NONE', 'WORKASPACE' ) );
#1340 = VERTEX_POINT ( 'NONE', #10091 ) ;
#1341 = AXIS2_PLACEMENT_3D ( 'NONE', #2665, #5090, #5862 ) ;
#1342 = DIRECTION ( 'NONE',  ( -1.000000000000000000, -0.000000000000000000, 0.000000000000000000 ) ) ;
#1343 =( GEOMETRIC_REPRESENTATION_CONTEXT ( 3 ) GLOBAL_UNCERTAINTY_ASSIGNED_CONTEXT ( ( #2255 ) ) GLOBAL_UNIT_ASSIGNED_CONTEXT ( ( #5846, #3533, #6862 ) ) REPRESENTATION_CONTEXT ( 'NONE', 'WORKASPACE' ) );
#1344 = PLANE ( 'NONE',  #6177 ) ;
#1345 = LINE ( 'NONE', #2076, #6822 ) ;
#1346 = STYLED_ITEM ( 'NONE', ( #3306 ), #5443 ) ;
#1347 = ORIENTED_EDGE ( 'NONE', *, *, #8825, .F. ) ;
#1348 =( NAMED_UNIT ( * ) SI_UNIT ( $, .STERADIAN. ) SOLID_ANGLE_UNIT ( ) );
#1349 = CARTESIAN_POINT ( 'NONE',  ( -0.7749999999999999112, 3.000000000000000000, -0.6000000000000000888 ) ) ;
#1350 = VERTEX_POINT ( 'NONE', #4161 ) ;
#1351 = FILL_AREA_STYLE_COLOUR ( '', #9730 ) ;
#1352 = STYLED_ITEM ( 'NONE', ( #5957 ), #9092 ) ;
#1353 = STYLED_ITEM ( 'NONE', ( #5399 ), #8433 ) ;
#1354 = EDGE_CURVE ( 'NONE', #3043, #4918, #1309, .T. ) ;
#1355 = SURFACE_SIDE_STYLE ('',( #6469 ) ) ;
#1356 = CIRCLE ( 'NONE', #8527, 0.1950000000000000899 ) ;
#1357 = MECHANICAL_DESIGN_GEOMETRIC_PRESENTATION_REPRESENTATION (  '', ( #8173 ), #9573 ) ;
#1358 = UNCERTAINTY_MEASURE_WITH_UNIT (LENGTH_MEASURE( 1.000000000000000082E-05 ), #250, 'distance_accuracy_value', 'NONE');
#1359 = CARTESIAN_POINT ( 'NONE',  ( 2.449999999999998845, 1.875000000000000444, 0.1000000000000000056 ) ) ;
#1360 = ORIENTED_EDGE ( 'NONE', *, *, #2453, .F. ) ;
#1361 = UNCERTAINTY_MEASURE_WITH_UNIT (LENGTH_MEASURE( 1.000000000000000082E-05 ), #8080, 'distance_accuracy_value', 'NONE');
#1362 = DIRECTION ( 'NONE',  ( 0.000000000000000000, -0.5190546823227987216, -0.8547410349098599758 ) ) ;
#1363 = PRESENTATION_STYLE_ASSIGNMENT (( #3852 ) ) ;
#1364 = MECHANICAL_DESIGN_GEOMETRIC_PRESENTATION_REPRESENTATION (  '', ( #10807 ), #9243 ) ;
#1365 = COLOUR_RGB ( '',0.8039215686274510109, 0.8039215686274510109, 0.8039215686274510109 ) ;
#1366 = SURFACE_SIDE_STYLE ('',( #6262 ) ) ;
#1367 = ADVANCED_FACE ( 'NONE', ( #7450 ), #8236, .F. ) ;
#1368 =( NAMED_UNIT ( * ) PLANE_ANGLE_UNIT ( ) SI_UNIT ( $, .RADIAN. ) );
#1369 = ORIENTED_EDGE ( 'NONE', *, *, #10742, .T. ) ;
#1370 = AXIS2_PLACEMENT_3D ( 'NONE', #10200, #3549, #1089 ) ;
#1371 =( LENGTH_UNIT ( ) NAMED_UNIT ( * ) SI_UNIT ( .MILLI., .METRE. ) );
#1372 = CARTESIAN_POINT ( 'NONE',  ( 2.418963392251839650, 1.949760935694446307, 0.1022745449310353549 ) ) ;
#1373 = ORIENTED_EDGE ( 'NONE', *, *, #2854, .F. ) ;
#1374 = EDGE_CURVE ( 'NONE', #5317, #4330, #9434, .T. ) ;
#1375 = CARTESIAN_POINT ( 'NONE',  ( -0.1249999999999998890, 2.330000000000000071, -0.4684254559678819319 ) ) ;
#1376 = SURFACE_SIDE_STYLE ('',( #9686 ) ) ;
#1377 = FACE_OUTER_BOUND ( 'NONE', #6593, .T. ) ;
#1378 = AXIS2_PLACEMENT_3D ( 'NONE', #10547, #6293, #1406 ) ;
#1379 = DIRECTION ( 'NONE',  ( 1.000000000000000000, 0.000000000000000000, 0.000000000000000000 ) ) ;
#1380 = AXIS2_PLACEMENT_3D ( 'NONE', #9046, #9809, #2324 ) ;
#1381 = CYLINDRICAL_SURFACE ( 'NONE', #9417, 0.07500000000000002498 ) ;
#1382 = FILL_AREA_STYLE_COLOUR ( '', #5320 ) ;
#1383 = EDGE_CURVE ( 'NONE', #9965, #4173, #7722, .T. ) ;
#1384 = CARTESIAN_POINT ( 'NONE',  ( -1.174999999999999822, -2.277216163946027105, 0.003810936464559766534 ) ) ;
#1385 = DIRECTION ( 'NONE',  ( 0.000000000000000000, -0.000000000000000000, -1.000000000000000000 ) ) ;
#1386 = CARTESIAN_POINT ( 'NONE',  ( -0.1249999999999998890, 2.559556632021898537, -0.2684686300112771873 ) ) ;
#1387 = STYLED_ITEM ( 'NONE', ( #3995 ), #1851 ) ;
#1388 = SURFACE_STYLE_FILL_AREA ( #10584 ) ;
#1389 = ORIENTED_EDGE ( 'NONE', *, *, #324, .F. ) ;
#1390 = STYLED_ITEM ( 'NONE', ( #9580 ), #2877 ) ;
#1391 = DIRECTION ( 'NONE',  ( 1.000000000000000000, 0.000000000000000000, 0.000000000000000000 ) ) ;
#1392 = FACE_OUTER_BOUND ( 'NONE', #7005, .T. ) ;
#1393 =( NAMED_UNIT ( * ) SI_UNIT ( $, .STERADIAN. ) SOLID_ANGLE_UNIT ( ) );
#1394 = EDGE_CURVE ( 'NONE', #9189, #9577, #6005, .T. ) ;
#1395 = CARTESIAN_POINT ( 'NONE',  ( -2.335172790808107912, 1.835172790808107690, 0.4749999999999999223 ) ) ;
#1396 =( NAMED_UNIT ( * ) PLANE_ANGLE_UNIT ( ) SI_UNIT ( $, .RADIAN. ) );
#1397 = CARTESIAN_POINT ( 'NONE',  ( 0.7750000000000001332, 2.049999999999999822, -0.2000000000000000111 ) ) ;
#1398 = ORIENTED_EDGE ( 'NONE', *, *, #1507, .T. ) ;
#1399 = CARTESIAN_POINT ( 'NONE',  ( 1.425000000000000044, 2.330000000000000071, -0.4684254559678819319 ) ) ;
#1400 = ORIENTED_EDGE ( 'NONE', *, *, #3241, .F. ) ;
#1401 = VERTEX_POINT ( 'NONE', #7613 ) ;
#1402 =( GEOMETRIC_REPRESENTATION_CONTEXT ( 3 ) GLOBAL_UNCERTAINTY_ASSIGNED_CONTEXT ( ( #2100 ) ) GLOBAL_UNIT_ASSIGNED_CONTEXT ( ( #10632, #7092, #2320 ) ) REPRESENTATION_CONTEXT ( 'NONE', 'WORKASPACE' ) );
#1403 = CARTESIAN_POINT ( 'NONE',  ( 0.000000000000000000, 0.000000000000000000, 0.5499999999999999334 ) ) ;
#1404 =( BOUNDED_CURVE ( )  B_SPLINE_CURVE ( 3, ( #7127, #10496, #2175, #5478 ),
 .UNSPECIFIED., .F., .F. ) 
 B_SPLINE_CURVE_WITH_KNOTS ( ( 4, 4 ),
 ( 3.141592653589793116, 3.147055862111334701 ),
 .UNSPECIFIED. ) 
 CURVE ( )  GEOMETRIC_REPRESENTATION_ITEM ( )  RATIONAL_B_SPLINE_CURVE ( ( 1.000000000000000000, 0.9999975127809339615, 0.9999975127809339615, 1.000000000000000000 ) ) 
 REPRESENTATION_ITEM ( '' )  );
#1405 = COLOUR_RGB ( '',0.8039215686274510109, 0.8039215686274510109, 0.8039215686274510109 ) ;
#1406 = DIRECTION ( 'NONE',  ( 0.000000000000000000, 0.000000000000000000, -1.000000000000000000 ) ) ;
#1407 = EDGE_CURVE ( 'NONE', #9511, #7906, #7219, .T. ) ;
#1408 = DIRECTION ( 'NONE',  ( 0.1039620511844979445, -0.1039620511844979445, 0.9891328443778538704 ) ) ;
#1409 = CARTESIAN_POINT ( 'NONE',  ( 1.824999999999999956, -2.135474103490985875, -0.1480945317677201667 ) ) ;
#1410 = VERTEX_POINT ( 'NONE', #2811 ) ;
#1411 = EDGE_LOOP ( 'NONE', ( #9827, #483, #3886, #1958 ) ) ;
#1412 = DIRECTION ( 'NONE',  ( 0.000000000000000000, -0.9945218953682732899, 0.1045284632676538178 ) ) ;
#1413 = SURFACE_STYLE_FILL_AREA ( #5664 ) ;
#1414 = SURFACE_STYLE_USAGE ( .BOTH. , #10719 ) ;
#1415 = SURFACE_STYLE_USAGE ( .BOTH. , #10507 ) ;
#1416 = CLOSED_SHELL ( 'NONE', ( #10796, #4959, #8899, #534, #8585, #7916 ) ) ;
#1417 = VERTEX_POINT ( 'NONE', #89 ) ;
#1418 = FACE_OUTER_BOUND ( 'NONE', #8964, .T. ) ;
#1419 = PRESENTATION_STYLE_ASSIGNMENT (( #1300 ) ) ;
#1420 = LINE ( 'NONE', #3271, #9060 ) ;
#1421 = ORIENTED_EDGE ( 'NONE', *, *, #2585, .F. ) ;
#1423 = DIRECTION ( 'NONE',  ( 0.000000000000000000, 0.000000000000000000, -1.000000000000000000 ) ) ;
#1422 = DIRECTION ( 'NONE',  ( 0.000000000000000000, -0.000000000000000000, 1.000000000000000000 ) ) ;
#1424 = ORIENTED_EDGE ( 'NONE', *, *, #6097, .T. ) ;
#1425 = DIRECTION ( 'NONE',  ( 0.000000000000000000, 0.000000000000000000, -1.000000000000000000 ) ) ;
#1426 = VERTEX_POINT ( 'NONE', #3540 ) ;
#1427 = SURFACE_SIDE_STYLE ('',( #6378 ) ) ;
#1428 = LINE ( 'NONE', #6164, #9683 ) ;
#1429 = ADVANCED_FACE ( 'NONE', ( #9376 ), #7842, .T. ) ;
#1430 = CARTESIAN_POINT ( 'NONE',  ( -0.5249999999999999112, 1.949999999999999512, 0.1000000000000000056 ) ) ;
#1431 = PRESENTATION_STYLE_ASSIGNMENT (( #576 ) ) ;
#1432 = UNCERTAINTY_MEASURE_WITH_UNIT (LENGTH_MEASURE( 1.000000000000000082E-05 ), #5626, 'distance_accuracy_value', 'NONE');
#1433 = DIRECTION ( 'NONE',  ( 0.000000000000000000, -0.9975640502598241977, -0.06975647374412544122 ) ) ;
#1434 = LINE ( 'NONE', #10694, #1199 ) ;
#1435 = VECTOR ( 'NONE', #5607, 1000.000000000000000 ) ;
#1436 = EDGE_CURVE ( 'NONE', #7373, #6912, #9172, .T. ) ;
#1437 = CARTESIAN_POINT ( 'NONE',  ( 1.175000000000000044, -2.106267956964054999, -0.09999999999999999167 ) ) ;
#1438 = DIRECTION ( 'NONE',  ( -0.1039620511844979167, -0.1039620511844979583, 0.9891328443778538704 ) ) ;
#1439 = ADVANCED_FACE ( 'NONE', ( #6926 ), #3653, .T. ) ;
#1440 = FACE_OUTER_BOUND ( 'NONE', #10846, .T. ) ;
#1441 = ORIENTED_EDGE ( 'NONE', *, *, #7831, .T. ) ;
#1442 = EDGE_CURVE ( 'NONE', #9823, #9795, #1428, .T. ) ;
#1443 = DIRECTION ( 'NONE',  ( 1.000000000000000000, 0.000000000000000000, 0.000000000000000000 ) ) ;
#1444 =( GEOMETRIC_REPRESENTATION_CONTEXT ( 3 ) GLOBAL_UNCERTAINTY_ASSIGNED_CONTEXT ( ( #2800 ) ) GLOBAL_UNIT_ASSIGNED_CONTEXT ( ( #10671, #4342, #10172 ) ) REPRESENTATION_CONTEXT ( 'NONE', 'WORKASPACE' ) );
#1445 =( LENGTH_UNIT ( ) NAMED_UNIT ( * ) SI_UNIT ( .MILLI., .METRE. ) );
#1446 = FILL_AREA_STYLE ('',( #717 ) ) ;
#1447 = CARTESIAN_POINT ( 'NONE',  ( 1.824999999999999956, -2.277216163946027105, 0.003810936464559766534 ) ) ;
#1448 = LINE ( 'NONE', #6286, #2397 ) ;
#1449 = ORIENTED_EDGE ( 'NONE', *, *, #2854, .T. ) ;
#1450 = CARTESIAN_POINT ( 'NONE',  ( 2.000000000000000000, 1.325000000000000400, -0.4499999999999999556 ) ) ;
#1451 = ORIENTED_EDGE ( 'NONE', *, *, #6193, .F. ) ;
#1452 =( LENGTH_UNIT ( ) NAMED_UNIT ( * ) SI_UNIT ( .MILLI., .METRE. ) );
#1453 =( GEOMETRIC_REPRESENTATION_CONTEXT ( 3 ) GLOBAL_UNCERTAINTY_ASSIGNED_CONTEXT ( ( #4860 ) ) GLOBAL_UNIT_ASSIGNED_CONTEXT ( ( #8300, #10371, #4491 ) ) REPRESENTATION_CONTEXT ( 'NONE', 'WORKASPACE' ) );
#1454 = VERTEX_POINT ( 'NONE', #2270 ) ;
#1455 = MANIFOLD_SOLID_BREP ( 'LPattern1[2]', #6634 ) ;
#1456 = PLANE ( 'NONE',  #734 ) ;
#1457 = FILL_AREA_STYLE ('',( #10603 ) ) ;
#1458 = PLANE ( 'NONE',  #4665 ) ;
#1459 = SURFACE_SIDE_STYLE ('',( #8958 ) ) ;
#1460 = ORIENTED_EDGE ( 'NONE', *, *, #4968, .T. ) ;
#1461 = EDGE_CURVE ( 'NONE', #5086, #72, #2147, .T. ) ;
#1462 = ORIENTED_EDGE ( 'NONE', *, *, #2422, .F. ) ;
#1463 =( NAMED_UNIT ( * ) PLANE_ANGLE_UNIT ( ) SI_UNIT ( $, .RADIAN. ) );
#1464 = VECTOR ( 'NONE', #4025, 1000.000000000000000 ) ;
#1465 = DIRECTION ( 'NONE',  ( 0.000000000000000000, -0.000000000000000000, -1.000000000000000000 ) ) ;
#1466 = MANIFOLD_SOLID_BREP ( 'LPattern1[10]', #7530 ) ;
#1467 = UNCERTAINTY_MEASURE_WITH_UNIT (LENGTH_MEASURE( 1.000000000000000082E-05 ), #6461, 'distance_accuracy_value', 'NONE');
#1468 = EDGE_LOOP ( 'NONE', ( #4234, #8269, #1714, #6140 ) ) ;
#1469 = DIRECTION ( 'NONE',  ( 1.000000000000000000, 0.000000000000000000, 0.000000000000000000 ) ) ;
#1470 = VECTOR ( 'NONE', #5783, 1000.000000000000000 ) ;
#1471 = AXIS2_PLACEMENT_3D ( 'NONE', #8792, #4559, #1060 ) ;
#1472 = LINE ( 'NONE', #8139, #10708 ) ;
#1473 = CARTESIAN_POINT ( 'NONE',  ( -0.1249999999999998890, -2.049999999999999822, -0.2000000000000000111 ) ) ;
#1474 = ORIENTED_EDGE ( 'NONE', *, *, #722, .F. ) ;
#1475 = DIRECTION ( 'NONE',  ( 1.000000000000000000, 0.000000000000000000, 0.000000000000000000 ) ) ;
#1476 = ADVANCED_FACE ( 'NONE', ( #9101 ), #7985, .F. ) ;
#1477 = LINE ( 'NONE', #6533, #2866 ) ;
#1478 = ORIENTED_EDGE ( 'NONE', *, *, #1887, .T. ) ;
#1479 = FILL_AREA_STYLE_COLOUR ( '', #2030 ) ;
#1480 = VECTOR ( 'NONE', #2277, 1000.000000000000000 ) ;
#1481 = CARTESIAN_POINT ( 'NONE',  ( 0.1250000000000001110, 1.949999999999999512, 0.1000000000000000056 ) ) ;
#1482 = UNCERTAINTY_MEASURE_WITH_UNIT (LENGTH_MEASURE( 1.000000000000000082E-05 ), #3210, 'distance_accuracy_value', 'NONE');
#1483 =( GEOMETRIC_REPRESENTATION_CONTEXT ( 3 ) GLOBAL_UNCERTAINTY_ASSIGNED_CONTEXT ( ( #665 ) ) GLOBAL_UNIT_ASSIGNED_CONTEXT ( ( #3159, #7529, #8200 ) ) REPRESENTATION_CONTEXT ( 'NONE', 'WORKASPACE' ) );
#1484 = EDGE_LOOP ( 'NONE', ( #8941, #8752, #4384, #2167 ) ) ;
#1485 = PRESENTATION_LAYER_ASSIGNMENT (  '', '', ( #400 ) ) ;
#1486 = DIRECTION ( 'NONE',  ( 0.000000000000000000, -1.000000000000000000, 0.000000000000000000 ) ) ;
#1487 = CARTESIAN_POINT ( 'NONE',  ( 2.375273160256224259, -1.949999626916907980, -0.1000035496485074810 ) ) ;
#1488 = MANIFOLD_SOLID_BREP ( 'LPattern1[5]', #4708 ) ;
#1489 = DIRECTION ( 'NONE',  ( 0.000000000000000000, 0.000000000000000000, -1.000000000000000000 ) ) ;
#1490 = CARTESIAN_POINT ( 'NONE',  ( 0.5250000000000000222, -2.552580984647486062, -0.3682250350372594516 ) ) ;
#1491 = AXIS2_PLACEMENT_3D ( 'NONE', #7045, #319, #2163 ) ;
#1492 = ORIENTED_EDGE ( 'NONE', *, *, #2155, .F. ) ;
#1493 =( LENGTH_UNIT ( ) NAMED_UNIT ( * ) SI_UNIT ( .MILLI., .METRE. ) );
#1494 = STYLED_ITEM ( 'NONE', ( #9317 ), #1367 ) ;
#1495 = CARTESIAN_POINT ( 'NONE',  ( -0.7749999999999999112, 2.559556632021898537, -0.2684686300112771873 ) ) ;
#1496 = DIRECTION ( 'NONE',  ( 0.000000000000000000, 0.9945218953682732899, -0.1045284632676536235 ) ) ;
#1497 = EDGE_CURVE ( 'NONE', #4173, #150, #1127, .T. ) ;
#1498 = AXIS2_PLACEMENT_3D ( 'NONE', #4323, #1738, #5037 ) ;
#1499 = FILL_AREA_STYLE_COLOUR ( '', #3399 ) ;
#1500 = SURFACE_SIDE_STYLE ('',( #4048 ) ) ;
#1501 = CARTESIAN_POINT ( 'NONE',  ( -1.424999999999999822, -2.474082528530912928, -0.3203740982435569484 ) ) ;
#1502 = DIRECTION ( 'NONE',  ( 0.000000000000000000, 1.000000000000000000, 0.000000000000000000 ) ) ;
#1503 = DIRECTION ( 'NONE',  ( 1.000000000000000000, 0.000000000000000000, 0.000000000000000000 ) ) ;
#1504 =( GEOMETRIC_REPRESENTATION_CONTEXT ( 3 ) GLOBAL_UNCERTAINTY_ASSIGNED_CONTEXT ( ( #7270 ) ) GLOBAL_UNIT_ASSIGNED_CONTEXT ( ( #10330, #2228, #371 ) ) REPRESENTATION_CONTEXT ( 'NONE', 'WORKASPACE' ) );
#1505 = VERTEX_POINT ( 'NONE', #10781 ) ;
#1506 =( NAMED_UNIT ( * ) PLANE_ANGLE_UNIT ( ) SI_UNIT ( $, .RADIAN. ) );
#1507 = EDGE_CURVE ( 'NONE', #8221, #2737, #7332, .T. ) ;
#1508 = EDGE_LOOP ( 'NONE', ( #6016, #779, #9178, #7341 ) ) ;
#1509 = ORIENTED_EDGE ( 'NONE', *, *, #8284, .F. ) ;
#1510 = MANIFOLD_SOLID_BREP ( 'LPattern1[6]', #7702 ) ;
#1511 = VERTEX_POINT ( 'NONE', #3481 ) ;
#1512 = ADVANCED_FACE ( 'NONE', ( #230 ), #3134, .T. ) ;
#1513 = CARTESIAN_POINT ( 'NONE',  ( -0.7749999999999999112, -2.277216163946027105, 0.003810936464559766534 ) ) ;
#1514 = AXIS2_PLACEMENT_3D ( 'NONE', #2447, #720, #9117 ) ;
#1515 = DIRECTION ( 'NONE',  ( 0.000000000000000000, 0.000000000000000000, -1.000000000000000000 ) ) ;
#1516 = CARTESIAN_POINT ( 'NONE',  ( -2.074999999999999734, -2.552580984647486062, -0.3682250350372594516 ) ) ;
#1517 = CARTESIAN_POINT ( 'NONE',  ( -2.449999999999999289, -1.875136580382891216, 0.09999999999999993616 ) ) ;
#1518 = ORIENTED_EDGE ( 'NONE', *, *, #5963, .T. ) ;
#1519 = PRESENTATION_LAYER_ASSIGNMENT (  '', '', ( #4814 ) ) ;
#1520 = PRESENTATION_STYLE_ASSIGNMENT (( #6419 ) ) ;
#1521 =( LENGTH_UNIT ( ) NAMED_UNIT ( * ) SI_UNIT ( .MILLI., .METRE. ) );
#1522 = ORIENTED_EDGE ( 'NONE', *, *, #2632, .T. ) ;
#1523 = DIRECTION ( 'NONE',  ( 1.000000000000000000, 0.000000000000000000, 0.000000000000000000 ) ) ;
#1524 =( GEOMETRIC_REPRESENTATION_CONTEXT ( 3 ) GLOBAL_UNCERTAINTY_ASSIGNED_CONTEXT ( ( #4843 ) ) GLOBAL_UNIT_ASSIGNED_CONTEXT ( ( #4562, #9626, #1194 ) ) REPRESENTATION_CONTEXT ( 'NONE', 'WORKASPACE' ) );
#1525 = FILL_AREA_STYLE ('',( #559 ) ) ;
#1526 = CARTESIAN_POINT ( 'NONE',  ( 0.7750000000000001332, -2.135474103490985875, -0.1480945317677201667 ) ) ;
#1527 = STYLED_ITEM ( 'NONE', ( #4546 ), #8899 ) ;
#1528 = COLOUR_RGB ( '',0.8039215686274510109, 0.8039215686274510109, 0.8039215686274510109 ) ;
#1529 = STYLED_ITEM ( 'NONE', ( #10082 ), #7096 ) ;
#1530 = EDGE_CURVE ( 'NONE', #4207, #3558, #6049, .T. ) ;
#1531 = ORIENTED_EDGE ( 'NONE', *, *, #7909, .T. ) ;
#1532 = MECHANICAL_DESIGN_GEOMETRIC_PRESENTATION_REPRESENTATION (  '', ( #5885 ), #987 ) ;
#1533 = CARTESIAN_POINT ( 'NONE',  ( -1.424999999999999822, 1.949999999999999512, -0.1000000000000000056 ) ) ;
#1534 = PLANE ( 'NONE',  #2239 ) ;
#1535 = STYLED_ITEM ( 'NONE', ( #9110 ), #8996 ) ;
#1537 =( NAMED_UNIT ( * ) SI_UNIT ( $, .STERADIAN. ) SOLID_ANGLE_UNIT ( ) );
#1536 = SURFACE_STYLE_USAGE ( .BOTH. , #698 ) ;
#1538 = MECHANICAL_DESIGN_GEOMETRIC_PRESENTATION_REPRESENTATION (  '', ( #4832 ), #10281 ) ;
#1539 = VERTEX_POINT ( 'NONE', #8586 ) ;
#1540 = CIRCLE ( 'NONE', #1196, 0.07499999999999980294 ) ;
#1541 = CARTESIAN_POINT ( 'NONE',  ( 2.075000000000000178, 2.106267956964054999, 0.09999999999999999167 ) ) ;
#1542 =( GEOMETRIC_REPRESENTATION_CONTEXT ( 3 ) GLOBAL_UNCERTAINTY_ASSIGNED_CONTEXT ( ( #7826 ) ) GLOBAL_UNIT_ASSIGNED_CONTEXT ( ( #5462, #1272, #8772 ) ) REPRESENTATION_CONTEXT ( 'NONE', 'WORKASPACE' ) );
#1543 = CYLINDRICAL_SURFACE ( 'NONE', #8002, 0.2000000000000000389 ) ;
#1544 = SURFACE_STYLE_USAGE ( .BOTH. , #7500 ) ;
#1545 = CARTESIAN_POINT ( 'NONE',  ( -2.449999999999999289, -1.835172790808106802, -0.4749999999999999223 ) ) ;
#1546 = EDGE_CURVE ( 'NONE', #7693, #9482, #66, .T. ) ;
#1547 = ORIENTED_EDGE ( 'NONE', *, *, #9102, .F. ) ;
#1548 = CARTESIAN_POINT ( 'NONE',  ( -0.5249999999999999112, 1.949999999999999512, -0.1000000000000000056 ) ) ;
#1549 = STYLED_ITEM ( 'NONE', ( #10841 ), #8567 ) ;
#1550 = STYLED_ITEM ( 'NONE', ( #4267 ), #1689 ) ;
#1551 = MECHANICAL_DESIGN_GEOMETRIC_PRESENTATION_REPRESENTATION (  '', ( #8187 ), #9418 ) ;
#1552 = CARTESIAN_POINT ( 'NONE',  ( -1.174999999999999822, -1.949999999999999512, -0.1000000000000000056 ) ) ;
#1553 = PLANE ( 'NONE',  #10821 ) ;
#1554 = DIRECTION ( 'NONE',  ( 0.000000000000000000, 0.000000000000000000, 1.000000000000000000 ) ) ;
#1555 = ORIENTED_EDGE ( 'NONE', *, *, #10277, .F. ) ;
#1556 = EDGE_CURVE ( 'NONE', #7171, #9119, #2799, .T. ) ;
#1557 = CARTESIAN_POINT ( 'NONE',  ( -1.174999999999999822, 2.135474103490985875, -0.1480945317677201667 ) ) ;
#1558 = EDGE_LOOP ( 'NONE', ( #8755, #10104, #2551, #4487, #7732, #6487, #675, #6192, #4260, #10463, #5314, #6370 ) ) ;
#1559 = DIRECTION ( 'NONE',  ( 0.000000000000000000, -0.9975640502598241977, -0.06975647374412544122 ) ) ;
#1560 = DIRECTION ( 'NONE',  ( 1.000000000000000000, -0.000000000000000000, 0.000000000000000000 ) ) ;
#1561 = LINE ( 'NONE', #2441, #2859 ) ;
#1562 = VECTOR ( 'NONE', #8937, 1000.000000000000000 ) ;
#1563 =( NAMED_UNIT ( * ) SI_UNIT ( $, .STERADIAN. ) SOLID_ANGLE_UNIT ( ) );
#1564 = UNCERTAINTY_MEASURE_WITH_UNIT (LENGTH_MEASURE( 1.000000000000000082E-05 ), #8590, 'distance_accuracy_value', 'NONE');
#1565 = CARTESIAN_POINT ( 'NONE',  ( -2.074999999999999734, 3.000000000000000000, -0.3995116203837655866 ) ) ;
#1566 = DIRECTION ( 'NONE',  ( 0.000000000000000000, 0.000000000000000000, -1.000000000000000000 ) ) ;
#1567 = CARTESIAN_POINT ( 'NONE',  ( -0.1249999999999998890, 3.000000000000000000, -0.3995116203837655866 ) ) ;
#1568 = EDGE_LOOP ( 'NONE', ( #7852, #8961, #9428, #1531 ) ) ;
#1569 = ORIENTED_EDGE ( 'NONE', *, *, #3202, .T. ) ;
#1570 = AXIS2_PLACEMENT_3D ( 'NONE', #3643, #1870, #2850 ) ;
#1571 = ORIENTED_EDGE ( 'NONE', *, *, #4125, .F. ) ;
#1572 = SURFACE_STYLE_FILL_AREA ( #3401 ) ;
#1573 = SURFACE_SIDE_STYLE ('',( #4177 ) ) ;
#1574 = CARTESIAN_POINT ( 'NONE',  ( 1.824999999999999956, -2.277216163946027105, 0.003810936464559820311 ) ) ;
#1575 = DIRECTION ( 'NONE',  ( 0.000000000000000000, 0.000000000000000000, -1.000000000000000000 ) ) ;
#1576 = ADVANCED_FACE ( 'NONE', ( #7600 ), #8631, .T. ) ;
#1577 = VERTEX_POINT ( 'NONE', #960 ) ;
#1578 = ORIENTED_EDGE ( 'NONE', *, *, #8591, .T. ) ;
#1579 = DIRECTION ( 'NONE',  ( 0.1039620511844979445, 0.1039620511844979445, -0.9891328443778538704 ) ) ;
#1580 = DIRECTION ( 'NONE',  ( 0.000000000000000000, 0.000000000000000000, -1.000000000000000000 ) ) ;
#1581 = UNCERTAINTY_MEASURE_WITH_UNIT (LENGTH_MEASURE( 1.000000000000000082E-05 ), #79, 'distance_accuracy_value', 'NONE');
#1582 = PRESENTATION_STYLE_ASSIGNMENT (( #3163 ) ) ;
#1583 = MANIFOLD_SOLID_BREP ( 'Boss-Extrude5', #1416 ) ;
#1584 = EDGE_CURVE ( 'NONE', #10354, #6299, #782, .T. ) ;
#1585 = MECHANICAL_DESIGN_GEOMETRIC_PRESENTATION_REPRESENTATION (  '', ( #4185 ), #9614 ) ;
#1586 = SURFACE_STYLE_USAGE ( .BOTH. , #4017 ) ;
#1587 = VERTEX_POINT ( 'NONE', #1972 ) ;
#1588 = DIRECTION ( 'NONE',  ( 0.000000000000000000, 0.9945218953682732899, -0.1045284632676537068 ) ) ;
#1589 = CARTESIAN_POINT ( 'NONE',  ( 0.5250000000000000222, -2.552580984647486062, -0.3682250350372596737 ) ) ;
#1590 = ORIENTED_EDGE ( 'NONE', *, *, #6195, .F. ) ;
#1591 =( NAMED_UNIT ( * ) SI_UNIT ( $, .STERADIAN. ) SOLID_ANGLE_UNIT ( ) );
#1592 = CARTESIAN_POINT ( 'NONE',  ( 1.824999999999999956, -1.949999999999999512, -0.1000000000000000056 ) ) ;
#1593 = VERTEX_POINT ( 'NONE', #2743 ) ;
#1594 = FILL_AREA_STYLE ('',( #8271 ) ) ;
#1595 = SURFACE_SIDE_STYLE ('',( #3918 ) ) ;
#1596 = CLOSED_SHELL ( 'NONE', ( #6591, #4380, #5448, #9304, #4112, #4, #6282, #5281, #2686, #7642, #8339, #1763, #9650, #8732 ) ) ;
#1597 = CARTESIAN_POINT ( 'NONE',  ( -0.7749999999999999112, -3.000000000000000000, -0.6000000000000000888 ) ) ;
#1598 = UNCERTAINTY_MEASURE_WITH_UNIT (LENGTH_MEASURE( 1.000000000000000082E-05 ), #3858, 'distance_accuracy_value', 'NONE');
#1599 = ORIENTED_EDGE ( 'NONE', *, *, #3235, .T. ) ;
#1600 = CARTESIAN_POINT ( 'NONE',  ( -0.5249999999999999112, 3.000000000000000000, -0.3995116203837655866 ) ) ;
#1601 = LINE ( 'NONE', #966, #2087 ) ;
#1602 = CARTESIAN_POINT ( 'NONE',  ( -0.7749999999999999112, 3.000000000000000000, -0.6000000000000000888 ) ) ;
#1603 = CARTESIAN_POINT ( 'NONE',  ( -2.074999999999999734, -2.486996912233147228, -0.5641273295552871048 ) ) ;
#1604 = ORIENTED_EDGE ( 'NONE', *, *, #3928, .T. ) ;
#1605 = EDGE_CURVE ( 'NONE', #9727, #4564, #3737, .T. ) ;
#1606 = ORIENTED_EDGE ( 'NONE', *, *, #2326, .T. ) ;
#1607 = LINE ( 'NONE', #1664, #65 ) ;
#1608 = EDGE_CURVE ( 'NONE', #9577, #7278, #2893, .T. ) ;
#1609 = CARTESIAN_POINT ( 'NONE',  ( 0.5250000000000000222, 2.106267956964054999, 0.09999999999999999167 ) ) ;
#1610 = EDGE_CURVE ( 'NONE', #517, #9171, #6360, .T. ) ;
#1611 = CARTESIAN_POINT ( 'NONE',  ( 1.175000000000000044, -3.000000000000000000, -0.3995116203837655866 ) ) ;
#1612 =( NAMED_UNIT ( * ) PLANE_ANGLE_UNIT ( ) SI_UNIT ( $, .RADIAN. ) );
#1613 = DIRECTION ( 'NONE',  ( 0.000000000000000000, 0.000000000000000000, 1.000000000000000000 ) ) ;
#1614 = DIRECTION ( 'NONE',  ( 0.000000000000000000, -0.9975640502598241977, 0.06975647374412535795 ) ) ;
#1615 = CYLINDRICAL_SURFACE ( 'NONE', #8541, 0.1000000000000000194 ) ;
#1616 = ORIENTED_EDGE ( 'NONE', *, *, #1646, .F. ) ;
#1617 = CARTESIAN_POINT ( 'NONE',  ( 1.824999999999999956, -2.552580984647486062, -0.3682250350372594516 ) ) ;
#1618 = EDGE_CURVE ( 'NONE', #7360, #5576, #8035, .T. ) ;
#1619 = AXIS2_PLACEMENT_3D ( 'NONE', #8960, #4768, #7060 ) ;
#1620 = ORIENTED_EDGE ( 'NONE', *, *, #6426, .T. ) ;
#1621 = MANIFOLD_SOLID_BREP ( 'LPattern1[4]', #6119 ) ;
#1622 = VECTOR ( 'NONE', #3057, 1000.000000000000000 ) ;
#1623 = SURFACE_SIDE_STYLE ('',( #1572 ) ) ;
#1624 = SURFACE_STYLE_USAGE ( .BOTH. , #9124 ) ;
#1625 = DIRECTION ( 'NONE',  ( 1.000000000000000000, 0.000000000000000000, 0.000000000000000000 ) ) ;
#1626 = CARTESIAN_POINT ( 'NONE',  ( 2.075000000000000178, 2.559556632021898537, -0.2684686300112771873 ) ) ;
#1627 = MECHANICAL_DESIGN_GEOMETRIC_PRESENTATION_REPRESENTATION (  '', ( #3866 ), #5431 ) ;
#1628 = ORIENTED_EDGE ( 'NONE', *, *, #5794, .T. ) ;
#1629 = FILL_AREA_STYLE ('',( #4939 ) ) ;
#1630 = ORIENTED_EDGE ( 'NONE', *, *, #4062, .T. ) ;
#1631 = SURFACE_STYLE_FILL_AREA ( #9131 ) ;
#1632 = COLOUR_RGB ( '',0.8039215686274510109, 0.8039215686274510109, 0.8039215686274510109 ) ;
#1633 = ADVANCED_FACE ( 'NONE', ( #3848 ), #7917, .T. ) ;
#1634 = EDGE_CURVE ( 'NONE', #561, #3994, #8487, .T. ) ;
#1635 =( LENGTH_UNIT ( ) NAMED_UNIT ( * ) SI_UNIT ( .MILLI., .METRE. ) );
#1636 = VERTEX_POINT ( 'NONE', #452 ) ;
#1637 = DIRECTION ( 'NONE',  ( 1.000000000000000000, 0.000000000000000000, 0.000000000000000000 ) ) ;
#1638 = LINE ( 'NONE', #18, #9175 ) ;
#1639 = CARTESIAN_POINT ( 'NONE',  ( 0.7750000000000001332, 2.277216163946027105, 0.003810936464559766534 ) ) ;
#1640 = SURFACE_STYLE_FILL_AREA ( #10353 ) ;
#1641 = VERTEX_POINT ( 'NONE', #7876 ) ;
#1642 = CARTESIAN_POINT ( 'NONE',  ( -1.424999999999999822, 2.559556632021898537, -0.2684686300112771873 ) ) ;
#1644 = PRESENTATION_STYLE_ASSIGNMENT (( #9095 ) ) ;
#1643 = PRESENTATION_STYLE_ASSIGNMENT (( #1536 ) ) ;
#1645 = VERTEX_POINT ( 'NONE', #340 ) ;
#1646 = EDGE_CURVE ( 'NONE', #5319, #10710, #4263, .T. ) ;
#1647 = PLANE ( 'NONE',  #10809 ) ;
#1648 = VERTEX_POINT ( 'NONE', #3007 ) ;
#1649 = SURFACE_STYLE_USAGE ( .BOTH. , #2691 ) ;
#1650 = SURFACE_STYLE_FILL_AREA ( #702 ) ;
#1651 = CYLINDRICAL_SURFACE ( 'NONE', #1773, 0.07499999999999998335 ) ;
#1652 = ORIENTED_EDGE ( 'NONE', *, *, #3020, .T. ) ;
#1653 = AXIS2_PLACEMENT_3D ( 'NONE', #612, #3844, #3054 ) ;
#1654 = FILL_AREA_STYLE_COLOUR ( '', #9411 ) ;
#1655 = CARTESIAN_POINT ( 'NONE',  ( -2.074999999999999734, -2.552580984647486062, -0.3682250350372596737 ) ) ;
#1656 = DIRECTION ( 'NONE',  ( 1.000000000000000000, 0.000000000000000000, 0.000000000000000000 ) ) ;
#1657 = LINE ( 'NONE', #5572, #93 ) ;
#1658 =( NAMED_UNIT ( * ) PLANE_ANGLE_UNIT ( ) SI_UNIT ( $, .RADIAN. ) );
#1659 = ORIENTED_EDGE ( 'NONE', *, *, #6025, .T. ) ;
#1660 = AXIS2_PLACEMENT_3D ( 'NONE', #1940, #920, #5129 ) ;
#1661 = FILL_AREA_STYLE_COLOUR ( '', #1173 ) ;
#1662 = VECTOR ( 'NONE', #8199, 1000.000000000000000 ) ;
#1663 = ORIENTED_EDGE ( 'NONE', *, *, #5289, .F. ) ;
#1664 = CARTESIAN_POINT ( 'NONE',  ( -2.074999999999999734, -2.330000000000000071, -0.4684254559678819319 ) ) ;
#1665 =( GEOMETRIC_REPRESENTATION_CONTEXT ( 3 ) GLOBAL_UNCERTAINTY_ASSIGNED_CONTEXT ( ( #6319 ) ) GLOBAL_UNIT_ASSIGNED_CONTEXT ( ( #10832, #8317, #10771 ) ) REPRESENTATION_CONTEXT ( 'NONE', 'WORKASPACE' ) );
#1666 =( NAMED_UNIT ( * ) SI_UNIT ( $, .STERADIAN. ) SOLID_ANGLE_UNIT ( ) );
#1667 = DIRECTION ( 'NONE',  ( 1.000000000000000000, 0.000000000000000000, 0.000000000000000000 ) ) ;
#1668 = CARTESIAN_POINT ( 'NONE',  ( -2.074999999999999734, -2.049999999999999822, -0.2000000000000000111 ) ) ;
#1669 = STYLED_ITEM ( 'NONE', ( #5757 ), #3816 ) ;
#1670 = SURFACE_STYLE_USAGE ( .BOTH. , #3095 ) ;
#1671 = ADVANCED_FACE ( 'NONE', ( #6302 ), #3212, .T. ) ;
#1672 = LINE ( 'NONE', #4878, #9542 ) ;
#1673 = SURFACE_STYLE_USAGE ( .BOTH. , #837 ) ;
#1674 = EDGE_CURVE ( 'NONE', #954, #3745, #5475, .T. ) ;
#1675 = ORIENTED_EDGE ( 'NONE', *, *, #8481, .T. ) ;
#1676 = ORIENTED_EDGE ( 'NONE', *, *, #5766, .F. ) ;
#1677 =( GEOMETRIC_REPRESENTATION_CONTEXT ( 3 ) GLOBAL_UNCERTAINTY_ASSIGNED_CONTEXT ( ( #1564 ) ) GLOBAL_UNIT_ASSIGNED_CONTEXT ( ( #8590, #9516, #4405 ) ) REPRESENTATION_CONTEXT ( 'NONE', 'WORKASPACE' ) );
#1678 = MECHANICAL_DESIGN_GEOMETRIC_PRESENTATION_REPRESENTATION (  '', ( #4264 ), #2555 ) ;
#1679 =( GEOMETRIC_REPRESENTATION_CONTEXT ( 3 ) GLOBAL_UNCERTAINTY_ASSIGNED_CONTEXT ( ( #9895 ) ) GLOBAL_UNIT_ASSIGNED_CONTEXT ( ( #8441, #5192, #5915 ) ) REPRESENTATION_CONTEXT ( 'NONE', 'WORKASPACE' ) );
#1680 = FACE_OUTER_BOUND ( 'NONE', #6919, .T. ) ;
#1681 = VECTOR ( 'NONE', #4005, 1000.000000000000000 ) ;
#1682 = EDGE_CURVE ( 'NONE', #10643, #9194, #6349, .T. ) ;
#1683 = VECTOR ( 'NONE', #4253, 1000.000000000000000 ) ;
#1684 = STYLED_ITEM ( 'NONE', ( #2319 ), #1510 ) ;
#1685 = PRESENTATION_STYLE_ASSIGNMENT (( #5814 ) ) ;
#1686 = CARTESIAN_POINT ( 'NONE',  ( 2.335172790808107024, 1.835172790808107690, 0.5499999999999999334 ) ) ;
#1687 = PRESENTATION_LAYER_ASSIGNMENT (  '', '', ( #5856 ) ) ;
#1688 = VERTEX_POINT ( 'NONE', #1526 ) ;
#1689 = ADVANCED_FACE ( 'NONE', ( #5974 ), #5726, .T. ) ;
#1690 = ORIENTED_EDGE ( 'NONE', *, *, #1015, .F. ) ;
#1691 = COLOUR_RGB ( '',0.8039215686274510109, 0.8039215686274510109, 0.8039215686274510109 ) ;
#1692 = DIRECTION ( 'NONE',  ( 0.000000000000000000, -0.9975640502598241977, -0.06975647374412544122 ) ) ;
#1693 = CIRCLE ( 'NONE', #4811, 0.2000000000000000389 ) ;
#1694 = LINE ( 'NONE', #10829, #3260 ) ;
#1695 = VERTEX_POINT ( 'NONE', #8209 ) ;
#1696 = DIRECTION ( 'NONE',  ( 1.000000000000000000, 0.000000000000000000, 0.000000000000000000 ) ) ;
#1697 = AXIS2_PLACEMENT_3D ( 'NONE', #1039, #2663, #5084 ) ;
#1698 = LINE ( 'NONE', #8380, #5998 ) ;
#1699 = LINE ( 'NONE', #1767, #1251 ) ;
#1700 = MECHANICAL_DESIGN_GEOMETRIC_PRESENTATION_REPRESENTATION (  '', ( #1135 ), #3096 ) ;
#1701 = DIRECTION ( 'NONE',  ( 0.000000000000000000, -0.5190546823227987216, -0.8547410349098599758 ) ) ;
#1702 = ORIENTED_EDGE ( 'NONE', *, *, #9406, .T. ) ;
#1703 =( NAMED_UNIT ( * ) PLANE_ANGLE_UNIT ( ) SI_UNIT ( $, .RADIAN. ) );
#1704 = ORIENTED_EDGE ( 'NONE', *, *, #9247, .T. ) ;
#1705 = AXIS2_PLACEMENT_3D ( 'NONE', #3800, #10509, #9675 ) ;
#1706 = FACE_OUTER_BOUND ( 'NONE', #9443, .T. ) ;
#1707 = VECTOR ( 'NONE', #9787, 1000.000000000000114 ) ;
#1708 = FILL_AREA_STYLE_COLOUR ( '', #9412 ) ;
#1709 = FILL_AREA_STYLE_COLOUR ( '', #2733 ) ;
#1710 = AXIS2_PLACEMENT_3D ( 'NONE', #4951, #8214, #5668 ) ;
#1711 = VECTOR ( 'NONE', #67, 1000.000000000000000 ) ;
#1712 = CARTESIAN_POINT ( 'NONE',  ( 2.000000000000000000, -1.324999999999999512, -0.5499999999999999334 ) ) ;
#1713 = UNCERTAINTY_MEASURE_WITH_UNIT (LENGTH_MEASURE( 1.000000000000000082E-05 ), #5226, 'distance_accuracy_value', 'NONE');
#1714 = ORIENTED_EDGE ( 'NONE', *, *, #7048, .F. ) ;
#1715 = SURFACE_STYLE_FILL_AREA ( #9972 ) ;
#1716 = EDGE_CURVE ( 'NONE', #10657, #10384, #4066, .T. ) ;
#1717 = STYLED_ITEM ( 'NONE', ( #5243 ), #4915 ) ;
#1718 =( NAMED_UNIT ( * ) PLANE_ANGLE_UNIT ( ) SI_UNIT ( $, .RADIAN. ) );
#1719 = FILL_AREA_STYLE_COLOUR ( '', #7315 ) ;
#1720 = AXIS2_PLACEMENT_3D ( 'NONE', #1051, #10218, #2729 ) ;
#1721 = VECTOR ( 'NONE', #3608, 1000.000000000000000 ) ;
#1722 = CARTESIAN_POINT ( 'NONE',  ( 0.1250000000000001110, 2.049999999999999822, -0.1000000000000000056 ) ) ;
#1723 = CARTESIAN_POINT ( 'NONE',  ( 0.7750000000000001332, 2.552580984647486062, -0.3682250350372594516 ) ) ;
#1724 = VERTEX_POINT ( 'NONE', #740 ) ;
#1725 = DIRECTION ( 'NONE',  ( 0.000000000000000000, -0.5190546823227987216, -0.8547410349098599758 ) ) ;
#1726 = CIRCLE ( 'NONE', #10276, 0.09999999999999982514 ) ;
#1727 = EDGE_CURVE ( 'NONE', #4330, #7866, #7572, .T. ) ;
#1728 =( NAMED_UNIT ( * ) PLANE_ANGLE_UNIT ( ) SI_UNIT ( $, .RADIAN. ) );
#1729 = ORIENTED_EDGE ( 'NONE', *, *, #10226, .F. ) ;
#1730 = DIRECTION ( 'NONE',  ( 0.000000000000000000, 0.000000000000000000, -1.000000000000000000 ) ) ;
#1731 = PRESENTATION_LAYER_ASSIGNMENT (  '', '', ( #4135 ) ) ;
#1732 = SURFACE_STYLE_FILL_AREA ( #659 ) ;
#1733 = AXIS2_PLACEMENT_3D ( 'NONE', #7546, #3372, #7709 ) ;
#1734 = PRESENTATION_LAYER_ASSIGNMENT (  '', '', ( #4306 ) ) ;
#1735 =( NAMED_UNIT ( * ) PLANE_ANGLE_UNIT ( ) SI_UNIT ( $, .RADIAN. ) );
#1736 = AXIS2_PLACEMENT_3D ( 'NONE', #8560, #6271, #7030 ) ;
#1737 = COLOUR_RGB ( '',0.8039215686274510109, 0.8039215686274510109, 0.8039215686274510109 ) ;
#1738 = DIRECTION ( 'NONE',  ( 0.000000000000000000, 0.000000000000000000, 1.000000000000000000 ) ) ;
#1739 = DIRECTION ( 'NONE',  ( -0.1039620511844979445, 0.1039620511844979445, 0.9891328443778538704 ) ) ;
#1740 = FILL_AREA_STYLE ('',( #10039 ) ) ;
#1741 = DIRECTION ( 'NONE',  ( 1.000000000000000000, 0.000000000000000000, 0.000000000000000000 ) ) ;
#1742 = VECTOR ( 'NONE', #1637, 1000.000000000000000 ) ;
#1743 = CIRCLE ( 'NONE', #7843, 0.2000000000000000389 ) ;
#1744 = SURFACE_SIDE_STYLE ('',( #9219 ) ) ;
#1745 = ORIENTED_EDGE ( 'NONE', *, *, #2554, .F. ) ;
#1746 =( GEOMETRIC_REPRESENTATION_CONTEXT ( 3 ) GLOBAL_UNCERTAINTY_ASSIGNED_CONTEXT ( ( #9468 ) ) GLOBAL_UNIT_ASSIGNED_CONTEXT ( ( #1177, #6194, #2791 ) ) REPRESENTATION_CONTEXT ( 'NONE', 'WORKASPACE' ) );
#1747 = VECTOR ( 'NONE', #5230, 1000.000000000000114 ) ;
#1748 = ORIENTED_EDGE ( 'NONE', *, *, #8954, .T. ) ;
#1749 = VERTEX_POINT ( 'NONE', #4777 ) ;
#1750 = ORIENTED_EDGE ( 'NONE', *, *, #9170, .F. ) ;
#1751 = CARTESIAN_POINT ( 'NONE',  ( 2.409761932960727382, -1.949999999999999512, -0.4828396347450738535 ) ) ;
#1752 =( LENGTH_UNIT ( ) NAMED_UNIT ( * ) SI_UNIT ( .MILLI., .METRE. ) );
#1753 = COLOUR_RGB ( '',0.8039215686274510109, 0.8039215686274510109, 0.8039215686274510109 ) ;
#1754 =( LENGTH_UNIT ( ) NAMED_UNIT ( * ) SI_UNIT ( .MILLI., .METRE. ) );
#1755 =( LENGTH_UNIT ( ) NAMED_UNIT ( * ) SI_UNIT ( .MILLI., .METRE. ) );
#1756 = COLOUR_RGB ( '',0.8039215686274510109, 0.8039215686274510109, 0.8039215686274510109 ) ;
#1757 = DIRECTION ( 'NONE',  ( 0.000000000000000000, 0.9975640502598241977, -0.06975647374412544122 ) ) ;
#1758 = DIRECTION ( 'NONE',  ( 0.000000000000000000, -0.000000000000000000, 1.000000000000000000 ) ) ;
#1759 = ORIENTED_EDGE ( 'NONE', *, *, #10267, .T. ) ;
#1760 = ORIENTED_EDGE ( 'NONE', *, *, #1716, .F. ) ;
#1761 = AXIS2_PLACEMENT_3D ( 'NONE', #1986, #6071, #5286 ) ;
#1762 = DIRECTION ( 'NONE',  ( 0.000000000000000000, 0.000000000000000000, -1.000000000000000000 ) ) ;
#1763 = ADVANCED_FACE ( 'NONE', ( #3967 ), #7316, .T. ) ;
#1764 = PRESENTATION_STYLE_ASSIGNMENT (( #5938 ) ) ;
#1765 = EDGE_CURVE ( 'NONE', #10214, #6723, #2472, .T. ) ;
#1766 = FILL_AREA_STYLE_COLOUR ( '', #3224 ) ;
#1767 = CARTESIAN_POINT ( 'NONE',  ( 1.175000000000000044, -2.330000000000000071, -0.4684254559678819319 ) ) ;
#1768 = ORIENTED_EDGE ( 'NONE', *, *, #2657, .F. ) ;
#1769 =( LENGTH_UNIT ( ) NAMED_UNIT ( * ) SI_UNIT ( .MILLI., .METRE. ) );
#1770 = EDGE_LOOP ( 'NONE', ( #3725, #2094, #3059, #3185 ) ) ;
#1771 = SURFACE_STYLE_USAGE ( .BOTH. , #5989 ) ;
#1772 = PLANE ( 'NONE',  #655 ) ;
#1773 = AXIS2_PLACEMENT_3D ( 'NONE', #1545, #7501, #8224 ) ;
#1774 = DIRECTION ( 'NONE',  ( 0.000000000000000000, -1.000000000000000000, 0.000000000000000000 ) ) ;
#1775 = ORIENTED_EDGE ( 'NONE', *, *, #7554, .F. ) ;
#1776 = SURFACE_STYLE_FILL_AREA ( #4964 ) ;
#1777 = DIRECTION ( 'NONE',  ( 0.000000000000000000, 0.000000000000000000, -1.000000000000000000 ) ) ;
#1778 = CARTESIAN_POINT ( 'NONE',  ( 1.175000000000000044, 2.559556632021898537, -0.2684686300112771873 ) ) ;
#1779 = SURFACE_STYLE_FILL_AREA ( #1824 ) ;
#1780 = ORIENTED_EDGE ( 'NONE', *, *, #9777, .F. ) ;
#1781 = FILL_AREA_STYLE ('',( #139 ) ) ;
#1782 = SURFACE_SIDE_STYLE ('',( #7720 ) ) ;
#1783 = ADVANCED_FACE ( 'NONE', ( #4336 ), #1952, .F. ) ;
#1784 = DIRECTION ( 'NONE',  ( 0.000000000000000000, -0.9975640502598241977, 0.06975647374412535795 ) ) ;
#1785 = CARTESIAN_POINT ( 'NONE',  ( -1.824999999999999734, -2.330000000000000071, -0.4684254559678819319 ) ) ;
#1786 =( LENGTH_UNIT ( ) NAMED_UNIT ( * ) SI_UNIT ( .MILLI., .METRE. ) );
#1787 = EDGE_CURVE ( 'NONE', #7437, #6030, #7043, .T. ) ;
#1788 = UNCERTAINTY_MEASURE_WITH_UNIT (LENGTH_MEASURE( 1.000000000000000082E-05 ), #6518, 'distance_accuracy_value', 'NONE');
#1789 = EDGE_CURVE ( 'NONE', #9119, #8221, #9235, .T. ) ;
#1790 = CARTESIAN_POINT ( 'NONE',  ( 0.1250000000000001110, -3.000000000000000000, -0.3995116203837655866 ) ) ;
#1791 =( NAMED_UNIT ( * ) PLANE_ANGLE_UNIT ( ) SI_UNIT ( $, .RADIAN. ) );
#1792 = DIRECTION ( 'NONE',  ( 0.000000000000000000, 1.000000000000000000, -8.672620682681688006E-17 ) ) ;
#1793 = FILL_AREA_STYLE ('',( #10160 ) ) ;
#1794 = VERTEX_POINT ( 'NONE', #5205 ) ;
#1795 = ORIENTED_EDGE ( 'NONE', *, *, #4898, .F. ) ;
#1796 = ADVANCED_FACE ( 'NONE', ( #8569 ), #1044, .T. ) ;
#1797 = VERTEX_POINT ( 'NONE', #7288 ) ;
#1798 = FACE_OUTER_BOUND ( 'NONE', #4892, .T. ) ;
#1799 =( NAMED_UNIT ( * ) SI_UNIT ( $, .STERADIAN. ) SOLID_ANGLE_UNIT ( ) );
#1800 = SURFACE_STYLE_FILL_AREA ( #2828 ) ;
#1801 = CIRCLE ( 'NONE', #6982, 0.1950000000000000899 ) ;
#1802 = DIRECTION ( 'NONE',  ( 0.000000000000000000, -1.000000000000000000, -0.000000000000000000 ) ) ;
#1803 = ORIENTED_EDGE ( 'NONE', *, *, #3396, .F. ) ;
#1804 = VERTEX_POINT ( 'NONE', #2331 ) ;
#1805 = CARTESIAN_POINT ( 'NONE',  ( 0.1250000000000001110, -3.000000000000000000, -0.6000000000000000888 ) ) ;
#1806 = CARTESIAN_POINT ( 'NONE',  ( -0.1249999999999998890, -1.949999999999999512, 0.1000000000000000056 ) ) ;
#1807 = FILL_AREA_STYLE_COLOUR ( '', #6899 ) ;
#1808 = COLOUR_RGB ( '',0.8039215686274510109, 0.8039215686274510109, 0.8039215686274510109 ) ;
#1809 = CARTESIAN_POINT ( 'NONE',  ( 1.175000000000000044, 3.000000000000000000, -0.6000000000000000888 ) ) ;
#1810 = EDGE_CURVE ( 'NONE', #9171, #7954, #9768, .T. ) ;
#1811 =( NAMED_UNIT ( * ) PLANE_ANGLE_UNIT ( ) SI_UNIT ( $, .RADIAN. ) );
#1812 = ORIENTED_EDGE ( 'NONE', *, *, #1530, .T. ) ;
#1813 = ORIENTED_EDGE ( 'NONE', *, *, #10500, .T. ) ;
#1814 = DIRECTION ( 'NONE',  ( 1.000000000000000000, 0.000000000000000000, 0.000000000000000000 ) ) ;
#1815 = LINE ( 'NONE', #6853, #5356 ) ;
#1816 = FILL_AREA_STYLE_COLOUR ( '', #3560 ) ;
#1817 = UNCERTAINTY_MEASURE_WITH_UNIT (LENGTH_MEASURE( 1.000000000000000082E-05 ), #1852, 'distance_accuracy_value', 'NONE');
#1818 = DIRECTION ( 'NONE',  ( 0.000000000000000000, 0.000000000000000000, -1.000000000000000000 ) ) ;
#1819 = ORIENTED_EDGE ( 'NONE', *, *, #27, .T. ) ;
#1820 = PRESENTATION_LAYER_ASSIGNMENT (  '', '', ( #4057 ) ) ;
#1821 = EDGE_CURVE ( 'NONE', #7215, #1645, #8108, .T. ) ;
#1822 =( GEOMETRIC_REPRESENTATION_CONTEXT ( 3 ) GLOBAL_UNCERTAINTY_ASSIGNED_CONTEXT ( ( #10021 ) ) GLOBAL_UNIT_ASSIGNED_CONTEXT ( ( #4374, #203, #2824 ) ) REPRESENTATION_CONTEXT ( 'NONE', 'WORKASPACE' ) );
#1823 = CYLINDRICAL_SURFACE ( 'NONE', #10095, 0.2000000000000000389 ) ;
#1824 = FILL_AREA_STYLE ('',( #5026 ) ) ;
#1825 = EDGE_LOOP ( 'NONE', ( #8181, #6962, #2512, #3484 ) ) ;
#1826 = ORIENTED_EDGE ( 'NONE', *, *, #7554, .T. ) ;
#1827 = MECHANICAL_DESIGN_GEOMETRIC_PRESENTATION_REPRESENTATION (  '', ( #10034 ), #5641 ) ;
#1828 = CARTESIAN_POINT ( 'NONE',  ( 1.175000000000000044, -2.049999999999999822, -0.1000000000000000056 ) ) ;
#1829 = AXIS2_PLACEMENT_3D ( 'NONE', #8775, #1275, #7948 ) ;
#1830 = LINE ( 'NONE', #3450, #266 ) ;
#1831 = EDGE_CURVE ( 'NONE', #3330, #7592, #10663, .T. ) ;
#1832 =( NAMED_UNIT ( * ) SI_UNIT ( $, .STERADIAN. ) SOLID_ANGLE_UNIT ( ) );
#1833 = CARTESIAN_POINT ( 'NONE',  ( 1.824999999999999956, -2.474082528530912928, -0.3203740982435569484 ) ) ;
#1834 = VERTEX_POINT ( 'NONE', #8994 ) ;
#1835 = ORIENTED_EDGE ( 'NONE', *, *, #5962, .T. ) ;
#1836 =( GEOMETRIC_REPRESENTATION_CONTEXT ( 3 ) GLOBAL_UNCERTAINTY_ASSIGNED_CONTEXT ( ( #2764 ) ) GLOBAL_UNIT_ASSIGNED_CONTEXT ( ( #8212, #694, #4782 ) ) REPRESENTATION_CONTEXT ( 'NONE', 'WORKASPACE' ) );
#1837 = ADVANCED_FACE ( 'NONE', ( #10588 ), #3089, .T. ) ;
#1838 = ORIENTED_EDGE ( 'NONE', *, *, #10850, .F. ) ;
#1839 = CARTESIAN_POINT ( 'NONE',  ( 1.175000000000000044, -2.049999999999999822, -0.1000000000000000056 ) ) ;
#1840 = DIRECTION ( 'NONE',  ( 1.000000000000000000, 0.000000000000000000, 0.000000000000000000 ) ) ;
#1841 = PRESENTATION_STYLE_ASSIGNMENT (( #2670 ) ) ;
#1842 = CIRCLE ( 'NONE', #8824, 0.1000000000000000194 ) ;
#1843 = CARTESIAN_POINT ( 'NONE',  ( -0.5249999999999999112, 2.559556632021898537, -0.2684686300112771873 ) ) ;
#1844 = CIRCLE ( 'NONE', #9004, 0.07499999999999998335 ) ;
#1845 = DIRECTION ( 'NONE',  ( 0.000000000000000000, -0.5190546823227978335, 0.8547410349098604199 ) ) ;
#1846 = SURFACE_SIDE_STYLE ('',( #1100 ) ) ;
#1847 = ORIENTED_EDGE ( 'NONE', *, *, #7121, .T. ) ;
#1848 =( GEOMETRIC_REPRESENTATION_CONTEXT ( 3 ) GLOBAL_UNCERTAINTY_ASSIGNED_CONTEXT ( ( #194 ) ) GLOBAL_UNIT_ASSIGNED_CONTEXT ( ( #6402, #5584, #10532 ) ) REPRESENTATION_CONTEXT ( 'NONE', 'WORKASPACE' ) );
#1849 = APPLICATION_PROTOCOL_DEFINITION ( 'draft international standard', 'automotive_design', 1998, #151 ) ;
#1850 = ORIENTED_EDGE ( 'NONE', *, *, #710, .T. ) ;
#1851 = ADVANCED_FACE ( 'NONE', ( #4810 ), #9603, .T. ) ;
#1852 =( LENGTH_UNIT ( ) NAMED_UNIT ( * ) SI_UNIT ( .MILLI., .METRE. ) );
#1853 =( NAMED_UNIT ( * ) SI_UNIT ( $, .STERADIAN. ) SOLID_ANGLE_UNIT ( ) );
#1854 = MECHANICAL_DESIGN_GEOMETRIC_PRESENTATION_REPRESENTATION (  '', ( #9367 ), #1310 ) ;
#1855 = LINE ( 'NONE', #8528, #5160 ) ;
#1856 = MECHANICAL_DESIGN_GEOMETRIC_PRESENTATION_REPRESENTATION (  '', ( #7609 ), #2556 ) ;
#1857 = DIRECTION ( 'NONE',  ( 1.000000000000000000, 0.000000000000000000, 0.000000000000000000 ) ) ;
#1858 = DIRECTION ( 'NONE',  ( -0.9945218953682734009, 0.000000000000000000, 0.1045284632676537068 ) ) ;
#1859 = CARTESIAN_POINT ( 'NONE',  ( 1.824999999999999956, -2.330000000000000071, -0.4684254559678819319 ) ) ;
#1860 = ORIENTED_EDGE ( 'NONE', *, *, #5707, .F. ) ;
#1861 = VECTOR ( 'NONE', #10813, 1000.000000000000000 ) ;
#1862 = CARTESIAN_POINT ( 'NONE',  ( -2.074999999999999734, 2.474082528530912928, -0.3203740982435569484 ) ) ;
#1863 = ORIENTED_EDGE ( 'NONE', *, *, #10425, .F. ) ;
#1864 = PRESENTATION_STYLE_ASSIGNMENT (( #2689 ) ) ;
#1865 = SURFACE_STYLE_USAGE ( .BOTH. , #3373 ) ;
#1866 = EDGE_CURVE ( 'NONE', #1724, #4068, #9433, .T. ) ;
#1867 = SURFACE_SIDE_STYLE ('',( #5172 ) ) ;
#1868 = VERTEX_POINT ( 'NONE', #2217 ) ;
#1869 = PRESENTATION_LAYER_ASSIGNMENT (  '', '', ( #3750 ) ) ;
#1870 = DIRECTION ( 'NONE',  ( 0.000000000000000000, 8.672620682681688006E-17, 1.000000000000000000 ) ) ;
#1871 = SURFACE_STYLE_FILL_AREA ( #237 ) ;
#1872 = CARTESIAN_POINT ( 'NONE',  ( 0.1250000000000001110, -2.500948206981972177, -0.3646145195033222430 ) ) ;
#1873 = PRESENTATION_STYLE_ASSIGNMENT (( #9369 ) ) ;
#1874 = ORIENTED_EDGE ( 'NONE', *, *, #5871, .F. ) ;
#1875 = PRESENTATION_LAYER_ASSIGNMENT (  '', '', ( #7965 ) ) ;
#1876 = FILL_AREA_STYLE ('',( #4362 ) ) ;
#1877 = DIRECTION ( 'NONE',  ( 0.000000000000000000, 0.000000000000000000, -1.000000000000000000 ) ) ;
#1878 = MECHANICAL_DESIGN_GEOMETRIC_PRESENTATION_REPRESENTATION (  '', ( #7459 ), #6730 ) ;
#1879 = SURFACE_SIDE_STYLE ('',( #8399 ) ) ;
#1880 =( LENGTH_UNIT ( ) NAMED_UNIT ( * ) SI_UNIT ( .MILLI., .METRE. ) );
#1881 = VECTOR ( 'NONE', #7224, 1000.000000000000000 ) ;
#1882 = SURFACE_STYLE_FILL_AREA ( #1033 ) ;
#1883 = VECTOR ( 'NONE', #9019, 1000.000000000000000 ) ;
#1884 = PLANE ( 'NONE',  #3568 ) ;
#1885 = STYLED_ITEM ( 'NONE', ( #4216 ), #8201 ) ;
#1886 = UNCERTAINTY_MEASURE_WITH_UNIT (LENGTH_MEASURE( 1.000000000000000082E-05 ), #9934, 'distance_accuracy_value', 'NONE');
#1887 = EDGE_CURVE ( 'NONE', #3942, #3661, #5520, .T. ) ;
#1888 =( NAMED_UNIT ( * ) PLANE_ANGLE_UNIT ( ) SI_UNIT ( $, .RADIAN. ) );
#1889 = DIRECTION ( 'NONE',  ( 0.000000000000000000, 0.000000000000000000, 1.000000000000000000 ) ) ;
#1890 = VECTOR ( 'NONE', #10326, 1000.000000000000114 ) ;
#1891 = SURFACE_STYLE_FILL_AREA ( #9381 ) ;
#1892 = VECTOR ( 'NONE', #7101, 1000.000000000000000 ) ;
#1893 = ORIENTED_EDGE ( 'NONE', *, *, #9397, .T. ) ;
#1894 = FILL_AREA_STYLE_COLOUR ( '', #1153 ) ;
#1895 = CIRCLE ( 'NONE', #5518, 0.2000000000000000389 ) ;
#1896 = ORIENTED_EDGE ( 'NONE', *, *, #8027, .F. ) ;
#1897 = VECTOR ( 'NONE', #3537, 1000.000000000000000 ) ;
#1898 = FILL_AREA_STYLE_COLOUR ( '', #3203 ) ;
#1899 = SURFACE_STYLE_FILL_AREA ( #2051 ) ;
#1900 = CARTESIAN_POINT ( 'NONE',  ( -2.074999999999999734, -1.949999999999999512, -0.1000000000000000056 ) ) ;
#1901 = FACE_OUTER_BOUND ( 'NONE', #7721, .T. ) ;
#1902 = STYLED_ITEM ( 'NONE', ( #8874 ), #9197 ) ;
#1903 = FILL_AREA_STYLE ('',( #5145 ) ) ;
#1904 = STYLED_ITEM ( 'NONE', ( #3289 ), #6127 ) ;
#1905 = AXIS2_PLACEMENT_3D ( 'NONE', #2043, #10583, #1212 ) ;
#1906 = CARTESIAN_POINT ( 'NONE',  ( 0.7750000000000001332, -3.000000000000000000, -0.3995116203837655866 ) ) ;
#1907 = VERTEX_POINT ( 'NONE', #1320 ) ;
#1908 = ORIENTED_EDGE ( 'NONE', *, *, #7269, .T. ) ;
#1909 = VERTEX_POINT ( 'NONE', #8008 ) ;
#1910 = EDGE_CURVE ( 'NONE', #8916, #9943, #1205, .T. ) ;
#1911 = CARTESIAN_POINT ( 'NONE',  ( 0.5250000000000000222, 2.330000000000000071, -0.4684254559678819319 ) ) ;
#1912 = AXIS2_PLACEMENT_3D ( 'NONE', #6574, #2459, #679 ) ;
#1913 = VECTOR ( 'NONE', #1314, 1000.000000000000000 ) ;
#1914 = DIRECTION ( 'NONE',  ( 0.000000000000000000, 0.5190546823227987216, -0.8547410349098599758 ) ) ;
#1915 = EDGE_CURVE ( 'NONE', #8282, #1797, #4973, .T. ) ;
#1916 = CARTESIAN_POINT ( 'NONE',  ( -1.824999999999999734, -1.949999999999999512, -0.1000000000000000056 ) ) ;
#1917 = FILL_AREA_STYLE ('',( #5159 ) ) ;
#1918 = VERTEX_POINT ( 'NONE', #6556 ) ;
#1919 = DIRECTION ( 'NONE',  ( 0.000000000000000000, 1.000000000000000000, 0.000000000000000000 ) ) ;
#1920 = DIRECTION ( 'NONE',  ( 1.000000000000000000, 0.000000000000000000, 0.000000000000000000 ) ) ;
#1921 = VERTEX_POINT ( 'NONE', #4102 ) ;
#1922 = VECTOR ( 'NONE', #1656, 1000.000000000000000 ) ;
#1923 = EDGE_CURVE ( 'NONE', #7866, #2190, #9081, .T. ) ;
#1924 = DIRECTION ( 'NONE',  ( -1.000000000000000000, -0.000000000000000000, -0.000000000000000000 ) ) ;
#1925 = DIRECTION ( 'NONE',  ( 0.000000000000000000, 0.9975640502598241977, -0.06975647374412544122 ) ) ;
#1926 = UNCERTAINTY_MEASURE_WITH_UNIT (LENGTH_MEASURE( 1.000000000000000082E-05 ), #6066, 'distance_accuracy_value', 'NONE');
#1927 = PLANE ( 'NONE',  #7306 ) ;
#1928 = ORIENTED_EDGE ( 'NONE', *, *, #5025, .T. ) ;
#1929 = PRESENTATION_STYLE_ASSIGNMENT (( #6913 ) ) ;
#1930 = LINE ( 'NONE', #6206, #5210 ) ;
#1931 = DIRECTION ( 'NONE',  ( 1.000000000000000000, 0.000000000000000000, 0.000000000000000000 ) ) ;
#1932 = CARTESIAN_POINT ( 'NONE',  ( -0.1249999999999998890, -2.106267956964054999, -0.09999999999999999167 ) ) ;
#1933 = DIRECTION ( 'NONE',  ( 0.000000000000000000, 0.5190546823227987216, -0.8547410349098599758 ) ) ;
#1934 = ORIENTED_EDGE ( 'NONE', *, *, #1082, .F. ) ;
#1935 = CARTESIAN_POINT ( 'NONE',  ( 2.374999999999997335, 1.950000000000000400, -0.1000000000000000056 ) ) ;
#1936 = COLOUR_RGB ( '',0.8039215686274510109, 0.8039215686274510109, 0.8039215686274510109 ) ;
#1937 = VECTOR ( 'NONE', #5618, 1000.000000000000000 ) ;
#1938 = SURFACE_STYLE_FILL_AREA ( #1982 ) ;
#1939 =( NAMED_UNIT ( * ) PLANE_ANGLE_UNIT ( ) SI_UNIT ( $, .RADIAN. ) );
#1940 = CARTESIAN_POINT ( 'NONE',  ( -1.424999999999999822, -2.559556632021898537, -0.2684686300112771873 ) ) ;
#1941 = DIRECTION ( 'NONE',  ( 0.000000000000000000, 0.06975647374412545509, 0.9975640502598243087 ) ) ;
#1942 = CARTESIAN_POINT ( 'NONE',  ( 2.374999999999997335, -1.949999999999999512, -0.1000000000000000056 ) ) ;
#1943 = VECTOR ( 'NONE', #2476, 1000.000000000000000 ) ;
#1944 = SURFACE_STYLE_USAGE ( .BOTH. , #5804 ) ;
#1945 =( LENGTH_UNIT ( ) NAMED_UNIT ( * ) SI_UNIT ( .MILLI., .METRE. ) );
#1946 = EDGE_CURVE ( 'NONE', #9355, #9835, #9058, .T. ) ;
#1947 = SURFACE_STYLE_USAGE ( .BOTH. , #8503 ) ;
#1948 = ORIENTED_EDGE ( 'NONE', *, *, #3516, .F. ) ;
#1949 = PRESENTATION_STYLE_ASSIGNMENT (( #8449 ) ) ;
#1950 = ORIENTED_EDGE ( 'NONE', *, *, #5184, .T. ) ;
#1951 = EDGE_CURVE ( 'NONE', #10585, #4173, #9868, .T. ) ;
#1952 = PLANE ( 'NONE',  #5724 ) ;
#1953 = CLOSED_SHELL ( 'NONE', ( #7789, #754, #6377, #2187, #10602, #10005, #3715, #4254, #292, #9995, #3232, #2481, #4516, #4493, #6397, #5028, #5874, #8855, #1576, #8726, #6684, #2316, #2954, #9361, #10408, #7052, #8929, #9169, #7411, #5671, #5983, #6094, #2137, #364, #2597, #7478, #3882, #4329, #127, #1837, #7839, #3205, #5147, #10336, #5154, #1291, #5809, #4580, #601, #2692 ) ) ;
#1954 = CYLINDRICAL_SURFACE ( 'NONE', #7982, 0.2000000000000000389 ) ;
#1955 = DIRECTION ( 'NONE',  ( -1.000000000000000000, -0.000000000000000000, -0.000000000000000000 ) ) ;
#1956 = UNCERTAINTY_MEASURE_WITH_UNIT (LENGTH_MEASURE( 1.000000000000000082E-05 ), #9935, 'distance_accuracy_value', 'NONE');
#1957 = EDGE_CURVE ( 'NONE', #5534, #1577, #9272, .T. ) ;
#1958 = ORIENTED_EDGE ( 'NONE', *, *, #4483, .T. ) ;
#1959 = FILL_AREA_STYLE ('',( #6029 ) ) ;
#1960 =( LENGTH_UNIT ( ) NAMED_UNIT ( * ) SI_UNIT ( .MILLI., .METRE. ) );
#1961 = ORIENTED_EDGE ( 'NONE', *, *, #3809, .F. ) ;
#1962 = DIRECTION ( 'NONE',  ( 0.000000000000000000, 0.000000000000000000, 1.000000000000000000 ) ) ;
#1963 = SURFACE_SIDE_STYLE ('',( #2837 ) ) ;
#1964 = DIRECTION ( 'NONE',  ( 0.000000000000000000, 1.000000000000000000, 0.000000000000000000 ) ) ;
#1965 = ORIENTED_EDGE ( 'NONE', *, *, #3996, .F. ) ;
#1966 = PRESENTATION_STYLE_ASSIGNMENT (( #5224 ) ) ;
#1967 = ORIENTED_EDGE ( 'NONE', *, *, #6622, .T. ) ;
#1968 = CARTESIAN_POINT ( 'NONE',  ( 2.449999999999998845, 1.875136580382891882, -0.09999999999999982514 ) ) ;
#1969 = ADVANCED_FACE ( 'NONE', ( #6661 ), #7512, .T. ) ;
#1970 = CARTESIAN_POINT ( 'NONE',  ( 2.000000000000000000, 1.325000000000000400, -0.5499999999999999334 ) ) ;
#1971 = ADVANCED_FACE ( 'NONE', ( #5754 ), #4871, .F. ) ;
#1972 = CARTESIAN_POINT ( 'NONE',  ( 1.175000000000000044, -3.000000000000000000, -0.3995116203837655866 ) ) ;
#1973 = ORIENTED_EDGE ( 'NONE', *, *, #7013, .T. ) ;
#1974 = LINE ( 'NONE', #296, #5890 ) ;
#1975 = SURFACE_STYLE_USAGE ( .BOTH. , #4403 ) ;
#1976 = CYLINDRICAL_SURFACE ( 'NONE', #3912, 0.2000000000000000389 ) ;
#1977 = ADVANCED_FACE ( 'NONE', ( #9435 ), #1136, .F. ) ;
#1978 = FACE_OUTER_BOUND ( 'NONE', #8505, .T. ) ;
#1979 = ORIENTED_EDGE ( 'NONE', *, *, #351, .T. ) ;
#1980 = CARTESIAN_POINT ( 'NONE',  ( 0.1250000000000001110, -2.330000000000000071, -0.4684254559678819319 ) ) ;
#1981 = VECTOR ( 'NONE', #2620, 1000.000000000000227 ) ;
#1982 = FILL_AREA_STYLE ('',( #1252 ) ) ;
#1983 = VERTEX_POINT ( 'NONE', #6166 ) ;
#1984 = DIRECTION ( 'NONE',  ( -0.1039620511844979445, -0.1039620511844979445, -0.9891328443778538704 ) ) ;
#1985 = DIRECTION ( 'NONE',  ( -1.000000000000000000, 0.000000000000000000, -0.000000000000000000 ) ) ;
#1986 = CARTESIAN_POINT ( 'NONE',  ( 0.5250000000000000222, 2.559556632021898537, -0.2684686300112771873 ) ) ;
#1987 = DIRECTION ( 'NONE',  ( 0.000000000000000000, -1.000000000000000000, 0.000000000000000000 ) ) ;
#1988 = UNCERTAINTY_MEASURE_WITH_UNIT (LENGTH_MEASURE( 1.000000000000000082E-05 ), #1445, 'distance_accuracy_value', 'NONE');
#1989 = CARTESIAN_POINT ( 'NONE',  ( -1.824999999999999734, 1.949999999999999512, -0.1000000000000000056 ) ) ;
#1990 = PLANE ( 'NONE',  #7067 ) ;
#1991 =( NAMED_UNIT ( * ) SI_UNIT ( $, .STERADIAN. ) SOLID_ANGLE_UNIT ( ) );
#1992 = PRESENTATION_STYLE_ASSIGNMENT (( #1947 ) ) ;
#1993 = ORIENTED_EDGE ( 'NONE', *, *, #9631, .T. ) ;
#1994 = CARTESIAN_POINT ( 'NONE',  ( 1.425000000000000044, 3.000000000000000000, -0.3995116203837655866 ) ) ;
#1995 = ORIENTED_EDGE ( 'NONE', *, *, #7225, .T. ) ;
#1996 = CARTESIAN_POINT ( 'NONE',  ( 1.175000000000000044, 2.277216163946027105, 0.003810936464559766534 ) ) ;
#1997 = FILL_AREA_STYLE_COLOUR ( '', #7655 ) ;
#1998 = EDGE_CURVE ( 'NONE', #10078, #9773, #10826, .T. ) ;
#1999 =( NAMED_UNIT ( * ) PLANE_ANGLE_UNIT ( ) SI_UNIT ( $, .RADIAN. ) );
#2000 = CARTESIAN_POINT ( 'NONE',  ( -0.1249999999999998890, 2.552580984647486062, -0.3682250350372594516 ) ) ;
#2001 = CYLINDRICAL_SURFACE ( 'NONE', #7445, 0.1000000000000000194 ) ;
#2002 = CARTESIAN_POINT ( 'NONE',  ( 1.824999999999999956, -2.486996912233147228, -0.5641273295552871048 ) ) ;
#2003 = STYLED_ITEM ( 'NONE', ( #6800 ), #3154 ) ;
#2004 = ORIENTED_EDGE ( 'NONE', *, *, #8640, .F. ) ;
#2005 = VERTEX_POINT ( 'NONE', #10192 ) ;
#2006 = PRESENTATION_STYLE_ASSIGNMENT (( #2785 ) ) ;
#2007 = AXIS2_PLACEMENT_3D ( 'NONE', #4092, #7442, #4692 ) ;
#2008 = SURFACE_SIDE_STYLE ('',( #4439 ) ) ;
#2009 = EDGE_CURVE ( 'NONE', #72, #30, #7855, .T. ) ;
#2010 = AXIS2_PLACEMENT_3D ( 'NONE', #6196, #1857, #281 ) ;
#2011 = SURFACE_STYLE_USAGE ( .BOTH. , #9497 ) ;
#2012 = EDGE_LOOP ( 'NONE', ( #10596, #9341, #1005, #7539 ) ) ;
#2013 = EDGE_CURVE ( 'NONE', #2073, #9963, #6821, .T. ) ;
#2014 = ADVANCED_FACE ( 'NONE', ( #9526 ), #7844, .F. ) ;
#2015 = LINE ( 'NONE', #10225, #569 ) ;
#2016 = AXIS2_PLACEMENT_3D ( 'NONE', #10852, #7507, #182 ) ;
#2017 = DIRECTION ( 'NONE',  ( -1.000000000000000000, -0.000000000000000000, 0.000000000000000000 ) ) ;
#2018 = VERTEX_POINT ( 'NONE', #10153 ) ;
#2019 = SURFACE_SIDE_STYLE ('',( #5223 ) ) ;
#2020 = ORIENTED_EDGE ( 'NONE', *, *, #6494, .T. ) ;
#2021 =( NAMED_UNIT ( * ) PLANE_ANGLE_UNIT ( ) SI_UNIT ( $, .RADIAN. ) );
#2022 = MECHANICAL_DESIGN_GEOMETRIC_PRESENTATION_REPRESENTATION (  '', ( #4612 ), #9182 ) ;
#2023 = AXIS2_PLACEMENT_3D ( 'NONE', #980, #8338, #10036 ) ;
#2024 = UNCERTAINTY_MEASURE_WITH_UNIT (LENGTH_MEASURE( 1.000000000000000082E-05 ), #6779, 'distance_accuracy_value', 'NONE');
#2025 = LINE ( 'NONE', #9305, #1747 ) ;
#2026 = ORIENTED_EDGE ( 'NONE', *, *, #7285, .F. ) ;
#2027 = DIRECTION ( 'NONE',  ( 0.000000000000000000, 0.06975647374412545509, 0.9975640502598243087 ) ) ;
#2028 = FILL_AREA_STYLE ('',( #5274 ) ) ;
#2029 = SURFACE_SIDE_STYLE ('',( #1871 ) ) ;
#2030 = COLOUR_RGB ( '',0.8039215686274510109, 0.8039215686274510109, 0.8039215686274510109 ) ;
#2031 = FILL_AREA_STYLE_COLOUR ( '', #8520 ) ;
#2032 = ORIENTED_EDGE ( 'NONE', *, *, #63, .F. ) ;
#2033 = CARTESIAN_POINT ( 'NONE',  ( -1.174999999999999822, 2.049999999999999822, -0.2000000000000000111 ) ) ;
#2034 = LINE ( 'NONE', #6118, #4404 ) ;
#2035 = SURFACE_STYLE_USAGE ( .BOTH. , #9524 ) ;
#2036 = CYLINDRICAL_SURFACE ( 'NONE', #2595, 0.07500000000000002498 ) ;
#2037 = EDGE_CURVE ( 'NONE', #329, #9708, #2658, .T. ) ;
#2038 = STYLED_ITEM ( 'NONE', ( #1520 ), #1150 ) ;
#2039 = PRESENTATION_STYLE_ASSIGNMENT (( #3546 ) ) ;
#2040 = EDGE_CURVE ( 'NONE', #7730, #8395, #7672, .T. ) ;
#2041 = FACE_OUTER_BOUND ( 'NONE', #6043, .T. ) ;
#2042 = PRESENTATION_LAYER_ASSIGNMENT (  '', '', ( #7456 ) ) ;
#2043 = CARTESIAN_POINT ( 'NONE',  ( 1.175000000000000044, 1.949999999999999512, -0.1000000000000000056 ) ) ;
#2044 = EDGE_LOOP ( 'NONE', ( #5988, #7486, #10399, #163 ) ) ;
#2045 = SURFACE_SIDE_STYLE ('',( #9640 ) ) ;
#2046 = ORIENTED_EDGE ( 'NONE', *, *, #2353, .F. ) ;
#2047 = PRESENTATION_LAYER_ASSIGNMENT (  '', '', ( #1182 ) ) ;
#2048 = COLOUR_RGB ( '',0.8039215686274510109, 0.8039215686274510109, 0.8039215686274510109 ) ;
#2049 =( GEOMETRIC_REPRESENTATION_CONTEXT ( 3 ) GLOBAL_UNCERTAINTY_ASSIGNED_CONTEXT ( ( #129 ) ) GLOBAL_UNIT_ASSIGNED_CONTEXT ( ( #5924, #5298, #2213 ) ) REPRESENTATION_CONTEXT ( 'NONE', 'WORKASPACE' ) );
#2050 = PRESENTATION_STYLE_ASSIGNMENT (( #9539 ) ) ;
#2051 = FILL_AREA_STYLE ('',( #1997 ) ) ;
#2052 = CIRCLE ( 'NONE', #3425, 0.09999999999999982514 ) ;
#2053 = LINE ( 'NONE', #7165, #4961 ) ;
#2054 = CIRCLE ( 'NONE', #7089, 0.09999999999999982514 ) ;
#2055 = CARTESIAN_POINT ( 'NONE',  ( 1.425000000000000044, 3.000000000000000000, -0.6000000000000000888 ) ) ;
#2056 = LINE ( 'NONE', #6238, #3262 ) ;
#2057 = PRESENTATION_LAYER_ASSIGNMENT (  '', '', ( #7639 ) ) ;
#2058 = DIRECTION ( 'NONE',  ( 0.000000000000000000, 0.000000000000000000, -1.000000000000000000 ) ) ;
#2059 = MECHANICAL_DESIGN_GEOMETRIC_PRESENTATION_REPRESENTATION (  '', ( #2596 ), #9569 ) ;
#2060 =( NAMED_UNIT ( * ) SI_UNIT ( $, .STERADIAN. ) SOLID_ANGLE_UNIT ( ) );
#2061 = ORIENTED_EDGE ( 'NONE', *, *, #7744, .T. ) ;
#2062 = VECTOR ( 'NONE', #195, 1000.000000000000114 ) ;
#2063 = CIRCLE ( 'NONE', #6399, 0.09999999999999982514 ) ;
#2064 =( NAMED_UNIT ( * ) PLANE_ANGLE_UNIT ( ) SI_UNIT ( $, .RADIAN. ) );
#2065 = VECTOR ( 'NONE', #109, 1000.000000000000000 ) ;
#2066 = ORIENTED_EDGE ( 'NONE', *, *, #4455, .F. ) ;
#2067 = CARTESIAN_POINT ( 'NONE',  ( -2.449999999999999289, 1.875000000000000444, 0.1000000000000000056 ) ) ;
#2068 = COLOUR_RGB ( '',0.8039215686274510109, 0.8039215686274510109, 0.8039215686274510109 ) ;
#2069 = VECTOR ( 'NONE', #3068, 1000.000000000000227 ) ;
#2070 = MECHANICAL_DESIGN_GEOMETRIC_PRESENTATION_REPRESENTATION (  '', ( #1550 ), #8184 ) ;
#2071 = PRESENTATION_LAYER_ASSIGNMENT (  '', '', ( #112 ) ) ;
#2072 = SURFACE_SIDE_STYLE ('',( #9553 ) ) ;
#2073 = VERTEX_POINT ( 'NONE', #9592 ) ;
#2074 = CARTESIAN_POINT ( 'NONE',  ( -2.000000000000000000, -1.324999999999999512, -0.5499999999999999334 ) ) ;
#2075 = PLANE ( 'NONE',  #5130 ) ;
#2076 = CARTESIAN_POINT ( 'NONE',  ( 1.425000000000000044, 1.949999999999999512, 0.1000000000000000056 ) ) ;
#2077 = DIRECTION ( 'NONE',  ( 0.000000000000000000, -0.9975640502598241977, -0.06975647374412544122 ) ) ;
#2078 = ORIENTED_EDGE ( 'NONE', *, *, #7355, .F. ) ;
#2079 = VECTOR ( 'NONE', #1238, 1000.000000000000000 ) ;
#2080 = LINE ( 'NONE', #10230, #2697 ) ;
#2081 = ADVANCED_FACE ( 'NONE', ( #7151 ), #9689, .T. ) ;
#2082 = CARTESIAN_POINT ( 'NONE',  ( -0.1249999999999998890, -2.552580984647486062, -0.3682250350372596737 ) ) ;
#2083 = ORIENTED_EDGE ( 'NONE', *, *, #9276, .T. ) ;
#2084 = COLOUR_RGB ( '',0.8039215686274510109, 0.8039215686274510109, 0.8039215686274510109 ) ;
#2085 = CARTESIAN_POINT ( 'NONE',  ( 0.5250000000000000222, 2.135474103490985875, -0.1480945317677201667 ) ) ;
#2086 = EDGE_CURVE ( 'NONE', #343, #8355, #6269, .T. ) ;
#2087 = VECTOR ( 'NONE', #4200, 1000.000000000000000 ) ;
#2088 = CARTESIAN_POINT ( 'NONE',  ( -2.074999999999999734, -3.000000000000000000, -0.6000000000000000888 ) ) ;
#2089 =( NAMED_UNIT ( * ) SI_UNIT ( $, .STERADIAN. ) SOLID_ANGLE_UNIT ( ) );
#2090 = ORIENTED_EDGE ( 'NONE', *, *, #9522, .T. ) ;
#2091 = CARTESIAN_POINT ( 'NONE',  ( -1.424999999999999822, -2.106267956964054999, -0.09999999999999999167 ) ) ;
#2092 = DIRECTION ( 'NONE',  ( 1.000000000000000000, 0.000000000000000000, 0.000000000000000000 ) ) ;
#2093 = CYLINDRICAL_SURFACE ( 'NONE', #7980, 0.1950000000000000899 ) ;
#2094 = ORIENTED_EDGE ( 'NONE', *, *, #7269, .F. ) ;
#2095 = CARTESIAN_POINT ( 'NONE',  ( -1.424999999999999822, 2.106267956964054999, -0.09999999999999999167 ) ) ;
#2096 = SURFACE_STYLE_FILL_AREA ( #5502 ) ;
#2097 =( NAMED_UNIT ( * ) SI_UNIT ( $, .STERADIAN. ) SOLID_ANGLE_UNIT ( ) );
#2098 = LINE ( 'NONE', #3920, #7867 ) ;
#2099 = FACE_OUTER_BOUND ( 'NONE', #6081, .T. ) ;
#2100 = UNCERTAINTY_MEASURE_WITH_UNIT (LENGTH_MEASURE( 1.000000000000000082E-05 ), #10632, 'distance_accuracy_value', 'NONE');
#2101 = CARTESIAN_POINT ( 'NONE',  ( -0.1249999999999998890, 1.949999999999999512, 0.1000000000000000056 ) ) ;
#2102 = CARTESIAN_POINT ( 'NONE',  ( 2.449998880753506914, 1.875409738600887888, -0.1000106489190370346 ) ) ;
#2103 = ORIENTED_EDGE ( 'NONE', *, *, #2999, .T. ) ;
#2104 = VECTOR ( 'NONE', #3428, 1000.000000000000000 ) ;
#2105 = SURFACE_STYLE_FILL_AREA ( #6226 ) ;
#2106 = SURFACE_SIDE_STYLE ('',( #8885 ) ) ;
#2107 = PRESENTATION_STYLE_ASSIGNMENT (( #9600 ) ) ;
#2108 = VERTEX_POINT ( 'NONE', #4572 ) ;
#2109 = EDGE_CURVE ( 'NONE', #9708, #3291, #5566, .T. ) ;
#2110 = FILL_AREA_STYLE_COLOUR ( '', #2515 ) ;
#2111 = STYLED_ITEM ( 'NONE', ( #3073 ), #2171 ) ;
#2112 = SURFACE_STYLE_USAGE ( .BOTH. , #662 ) ;
#2113 = EDGE_CURVE ( 'NONE', #1340, #6542, #2098, .T. ) ;
#2114 = DIRECTION ( 'NONE',  ( 0.000000000000000000, 0.9945218953682732899, -0.1045284632676538178 ) ) ;
#2115 = CARTESIAN_POINT ( 'NONE',  ( -1.945172790808107344, -1.445172790808107122, 0.5499999999999999334 ) ) ;
#2116 =( NAMED_UNIT ( * ) SI_UNIT ( $, .STERADIAN. ) SOLID_ANGLE_UNIT ( ) );
#2117 = DIRECTION ( 'NONE',  ( 1.000000000000000000, 0.000000000000000000, 0.000000000000000000 ) ) ;
#2118 = CYLINDRICAL_SURFACE ( 'NONE', #1829, 0.1000000000000000194 ) ;
#2119 = EDGE_CURVE ( 'NONE', #10474, #9897, #7028, .T. ) ;
#2120 = ORIENTED_EDGE ( 'NONE', *, *, #2872, .T. ) ;
#2121 =( NAMED_UNIT ( * ) PLANE_ANGLE_UNIT ( ) SI_UNIT ( $, .RADIAN. ) );
#2122 = CARTESIAN_POINT ( 'NONE',  ( 2.374999999999999112, -1.949999999999999512, 0.1000000000000000056 ) ) ;
#2123 = CIRCLE ( 'NONE', #4911, 0.2000000000000000389 ) ;
#2124 = PLANE ( 'NONE',  #16 ) ;
#2125 = ORIENTED_EDGE ( 'NONE', *, *, #5776, .F. ) ;
#2126 = DIRECTION ( 'NONE',  ( 0.000000000000000000, -1.000000000000000000, 0.000000000000000000 ) ) ;
#2127 = SURFACE_STYLE_USAGE ( .BOTH. , #1459 ) ;
#2128 =( NAMED_UNIT ( * ) SI_UNIT ( $, .STERADIAN. ) SOLID_ANGLE_UNIT ( ) );
#2129 = DIRECTION ( 'NONE',  ( -1.156482317317871607E-14, 0.000000000000000000, -1.000000000000000000 ) ) ;
#2130 = EDGE_LOOP ( 'NONE', ( #6495, #6621, #6028, #7384 ) ) ;
#2131 = CARTESIAN_POINT ( 'NONE',  ( -1.174999999999999822, 1.949999999999999512, -0.1000000000000000056 ) ) ;
#2132 = SURFACE_SIDE_STYLE ('',( #3732 ) ) ;
#2133 = VERTEX_POINT ( 'NONE', #6441 ) ;
#2134 = SURFACE_SIDE_STYLE ('',( #2844 ) ) ;
#2135 = UNCERTAINTY_MEASURE_WITH_UNIT (LENGTH_MEASURE( 1.000000000000000082E-05 ), #528, 'distance_accuracy_value', 'NONE');
#2136 = LINE ( 'NONE', #5553, #8512 ) ;
#2137 = ADVANCED_FACE ( 'NONE', ( #1377 ), #2967, .T. ) ;
#2138 = ORIENTED_EDGE ( 'NONE', *, *, #6930, .F. ) ;
#2139 =( NAMED_UNIT ( * ) PLANE_ANGLE_UNIT ( ) SI_UNIT ( $, .RADIAN. ) );
#2140 = CARTESIAN_POINT ( 'NONE',  ( 1.175000000000000044, 2.552580984647486062, -0.3682250350372594516 ) ) ;
#2141 = VERTEX_POINT ( 'NONE', #1430 ) ;
#2142 = DIRECTION ( 'NONE',  ( 1.000000000000000000, 0.000000000000000000, 0.000000000000000000 ) ) ;
#2144 = FILL_AREA_STYLE ('',( #5673 ) ) ;
#2143 = DIRECTION ( 'NONE',  ( 0.000000000000000000, 0.5190546823227987216, -0.8547410349098599758 ) ) ;
#2145 = COLOUR_RGB ( '',0.8039215686274510109, 0.8039215686274510109, 0.8039215686274510109 ) ;
#2146 = MECHANICAL_DESIGN_GEOMETRIC_PRESENTATION_REPRESENTATION (  '', ( #7902 ), #1444 ) ;
#2147 = LINE ( 'NONE', #3696, #8324 ) ;
#2148 = FILL_AREA_STYLE ('',( #3862 ) ) ;
#2149 = ADVANCED_FACE ( 'NONE', ( #7929 ), #5444, .T. ) ;
#2150 = CARTESIAN_POINT ( 'NONE',  ( 2.075000000000000178, -1.949999999999999512, 0.1000000000000000056 ) ) ;
#2151 = CARTESIAN_POINT ( 'NONE',  ( -0.7749999999999999112, 2.330000000000000071, -0.4684254559678819319 ) ) ;
#2152 = ORIENTED_EDGE ( 'NONE', *, *, #2622, .T. ) ;
#2153 = VECTOR ( 'NONE', #2342, 1000.000000000000114 ) ;
#2154 = FILL_AREA_STYLE ('',( #3080 ) ) ;
#2155 = EDGE_CURVE ( 'NONE', #100, #4564, #6218, .T. ) ;
#2156 = FILL_AREA_STYLE_COLOUR ( '', #1737 ) ;
#2157 = DIRECTION ( 'NONE',  ( 1.000000000000000000, 0.000000000000000000, 0.000000000000000000 ) ) ;
#2158 = VERTEX_POINT ( 'NONE', #8876 ) ;
#2159 = FILL_AREA_STYLE_COLOUR ( '', #8739 ) ;
#2160 = PRESENTATION_LAYER_ASSIGNMENT (  '', '', ( #8786 ) ) ;
#2161 = LINE ( 'NONE', #4583, #8796 ) ;
#2162 = DIRECTION ( 'NONE',  ( 0.000000000000000000, 0.000000000000000000, -1.000000000000000000 ) ) ;
#2163 = DIRECTION ( 'NONE',  ( 0.000000000000000000, 0.9945218953682732899, 0.1045284632676536235 ) ) ;
#2164 = CARTESIAN_POINT ( 'NONE',  ( 1.175000000000000044, -1.949999999999999512, -0.1000000000000000056 ) ) ;
#2165 = SURFACE_STYLE_FILL_AREA ( #3771 ) ;
#2166 = FACE_OUTER_BOUND ( 'NONE', #1508, .T. ) ;
#2167 = ORIENTED_EDGE ( 'NONE', *, *, #3451, .T. ) ;
#2168 = PLANE ( 'NONE',  #7614 ) ;
#2169 = SURFACE_STYLE_USAGE ( .BOTH. , #2993 ) ;
#2170 = DIRECTION ( 'NONE',  ( -1.000000000000000000, -0.000000000000000000, -0.000000000000000000 ) ) ;
#2171 = ADVANCED_FACE ( 'NONE', ( #4625 ), #8757, .F. ) ;
#2172 = DIRECTION ( 'NONE',  ( 0.000000000000000000, 0.000000000000000000, -1.000000000000000000 ) ) ;
#2173 = ORIENTED_EDGE ( 'NONE', *, *, #103, .T. ) ;
#2174 = STYLED_ITEM ( 'NONE', ( #5126 ), #785 ) ;
#2175 = CARTESIAN_POINT ( 'NONE',  ( -2.449999626916907758, 1.875273160256225369, -0.1000035496485075504 ) ) ;
#2176 =( GEOMETRIC_REPRESENTATION_CONTEXT ( 3 ) GLOBAL_UNCERTAINTY_ASSIGNED_CONTEXT ( ( #6330 ) ) GLOBAL_UNIT_ASSIGNED_CONTEXT ( ( #4682, #8875, #8814 ) ) REPRESENTATION_CONTEXT ( 'NONE', 'WORKASPACE' ) );
#2177 = DIRECTION ( 'NONE',  ( 0.000000000000000000, -8.672620682681688006E-17, 1.000000000000000000 ) ) ;
#2178 = EDGE_CURVE ( 'NONE', #2366, #2822, #3283, .T. ) ;
#2179 =( NAMED_UNIT ( * ) PLANE_ANGLE_UNIT ( ) SI_UNIT ( $, .RADIAN. ) );
#2180 = ORIENTED_EDGE ( 'NONE', *, *, #8009, .T. ) ;
#2181 = VECTOR ( 'NONE', #531, 1000.000000000000000 ) ;
#2182 = DIRECTION ( 'NONE',  ( 1.000000000000000000, 0.000000000000000000, 0.000000000000000000 ) ) ;
#2183 = DIRECTION ( 'NONE',  ( 1.000000000000000000, 0.000000000000000000, 0.000000000000000000 ) ) ;
#2184 = ORIENTED_EDGE ( 'NONE', *, *, #5766, .T. ) ;
#2185 = LINE ( 'NONE', #3115, #4117 ) ;
#2186 = SURFACE_SIDE_STYLE ('',( #1413 ) ) ;
#2187 = ADVANCED_FACE ( 'NONE', ( #640 ), #7333, .F. ) ;
#2188 = FACE_OUTER_BOUND ( 'NONE', #3911, .T. ) ;
#2189 =( GEOMETRIC_REPRESENTATION_CONTEXT ( 3 ) GLOBAL_UNCERTAINTY_ASSIGNED_CONTEXT ( ( #6008 ) ) GLOBAL_UNIT_ASSIGNED_CONTEXT ( ( #137, #2537, #9310 ) ) REPRESENTATION_CONTEXT ( 'NONE', 'WORKASPACE' ) );
#2190 = VERTEX_POINT ( 'NONE', #5839 ) ;
#2191 = FACE_OUTER_BOUND ( 'NONE', #9096, .T. ) ;
#2192 = AXIS2_PLACEMENT_3D ( 'NONE', #6578, #10762, #1758 ) ;
#2193 = ORIENTED_EDGE ( 'NONE', *, *, #9155, .T. ) ;
#2194 = LINE ( 'NONE', #516, #4468 ) ;
#2195 = VERTEX_POINT ( 'NONE', #1712 ) ;
#2196 = CARTESIAN_POINT ( 'NONE',  ( -1.750172790808107282, -1.445172790808107122, 0.5499999999999999334 ) ) ;
#2198 = DIRECTION ( 'NONE',  ( -1.000000000000000000, -0.000000000000000000, -0.000000000000000000 ) ) ;
#2197 = CARTESIAN_POINT ( 'NONE',  ( 1.824999999999999956, 1.949999999999999512, -0.1000000000000000056 ) ) ;
#2199 = LINE ( 'NONE', #9800, #3784 ) ;
#2200 = MECHANICAL_DESIGN_GEOMETRIC_PRESENTATION_REPRESENTATION (  '', ( #3392 ), #2189 ) ;
#2201 = EDGE_CURVE ( 'NONE', #6246, #8320, #5018, .T. ) ;
#2202 = FACE_OUTER_BOUND ( 'NONE', #8189, .T. ) ;
#2203 = SURFACE_STYLE_FILL_AREA ( #2148 ) ;
#2204 = VECTOR ( 'NONE', #10661, 1000.000000000000000 ) ;
#2205 = CARTESIAN_POINT ( 'NONE',  ( 0.000000000000000000, 1.835172790808107690, 0.4749999999999999223 ) ) ;
#2206 = COLOUR_RGB ( '',0.8039215686274510109, 0.8039215686274510109, 0.8039215686274510109 ) ;
#2207 =( LENGTH_UNIT ( ) NAMED_UNIT ( * ) SI_UNIT ( .MILLI., .METRE. ) );
#2208 =( NAMED_UNIT ( * ) SI_UNIT ( $, .STERADIAN. ) SOLID_ANGLE_UNIT ( ) );
#2209 = PRESENTATION_LAYER_ASSIGNMENT (  '', '', ( #3738 ) ) ;
#2210 = CARTESIAN_POINT ( 'NONE',  ( -2.335172790808107468, -1.835172790808106802, 0.4749999999999998668 ) ) ;
#2211 = DIRECTION ( 'NONE',  ( 1.000000000000000000, 0.000000000000000000, 0.000000000000000000 ) ) ;
#2212 = MECHANICAL_DESIGN_GEOMETRIC_PRESENTATION_REPRESENTATION (  '', ( #9382 ), #5318 ) ;
#2213 =( NAMED_UNIT ( * ) SI_UNIT ( $, .STERADIAN. ) SOLID_ANGLE_UNIT ( ) );
#2214 = EDGE_CURVE ( 'NONE', #5612, #4772, #9100, .T. ) ;
#2215 = ORIENTED_EDGE ( 'NONE', *, *, #5477, .F. ) ;
#2216 = LINE ( 'NONE', #5517, #1034 ) ;
#2217 = CARTESIAN_POINT ( 'NONE',  ( 2.000000000000000000, 1.325000000000000400, -0.5499999999999999334 ) ) ;
#2218 = EDGE_CURVE ( 'NONE', #6465, #7259, #3228, .T. ) ;
#2219 = DIRECTION ( 'NONE',  ( 0.000000000000000000, 0.000000000000000000, -1.000000000000000000 ) ) ;
#2220 = UNCERTAINTY_MEASURE_WITH_UNIT (LENGTH_MEASURE( 1.000000000000000082E-05 ), #8064, 'distance_accuracy_value', 'NONE');
#2221 = PRESENTATION_LAYER_ASSIGNMENT (  '', '', ( #3937 ) ) ;
#2222 = FILL_AREA_STYLE_COLOUR ( '', #6063 ) ;
#2223 = FILL_AREA_STYLE ('',( #9705 ) ) ;
#2224 = STYLED_ITEM ( 'NONE', ( #1143 ), #4999 ) ;
#2225 = DIRECTION ( 'NONE',  ( 0.000000000000000000, 0.000000000000000000, -1.000000000000000000 ) ) ;
#2226 =( NAMED_UNIT ( * ) SI_UNIT ( $, .STERADIAN. ) SOLID_ANGLE_UNIT ( ) );
#2227 = ORIENTED_EDGE ( 'NONE', *, *, #1082, .T. ) ;
#2228 =( NAMED_UNIT ( * ) PLANE_ANGLE_UNIT ( ) SI_UNIT ( $, .RADIAN. ) );
#2229 = PRESENTATION_LAYER_ASSIGNMENT (  '', '', ( #3422 ) ) ;
#2230 = ORIENTED_EDGE ( 'NONE', *, *, #5794, .F. ) ;
#2231 = VECTOR ( 'NONE', #7551, 1000.000000000000000 ) ;
#2232 = PRESENTATION_LAYER_ASSIGNMENT (  '', '', ( #9735 ) ) ;
#2233 = DIRECTION ( 'NONE',  ( 0.1039620511844979445, -0.1039620511844979445, 0.9891328443778538704 ) ) ;
#2234 = PRESENTATION_LAYER_ASSIGNMENT (  '', '', ( #1352 ) ) ;
#2235 = ORIENTED_EDGE ( 'NONE', *, *, #1497, .T. ) ;
#2236 = AXIS2_PLACEMENT_3D ( 'NONE', #316, #2979, #3032 ) ;
#2237 = CARTESIAN_POINT ( 'NONE',  ( -2.449998880753507802, 1.875409738600888110, 0.1000106489190369929 ) ) ;
#2238 = STYLED_ITEM ( 'NONE', ( #5523 ), #5750 ) ;
#2239 = AXIS2_PLACEMENT_3D ( 'NONE', #1473, #3169, #10564 ) ;
#2240 = DIRECTION ( 'NONE',  ( 1.000000000000000000, 0.000000000000000000, 0.000000000000000000 ) ) ;
#2241 = CARTESIAN_POINT ( 'NONE',  ( -2.074999999999999734, 3.000000000000000000, -0.6000000000000000888 ) ) ;
#2242 = VERTEX_POINT ( 'NONE', #5740 ) ;
#2243 = DIRECTION ( 'NONE',  ( 1.000000000000000000, -0.000000000000000000, 0.000000000000000000 ) ) ;
#2244 = ORIENTED_EDGE ( 'NONE', *, *, #3903, .F. ) ;
#2245 = EDGE_CURVE ( 'NONE', #1539, #2294, #2427, .T. ) ;
#2246 =( GEOMETRIC_REPRESENTATION_CONTEXT ( 3 ) GLOBAL_UNCERTAINTY_ASSIGNED_CONTEXT ( ( #4065 ) ) GLOBAL_UNIT_ASSIGNED_CONTEXT ( ( #7878, #8750, #1244 ) ) REPRESENTATION_CONTEXT ( 'NONE', 'WORKASPACE' ) );
#2247 = MECHANICAL_DESIGN_GEOMETRIC_PRESENTATION_REPRESENTATION (  '', ( #3442 ), #4653 ) ;
#2249 = COLOUR_RGB ( '',0.8039215686274510109, 0.8039215686274510109, 0.8039215686274510109 ) ;
#2248 =( NAMED_UNIT ( * ) PLANE_ANGLE_UNIT ( ) SI_UNIT ( $, .RADIAN. ) );
#2250 = AXIS2_PLACEMENT_3D ( 'NONE', #3181, #9149, #7273 ) ;
#2251 =( NAMED_UNIT ( * ) SI_UNIT ( $, .STERADIAN. ) SOLID_ANGLE_UNIT ( ) );
#2252 = COLOUR_RGB ( '',0.8039215686274510109, 0.8039215686274510109, 0.8039215686274510109 ) ;
#2253 = EDGE_CURVE ( 'NONE', #2288, #613, #10020, .T. ) ;
#2254 = EDGE_CURVE ( 'NONE', #7215, #6947, #4083, .T. ) ;
#2255 = UNCERTAINTY_MEASURE_WITH_UNIT (LENGTH_MEASURE( 1.000000000000000082E-05 ), #5846, 'distance_accuracy_value', 'NONE');
#2256 = VERTEX_POINT ( 'NONE', #2482 ) ;
#2257 = UNCERTAINTY_MEASURE_WITH_UNIT (LENGTH_MEASURE( 1.000000000000000082E-05 ), #3064, 'distance_accuracy_value', 'NONE');
#2258 = FILL_AREA_STYLE_COLOUR ( '', #835 ) ;
#2259 = VECTOR ( 'NONE', #8136, 1000.000000000000000 ) ;
#2260 = VECTOR ( 'NONE', #7964, 1000.000000000000000 ) ;
#2261 = CARTESIAN_POINT ( 'NONE',  ( -0.7749999999999999112, 3.000000000000000000, -0.3995116203837655866 ) ) ;
#2262 = CARTESIAN_POINT ( 'NONE',  ( -2.449998880753507358, -1.875409738600887000, -0.1000106489190370346 ) ) ;
#2263 = VERTEX_POINT ( 'NONE', #3374 ) ;
#2264 = AXIS2_PLACEMENT_3D ( 'NONE', #253, #3605, #10319 ) ;
#2265 = CARTESIAN_POINT ( 'NONE',  ( -2.074999999999999734, -2.049999999999999822, -0.1000000000000000056 ) ) ;
#2266 = ORIENTED_EDGE ( 'NONE', *, *, #6051, .T. ) ;
#2267 = EDGE_CURVE ( 'NONE', #721, #1410, #3179, .T. ) ;
#2268 = PLANE ( 'NONE',  #9582 ) ;
#2269 = CARTESIAN_POINT ( 'NONE',  ( 1.175000000000000044, 2.106267956964054999, -0.09999999999999999167 ) ) ;
#2270 = CARTESIAN_POINT ( 'NONE',  ( 2.409761932960727382, -1.835172790808107024, -0.4828396347450739090 ) ) ;
#2271 = DIRECTION ( 'NONE',  ( 1.000000000000000000, 0.000000000000000000, 0.000000000000000000 ) ) ;
#2272 = DIRECTION ( 'NONE',  ( 0.000000000000000000, 0.000000000000000000, 1.000000000000000000 ) ) ;
#2273 = PRESENTATION_LAYER_ASSIGNMENT (  '', '', ( #8198 ) ) ;
#2274 = CARTESIAN_POINT ( 'NONE',  ( -1.424999999999999822, 1.949999999999999512, -0.1000000000000000056 ) ) ;
#2275 = CARTESIAN_POINT ( 'NONE',  ( 2.374999999999997335, -1.949999999999999512, -0.1000000000000000056 ) ) ;
#2276 = DIRECTION ( 'NONE',  ( 0.000000000000000000, 0.000000000000000000, 1.000000000000000000 ) ) ;
#2277 = DIRECTION ( 'NONE',  ( 0.000000000000000000, 0.000000000000000000, 1.000000000000000000 ) ) ;
#2278 = EDGE_LOOP ( 'NONE', ( #7548, #9955, #7120, #2 ) ) ;
#2279 =( GEOMETRIC_REPRESENTATION_CONTEXT ( 3 ) GLOBAL_UNCERTAINTY_ASSIGNED_CONTEXT ( ( #309 ) ) GLOBAL_UNIT_ASSIGNED_CONTEXT ( ( #922, #2608, #3188 ) ) REPRESENTATION_CONTEXT ( 'NONE', 'WORKASPACE' ) );
#2280 = CARTESIAN_POINT ( 'NONE',  ( 1.175000000000000044, -3.000000000000000000, -0.6000000000000000888 ) ) ;
#2281 = ORIENTED_EDGE ( 'NONE', *, *, #2662, .F. ) ;
#2282 = SURFACE_STYLE_FILL_AREA ( #8942 ) ;
#2283 = LINE ( 'NONE', #5581, #9886 ) ;
#2284 = FACE_OUTER_BOUND ( 'NONE', #4750, .T. ) ;
#2285 = SURFACE_STYLE_FILL_AREA ( #8946 ) ;
#2286 = EDGE_CURVE ( 'NONE', #8743, #72, #10689, .T. ) ;
#2287 = LINE ( 'NONE', #8774, #3929 ) ;
#2288 = VERTEX_POINT ( 'NONE', #7435 ) ;
#2289 = CARTESIAN_POINT ( 'NONE',  ( -2.418963392251840983, -1.949760935694445863, -0.1022745449310358962 ) ) ;
#2290 = ORIENTED_EDGE ( 'NONE', *, *, #2573, .T. ) ;
#2291 = FACE_OUTER_BOUND ( 'NONE', #5686, .T. ) ;
#2292 = ORIENTED_EDGE ( 'NONE', *, *, #4678, .T. ) ;
#2293 = PRESENTATION_LAYER_ASSIGNMENT (  '', '', ( #4690 ) ) ;
#2294 = VERTEX_POINT ( 'NONE', #6598 ) ;
#2295 = CARTESIAN_POINT ( 'NONE',  ( -2.449760935694444974, -1.918963392251840316, 0.1022745449310375337 ) ) ;
#2296 = EDGE_CURVE ( 'NONE', #10778, #8835, #4145, .T. ) ;
#2297 = CARTESIAN_POINT ( 'NONE',  ( -0.1249999999999998890, -2.552580984647486062, -0.3682250350372594516 ) ) ;
#2298 = CARTESIAN_POINT ( 'NONE',  ( 0.5250000000000000222, -2.049999999999999822, -0.2000000000000000111 ) ) ;
#2299 = VERTEX_POINT ( 'NONE', #9145 ) ;
#2300 = SURFACE_STYLE_FILL_AREA ( #10499 ) ;
#2301 = CARTESIAN_POINT ( 'NONE',  ( -1.824999999999999734, 1.949999999999999512, -0.1000000000000000056 ) ) ;
#2302 = ORIENTED_EDGE ( 'NONE', *, *, #6930, .T. ) ;
#2303 = LINE ( 'NONE', #5599, #10615 ) ;
#2304 = SURFACE_STYLE_USAGE ( .BOTH. , #1355 ) ;
#2305 = DIRECTION ( 'NONE',  ( 1.000000000000000000, 0.000000000000000000, 0.000000000000000000 ) ) ;
#2306 =( LENGTH_UNIT ( ) NAMED_UNIT ( * ) SI_UNIT ( .MILLI., .METRE. ) );
#2307 = CLOSED_SHELL ( 'NONE', ( #727, #8053, #2970, #3464, #1851, #4372, #1971, #4915, #1179, #10651, #1230, #8433, #1783, #9071 ) ) ;
#2308 = SURFACE_SIDE_STYLE ('',( #10618 ) ) ;
#2309 =( LENGTH_UNIT ( ) NAMED_UNIT ( * ) SI_UNIT ( .MILLI., .METRE. ) );
#2310 = DIRECTION ( 'NONE',  ( 0.000000000000000000, 0.9975640502598241977, -0.06975647374412544122 ) ) ;
#2311 = ORIENTED_EDGE ( 'NONE', *, *, #940, .F. ) ;
#2312 =( LENGTH_UNIT ( ) NAMED_UNIT ( * ) SI_UNIT ( .MILLI., .METRE. ) );
#2314 = SURFACE_STYLE_FILL_AREA ( #8976 ) ;
#2313 = FACE_OUTER_BOUND ( 'NONE', #7264, .T. ) ;
#2315 = ORIENTED_EDGE ( 'NONE', *, *, #9247, .F. ) ;
#2316 = ADVANCED_FACE ( 'NONE', ( #5679 ), #1651, .T. ) ;
#2317 = EDGE_LOOP ( 'NONE', ( #2392, #9891, #7570, #4994 ) ) ;
#2318 = DIRECTION ( 'NONE',  ( 1.000000000000000000, 0.000000000000000000, 0.000000000000000000 ) ) ;
#2319 = PRESENTATION_STYLE_ASSIGNMENT (( #3226 ) ) ;
#2320 =( NAMED_UNIT ( * ) SI_UNIT ( $, .STERADIAN. ) SOLID_ANGLE_UNIT ( ) );
#2321 = DIRECTION ( 'NONE',  ( 0.000000000000000000, -0.1045284632676537068, 0.9945218953682732899 ) ) ;
#2322 = EDGE_CURVE ( 'NONE', #4963, #101, #10845, .T. ) ;
#2323 = CARTESIAN_POINT ( 'NONE',  ( -2.335172790808108356, 1.909761932960728270, -0.4828396347450739645 ) ) ;
#2324 = DIRECTION ( 'NONE',  ( 0.000000000000000000, 0.000000000000000000, -1.000000000000000000 ) ) ;
#2325 = LINE ( 'NONE', #1490, #2181 ) ;
#2326 = EDGE_CURVE ( 'NONE', #3333, #5231, #4240, .T. ) ;
#2327 = CARTESIAN_POINT ( 'NONE',  ( -0.1249999999999998890, 1.949999999999999512, -0.1000000000000000056 ) ) ;
#2328 = ORIENTED_EDGE ( 'NONE', *, *, #2155, .T. ) ;
#2329 = FACE_OUTER_BOUND ( 'NONE', #5945, .T. ) ;
#2330 = FILL_AREA_STYLE_COLOUR ( '', #368 ) ;
#2331 = CARTESIAN_POINT ( 'NONE',  ( -0.1249999999999998890, -3.000000000000000000, -0.3995116203837655866 ) ) ;
#2332 = STYLED_ITEM ( 'NONE', ( #1764 ), #9700 ) ;
#2333 = SURFACE_SIDE_STYLE ('',( #7291 ) ) ;
#2334 = LINE ( 'NONE', #5803, #6044 ) ;
#2335 = ORIENTED_EDGE ( 'NONE', *, *, #9072, .T. ) ;
#2336 = ORIENTED_EDGE ( 'NONE', *, *, #3670, .F. ) ;
#2337 = LINE ( 'NONE', #8296, #2204 ) ;
#2338 = STYLED_ITEM ( 'NONE', ( #2050 ), #10171 ) ;
#2339 = VERTEX_POINT ( 'NONE', #77 ) ;
#2340 = ORIENTED_EDGE ( 'NONE', *, *, #8409, .T. ) ;
#2341 = EDGE_CURVE ( 'NONE', #5807, #10853, #7602, .T. ) ;
#2342 = DIRECTION ( 'NONE',  ( 0.000000000000000000, -0.5190546823227978335, 0.8547410349098604199 ) ) ;
#2343 =( GEOMETRIC_REPRESENTATION_CONTEXT ( 3 ) GLOBAL_UNCERTAINTY_ASSIGNED_CONTEXT ( ( #7346 ) ) GLOBAL_UNIT_ASSIGNED_CONTEXT ( ( #6642, #9093, #1591 ) ) REPRESENTATION_CONTEXT ( 'NONE', 'WORKASPACE' ) );
#2344 = LINE ( 'NONE', #731, #10793 ) ;
#2345 = FACE_OUTER_BOUND ( 'NONE', #8615, .T. ) ;
#2346 = CARTESIAN_POINT ( 'NONE',  ( 1.824999999999999956, -2.277216163946027105, 0.003810936464559820311 ) ) ;
#2347 = ORIENTED_EDGE ( 'NONE', *, *, #4744, .F. ) ;
#2348 = CARTESIAN_POINT ( 'NONE',  ( 0.5250000000000000222, 2.049999999999999822, -0.1000000000000000056 ) ) ;
#2349 = CARTESIAN_POINT ( 'NONE',  ( 2.000000000000000000, 1.325000000000000400, -0.4499999999999999556 ) ) ;
#2350 = ORIENTED_EDGE ( 'NONE', *, *, #8239, .T. ) ;
#2351 = COLOUR_RGB ( '',0.8039215686274510109, 0.8039215686274510109, 0.8039215686274510109 ) ;
#2352 = UNCERTAINTY_MEASURE_WITH_UNIT (LENGTH_MEASURE( 1.000000000000000082E-05 ), #7905, 'distance_accuracy_value', 'NONE');
#2353 = EDGE_CURVE ( 'NONE', #1505, #1749, #5068, .T. ) ;
#2354 = ORIENTED_EDGE ( 'NONE', *, *, #391, .T. ) ;
#2355 = DIRECTION ( 'NONE',  ( 1.000000000000000000, 0.000000000000000000, 0.000000000000000000 ) ) ;
#2356 = PRESENTATION_LAYER_ASSIGNMENT (  '', '', ( #4765 ) ) ;
#2357 = CARTESIAN_POINT ( 'NONE',  ( -0.1249999999999998890, 2.552580984647486062, -0.3682250350372596737 ) ) ;
#2358 =( NAMED_UNIT ( * ) SI_UNIT ( $, .STERADIAN. ) SOLID_ANGLE_UNIT ( ) );
#2359 = ORIENTED_EDGE ( 'NONE', *, *, #10766, .F. ) ;
#2360 =( NAMED_UNIT ( * ) SI_UNIT ( $, .STERADIAN. ) SOLID_ANGLE_UNIT ( ) );
#2362 = CARTESIAN_POINT ( 'NONE',  ( 1.175000000000000044, -1.949999999999999512, -0.1000000000000000056 ) ) ;
#2361 = FILL_AREA_STYLE_COLOUR ( '', #5113 ) ;
#2363 = ORIENTED_EDGE ( 'NONE', *, *, #10531, .F. ) ;
#2364 = AXIS2_PLACEMENT_3D ( 'NONE', #4283, #4899, #9136 ) ;
#2365 =( LENGTH_UNIT ( ) NAMED_UNIT ( * ) SI_UNIT ( .MILLI., .METRE. ) );
#2366 = VERTEX_POINT ( 'NONE', #906 ) ;
#2367 = PRESENTATION_STYLE_ASSIGNMENT (( #1544 ) ) ;
#2368 = DIRECTION ( 'NONE',  ( 1.000000000000000000, 0.000000000000000000, 0.000000000000000000 ) ) ;
#2369 = UNCERTAINTY_MEASURE_WITH_UNIT (LENGTH_MEASURE( 1.000000000000000082E-05 ), #2456, 'distance_accuracy_value', 'NONE');
#2370 = COLOUR_RGB ( '',0.8039215686274510109, 0.8039215686274510109, 0.8039215686274510109 ) ;
#2371 = ORIENTED_EDGE ( 'NONE', *, *, #1383, .F. ) ;
#2372 = FACE_OUTER_BOUND ( 'NONE', #6957, .T. ) ;
#2373 = VECTOR ( 'NONE', #6876, 1000.000000000000000 ) ;
#2374 = CARTESIAN_POINT ( 'NONE',  ( 1.425000000000000044, -2.049999999999999822, -0.2000000000000000111 ) ) ;
#2375 = CARTESIAN_POINT ( 'NONE',  ( -1.424999999999999822, -2.049999999999999822, -0.2000000000000000111 ) ) ;
#2376 = CARTESIAN_POINT ( 'NONE',  ( 1.824999999999999956, 2.474082528530912928, -0.3203740982435569484 ) ) ;
#2377 = VERTEX_POINT ( 'NONE', #6761 ) ;
#2378 = AXIS2_PLACEMENT_3D ( 'NONE', #774, #3037, #8240 ) ;
#2379 = ORIENTED_EDGE ( 'NONE', *, *, #2846, .T. ) ;
#2380 = ADVANCED_FACE ( 'NONE', ( #3147 ), #5631, .F. ) ;
#2381 = FILL_AREA_STYLE ('',( #8781 ) ) ;
#2382 = LINE ( 'NONE', #824, #10243 ) ;
#2383 =( GEOMETRIC_REPRESENTATION_CONTEXT ( 3 ) GLOBAL_UNCERTAINTY_ASSIGNED_CONTEXT ( ( #1788 ) ) GLOBAL_UNIT_ASSIGNED_CONTEXT ( ( #6518, #9889, #9425 ) ) REPRESENTATION_CONTEXT ( 'NONE', 'WORKASPACE' ) );
#2384 = AXIS2_PLACEMENT_3D ( 'NONE', #8695, #7823, #6255 ) ;
#2385 = AXIS2_PLACEMENT_3D ( 'NONE', #7094, #3655, #1137 ) ;
#2386 = SURFACE_SIDE_STYLE ('',( #4873 ) ) ;
#2387 = EDGE_CURVE ( 'NONE', #2678, #9301, #10482, .T. ) ;
#2388 = PRESENTATION_STYLE_ASSIGNMENT (( #8177 ) ) ;
#2389 = CARTESIAN_POINT ( 'NONE',  ( -0.1249999999999998890, 1.949999999999999512, -0.1000000000000000056 ) ) ;
#2390 = LINE ( 'NONE', #4819, #961 ) ;
#2391 = VECTOR ( 'NONE', #8188, 1000.000000000000000 ) ;
#2392 = ORIENTED_EDGE ( 'NONE', *, *, #10314, .T. ) ;
#2393 = ORIENTED_EDGE ( 'NONE', *, *, #8403, .T. ) ;
#2394 = VERTEX_POINT ( 'NONE', #9816 ) ;
#2395 = ORIENTED_EDGE ( 'NONE', *, *, #3683, .F. ) ;
#2396 = CARTESIAN_POINT ( 'NONE',  ( 0.5250000000000000222, 2.330000000000000071, -0.4684254559678819319 ) ) ;
#2397 = VECTOR ( 'NONE', #4590, 1000.000000000000000 ) ;
#2398 = CARTESIAN_POINT ( 'NONE',  ( 1.175000000000000044, 1.949999999999999512, 0.1000000000000000056 ) ) ;
#2399 = CARTESIAN_POINT ( 'NONE',  ( -2.000000000000000000, -1.324999999999999512, -0.4499999999999999556 ) ) ;
#2400 = FILL_AREA_STYLE_COLOUR ( '', #6693 ) ;
#2401 = EDGE_LOOP ( 'NONE', ( #2336, #7786, #4984, #6550 ) ) ;
#2402 =( BOUNDED_CURVE ( )  B_SPLINE_CURVE ( 3, ( #2262, #747, #9843, #4073 ),
 .UNSPECIFIED., .F., .T. ) 
 B_SPLINE_CURVE_WITH_KNOTS ( ( 4, 4 ),
 ( 3.136129445068257304, 3.141592653589793116 ),
 .UNSPECIFIED. ) 
 CURVE ( )  GEOMETRIC_REPRESENTATION_ITEM ( )  RATIONAL_B_SPLINE_CURVE ( ( 1.000000000000000000, 0.9999975127809339615, 0.9999975127809339615, 1.000000000000000000 ) ) 
 REPRESENTATION_ITEM ( '' )  );
#2403 = ORIENTED_EDGE ( 'NONE', *, *, #10815, .F. ) ;
#2404 = COLOUR_RGB ( '',0.8039215686274510109, 0.8039215686274510109, 0.8039215686274510109 ) ;
#2405 = CARTESIAN_POINT ( 'NONE',  ( 1.425000000000000044, -3.000000000000000000, -0.6000000000000000888 ) ) ;
#2406 =( GEOMETRIC_REPRESENTATION_CONTEXT ( 3 ) GLOBAL_UNCERTAINTY_ASSIGNED_CONTEXT ( ( #3461 ) ) GLOBAL_UNIT_ASSIGNED_CONTEXT ( ( #6285, #5368, #2116 ) ) REPRESENTATION_CONTEXT ( 'NONE', 'WORKASPACE' ) );
#2407 = PLANE ( 'NONE',  #6483 ) ;
#2408 = STYLED_ITEM ( 'NONE', ( #3577 ), #8686 ) ;
#2409 = CARTESIAN_POINT ( 'NONE',  ( 1.175000000000000044, 3.000000000000000000, -0.6000000000000000888 ) ) ;
#2410 = ORIENTED_EDGE ( 'NONE', *, *, #3584, .T. ) ;
#2411 = DIRECTION ( 'NONE',  ( 0.000000000000000000, 0.000000000000000000, -1.000000000000000000 ) ) ;
#2412 = ADVANCED_FACE ( 'NONE', ( #2329 ), #8006, .T. ) ;
#2413 = VECTOR ( 'NONE', #4106, 1000.000000000000000 ) ;
#2414 = PRESENTATION_STYLE_ASSIGNMENT (( #3854 ) ) ;
#2415 = ORIENTED_EDGE ( 'NONE', *, *, #5511, .F. ) ;
#2416 =( GEOMETRIC_REPRESENTATION_CONTEXT ( 3 ) GLOBAL_UNCERTAINTY_ASSIGNED_CONTEXT ( ( #4742 ) ) GLOBAL_UNIT_ASSIGNED_CONTEXT ( ( #8554, #1939, #3337 ) ) REPRESENTATION_CONTEXT ( 'NONE', 'WORKASPACE' ) );
#2417 = DIRECTION ( 'NONE',  ( 0.000000000000000000, -1.000000000000000000, 0.000000000000000000 ) ) ;
#2419 = DIRECTION ( 'NONE',  ( 1.000000000000000000, 0.000000000000000000, 0.000000000000000000 ) ) ;
#2418 = DIRECTION ( 'NONE',  ( -0.000000000000000000, -1.000000000000000000, 0.000000000000000000 ) ) ;
#2420 = VECTOR ( 'NONE', #10743, 1000.000000000000000 ) ;
#2421 = VERTEX_POINT ( 'NONE', #10423 ) ;
#2422 = EDGE_CURVE ( 'NONE', #8369, #3174, #499, .T. ) ;
#2423 = VECTOR ( 'NONE', #10700, 1000.000000000000227 ) ;
#2424 = LINE ( 'NONE', #9097, #8889 ) ;
#2425 = CARTESIAN_POINT ( 'NONE',  ( -1.424999999999999822, 2.049999999999999822, -0.1000000000000000056 ) ) ;
#2426 = DIRECTION ( 'NONE',  ( -1.000000000000000000, -0.000000000000000000, -0.000000000000000000 ) ) ;
#2427 = LINE ( 'NONE', #808, #10490 ) ;
#2428 =( GEOMETRIC_REPRESENTATION_CONTEXT ( 3 ) GLOBAL_UNCERTAINTY_ASSIGNED_CONTEXT ( ( #10767 ) ) GLOBAL_UNIT_ASSIGNED_CONTEXT ( ( #525, #5743, #7152 ) ) REPRESENTATION_CONTEXT ( 'NONE', 'WORKASPACE' ) );
#2429 = MECHANICAL_DESIGN_GEOMETRIC_PRESENTATION_REPRESENTATION (  '', ( #1902 ), #8887 ) ;
#2430 = ORIENTED_EDGE ( 'NONE', *, *, #1910, .F. ) ;
#2431 = CIRCLE ( 'NONE', #8537, 0.2000000000000000389 ) ;
#2432 = STYLED_ITEM ( 'NONE', ( #9334 ), #1783 ) ;
#2433 = VECTOR ( 'NONE', #5917, 1000.000000000000000 ) ;
#2434 = AXIS2_PLACEMENT_3D ( 'NONE', #5352, #6173, #2211 ) ;
#2435 = DIRECTION ( 'NONE',  ( 0.000000000000000000, 0.9975640502598241977, -0.06975647374412544122 ) ) ;
#2436 = CARTESIAN_POINT ( 'NONE',  ( 0.5250000000000000222, 2.049999999999999822, -0.2000000000000000111 ) ) ;
#2437 = ORIENTED_EDGE ( 'NONE', *, *, #10840, .T. ) ;
#2438 = DIRECTION ( 'NONE',  ( 0.000000000000000000, 0.000000000000000000, -1.000000000000000000 ) ) ;
#2439 =( GEOMETRIC_REPRESENTATION_CONTEXT ( 3 ) GLOBAL_UNCERTAINTY_ASSIGNED_CONTEXT ( ( #9575 ) ) GLOBAL_UNIT_ASSIGNED_CONTEXT ( ( #1284, #3726, #439 ) ) REPRESENTATION_CONTEXT ( 'NONE', 'WORKASPACE' ) );
#2440 = DIRECTION ( 'NONE',  ( 1.000000000000000000, 0.000000000000000000, 0.000000000000000000 ) ) ;
#2441 = CARTESIAN_POINT ( 'NONE',  ( -2.074999999999999734, 3.000000000000000000, -0.3995116203837655866 ) ) ;
#2442 = VECTOR ( 'NONE', #8405, 1000.000000000000000 ) ;
#2443 = CARTESIAN_POINT ( 'NONE',  ( -1.424999999999999822, -2.552580984647486062, -0.3682250350372596737 ) ) ;
#2444 = CARTESIAN_POINT ( 'NONE',  ( 0.5250000000000000222, 1.949999999999999512, -0.1000000000000000056 ) ) ;
#2445 = LINE ( 'NONE', #9116, #9696 ) ;
#2446 = CARTESIAN_POINT ( 'NONE',  ( 1.824999999999999956, -1.949999999999999512, -0.1000000000000000056 ) ) ;
#2447 = CARTESIAN_POINT ( 'NONE',  ( -1.424999999999999822, -2.049999999999999822, -0.1000000000000000056 ) ) ;
#2448 = STYLED_ITEM ( 'NONE', ( #10311 ), #1977 ) ;
#2449 = CARTESIAN_POINT ( 'NONE',  ( -1.424999999999999822, -3.000000000000000000, -0.3995116203837655866 ) ) ;
#2450 = ORIENTED_EDGE ( 'NONE', *, *, #1225, .T. ) ;
#2451 =( NAMED_UNIT ( * ) SI_UNIT ( $, .STERADIAN. ) SOLID_ANGLE_UNIT ( ) );
#2452 = EDGE_LOOP ( 'NONE', ( #1203, #4341, #8116, #3460 ) ) ;
#2453 = EDGE_CURVE ( 'NONE', #7051, #10259, #2216, .T. ) ;
#2454 = EDGE_CURVE ( 'NONE', #8086, #3394, #9642, .T. ) ;
#2455 = ORIENTED_EDGE ( 'NONE', *, *, #5273, .T. ) ;
#2456 =( LENGTH_UNIT ( ) NAMED_UNIT ( * ) SI_UNIT ( .MILLI., .METRE. ) );
#2457 = DIRECTION ( 'NONE',  ( 0.000000000000000000, 0.000000000000000000, 1.000000000000000000 ) ) ;
#2458 = ADVANCED_FACE ( 'NONE', ( #4696 ), #42, .T. ) ;
#2459 = DIRECTION ( 'NONE',  ( -0.000000000000000000, 0.000000000000000000, -1.000000000000000000 ) ) ;
#2460 = CARTESIAN_POINT ( 'NONE',  ( 2.075000000000000178, 2.552580984647486062, -0.3682250350372596737 ) ) ;
#2461 = VECTOR ( 'NONE', #3466, 1000.000000000000000 ) ;
#2462 = SURFACE_STYLE_USAGE ( .BOTH. , #5052 ) ;
#2463 = VECTOR ( 'NONE', #9318, 1000.000000000000000 ) ;
#2464 = ORIENTED_EDGE ( 'NONE', *, *, #9111, .T. ) ;
#2465 = VERTEX_POINT ( 'NONE', #8443 ) ;
#2466 = PLANE ( 'NONE',  #436 ) ;
#2467 = CARTESIAN_POINT ( 'NONE',  ( -2.074999999999999734, 2.277216163946027105, 0.003810936464559820311 ) ) ;
#2468 = UNCERTAINTY_MEASURE_WITH_UNIT (LENGTH_MEASURE( 1.000000000000000082E-05 ), #31, 'distance_accuracy_value', 'NONE');
#2469 = ORIENTED_EDGE ( 'NONE', *, *, #98, .T. ) ;
#2470 = CARTESIAN_POINT ( 'NONE',  ( -1.824999999999999734, 3.000000000000000000, -0.3995116203837655866 ) ) ;
#2471 = CIRCLE ( 'NONE', #7696, 0.1950000000000000899 ) ;
#2472 =( BOUNDED_CURVE ( )  B_SPLINE_CURVE ( 3, ( #5300, #1217, #7897, #363 ),
 .UNSPECIFIED., .F., .F. ) 
 B_SPLINE_CURVE_WITH_KNOTS ( ( 4, 4 ),
 ( -2.309263891220325604E-14, 0.005463208521556375992 ),
 .UNSPECIFIED. ) 
 CURVE ( )  GEOMETRIC_REPRESENTATION_ITEM ( )  RATIONAL_B_SPLINE_CURVE ( ( 1.000000000000000000, 0.9999975127809339615, 0.9999975127809339615, 1.000000000000000000 ) ) 
 REPRESENTATION_ITEM ( '' )  );
#2473 = FILL_AREA_STYLE ('',( #746 ) ) ;
#2474 = SURFACE_STYLE_USAGE ( .BOTH. , #9794 ) ;
#2475 = ORIENTED_EDGE ( 'NONE', *, *, #9288, .T. ) ;
#2476 = DIRECTION ( 'NONE',  ( 1.000000000000000000, 0.000000000000000000, 0.000000000000000000 ) ) ;
#2477 = CYLINDRICAL_SURFACE ( 'NONE', #5485, 0.2000000000000000389 ) ;
#2478 = ORIENTED_EDGE ( 'NONE', *, *, #7657, .F. ) ;
#2479 = ORIENTED_EDGE ( 'NONE', *, *, #190, .T. ) ;
#2480 =( LENGTH_UNIT ( ) NAMED_UNIT ( * ) SI_UNIT ( .MILLI., .METRE. ) );
#2481 = ADVANCED_FACE ( 'NONE', ( #924 ), #4976, .T. ) ;
#2482 = CARTESIAN_POINT ( 'NONE',  ( -0.7749999999999999112, 2.330000000000000071, -0.4684254559678819319 ) ) ;
#2483 = UNCERTAINTY_MEASURE_WITH_UNIT (LENGTH_MEASURE( 1.000000000000000082E-05 ), #404, 'distance_accuracy_value', 'NONE');
#2484 = ORIENTED_EDGE ( 'NONE', *, *, #3625, .F. ) ;
#2485 = CARTESIAN_POINT ( 'NONE',  ( 0.5250000000000000222, 2.135474103490985875, -0.1480945317677201667 ) ) ;
#2486 = DIRECTION ( 'NONE',  ( 0.000000000000000000, -0.9975640502598241977, 0.06975647374412535795 ) ) ;
#2487 = ORIENTED_EDGE ( 'NONE', *, *, #1285, .T. ) ;
#2488 = FACE_OUTER_BOUND ( 'NONE', #6371, .T. ) ;
#2489 = ORIENTED_EDGE ( 'NONE', *, *, #7963, .T. ) ;
#2490 = ADVANCED_FACE ( 'NONE', ( #146 ), #6615, .T. ) ;
#2491 = SURFACE_STYLE_USAGE ( .BOTH. , #829 ) ;
#2492 = FILL_AREA_STYLE ('',( #6776 ) ) ;
#2493 = EDGE_CURVE ( 'NONE', #7906, #5782, #8561, .T. ) ;
#2494 = DIRECTION ( 'NONE',  ( 0.000000000000000000, -1.000000000000000000, 0.000000000000000000 ) ) ;
#2495 = DIRECTION ( 'NONE',  ( 1.000000000000000000, -0.000000000000000000, 0.000000000000000000 ) ) ;
#2496 = FILL_AREA_STYLE ('',( #4817 ) ) ;
#2497 = FILL_AREA_STYLE ('',( #9988 ) ) ;
#2498 = PRESENTATION_STYLE_ASSIGNMENT (( #1673 ) ) ;
#2499 = ORIENTED_EDGE ( 'NONE', *, *, #538, .F. ) ;
#2500 = DIRECTION ( 'NONE',  ( 0.000000000000000000, 0.000000000000000000, -1.000000000000000000 ) ) ;
#2501 = STYLED_ITEM ( 'NONE', ( #10444 ), #430 ) ;
#2502 = ORIENTED_EDGE ( 'NONE', *, *, #7133, .F. ) ;
#2503 = ORIENTED_EDGE ( 'NONE', *, *, #7389, .T. ) ;
#2504 =( GEOMETRIC_REPRESENTATION_CONTEXT ( 3 ) GLOBAL_UNCERTAINTY_ASSIGNED_CONTEXT ( ( #4400 ) ) GLOBAL_UNIT_ASSIGNED_CONTEXT ( ( #7191, #2248, #9894 ) ) REPRESENTATION_CONTEXT ( 'NONE', 'WORKASPACE' ) );
#2505 = DIRECTION ( 'NONE',  ( 0.000000000000000000, 1.000000000000000000, 0.000000000000000000 ) ) ;
#2506 = FILL_AREA_STYLE ('',( #678 ) ) ;
#2507 = SURFACE_SIDE_STYLE ('',( #4886 ) ) ;
#2508 = CARTESIAN_POINT ( 'NONE',  ( -1.424999999999999822, -1.949999999999999512, -0.1000000000000000056 ) ) ;
#2509 = PRESENTATION_LAYER_ASSIGNMENT (  '', '', ( #5977 ) ) ;
#2510 = ORIENTED_EDGE ( 'NONE', *, *, #10669, .F. ) ;
#2511 = PRESENTATION_STYLE_ASSIGNMENT (( #6793 ) ) ;
#2512 = ORIENTED_EDGE ( 'NONE', *, *, #2676, .T. ) ;
#2513 = FILL_AREA_STYLE_COLOUR ( '', #6046 ) ;
#2514 = LINE ( 'NONE', #2467, #5972 ) ;
#2515 = COLOUR_RGB ( '',0.8039215686274510109, 0.8039215686274510109, 0.8039215686274510109 ) ;
#2516 = PLANE ( 'NONE',  #8672 ) ;
#2517 = ORIENTED_EDGE ( 'NONE', *, *, #6629, .F. ) ;
#2518 = CARTESIAN_POINT ( 'NONE',  ( -1.424999999999999822, -1.949999999999999512, -0.1000000000000000056 ) ) ;
#2519 = EDGE_CURVE ( 'NONE', #7695, #6465, #2956, .T. ) ;
#2520 = CARTESIAN_POINT ( 'NONE',  ( 1.425000000000000044, -2.474082528530912928, -0.3203740982435569484 ) ) ;
#2521 = CARTESIAN_POINT ( 'NONE',  ( 2.075000000000000178, -2.277216163946027105, 0.003810936464559766534 ) ) ;
#2522 = CARTESIAN_POINT ( 'NONE',  ( 1.425000000000000044, 2.049999999999999822, -0.2000000000000000111 ) ) ;
#2523 = VERTEX_POINT ( 'NONE', #7515 ) ;
#2525 = FILL_AREA_STYLE ('',( #6644 ) ) ;
#2524 = FILL_AREA_STYLE_COLOUR ( '', #7408 ) ;
#2526 = MECHANICAL_DESIGN_GEOMETRIC_PRESENTATION_REPRESENTATION (  '', ( #1092 ), #10744 ) ;
#2527 = ORIENTED_EDGE ( 'NONE', *, *, #5594, .F. ) ;
#2528 = SURFACE_STYLE_USAGE ( .BOTH. , #3280 ) ;
#2529 = DIRECTION ( 'NONE',  ( 0.000000000000000000, -1.000000000000000000, -8.672620682681688006E-17 ) ) ;
#2530 =( LENGTH_UNIT ( ) NAMED_UNIT ( * ) SI_UNIT ( .MILLI., .METRE. ) );
#2531 =( NAMED_UNIT ( * ) PLANE_ANGLE_UNIT ( ) SI_UNIT ( $, .RADIAN. ) );
#2532 =( BOUNDED_CURVE ( )  B_SPLINE_CURVE ( 3, ( #1935, #10465, #8753, #242 ),
 .UNSPECIFIED., .F., .T. ) 
 B_SPLINE_CURVE_WITH_KNOTS ( ( 4, 4 ),
 ( 3.141592653589770023, 3.147055862111332036 ),
 .UNSPECIFIED. ) 
 CURVE ( )  GEOMETRIC_REPRESENTATION_ITEM ( )  RATIONAL_B_SPLINE_CURVE ( ( 1.000000000000000000, 0.9999975127809339615, 0.9999975127809339615, 1.000000000000000000 ) ) 
 REPRESENTATION_ITEM ( '' )  );
#2533 = PRESENTATION_LAYER_ASSIGNMENT (  '', '', ( #6795 ) ) ;
#2534 = ORIENTED_EDGE ( 'NONE', *, *, #8459, .T. ) ;
#2535 = AXIS2_PLACEMENT_3D ( 'NONE', #5383, #1920, #4511 ) ;
#2536 = SURFACE_STYLE_FILL_AREA ( #10025 ) ;
#2537 =( NAMED_UNIT ( * ) PLANE_ANGLE_UNIT ( ) SI_UNIT ( $, .RADIAN. ) );
#2538 = ORIENTED_EDGE ( 'NONE', *, *, #1546, .T. ) ;
#2539 = EDGE_CURVE ( 'NONE', #2640, #4227, #3981, .T. ) ;
#2540 = COLOUR_RGB ( '',0.8039215686274510109, 0.8039215686274510109, 0.8039215686274510109 ) ;
#2541 = AXIS2_PLACEMENT_3D ( 'NONE', #2210, #4039, #9858 ) ;
#2542 = CARTESIAN_POINT ( 'NONE',  ( 0.1250000000000001110, -2.049999999999999822, -0.2000000000000000111 ) ) ;
#2543 = FACE_OUTER_BOUND ( 'NONE', #3799, .T. ) ;
#2544 = CIRCLE ( 'NONE', #8639, 0.1000000000000000194 ) ;
#2545 = SURFACE_STYLE_FILL_AREA ( #2492 ) ;
#2546 = UNCERTAINTY_MEASURE_WITH_UNIT (LENGTH_MEASURE( 1.000000000000000082E-05 ), #4603, 'distance_accuracy_value', 'NONE');
#2547 = SURFACE_STYLE_FILL_AREA ( #1740 ) ;
#2548 = PLANE ( 'NONE',  #1514 ) ;
#2549 = EDGE_CURVE ( 'NONE', #5848, #672, #9163, .T. ) ;
#2550 = FILL_AREA_STYLE_COLOUR ( '', #2252 ) ;
#2551 = ORIENTED_EDGE ( 'NONE', *, *, #3676, .T. ) ;
#2552 = CARTESIAN_POINT ( 'NONE',  ( -2.074999999999999734, 1.949999999999999512, 0.1000000000000000056 ) ) ;
#2553 = PRESENTATION_LAYER_ASSIGNMENT (  '', '', ( #9528 ) ) ;
#2554 = EDGE_CURVE ( 'NONE', #3143, #5416, #7563, .T. ) ;
#2555 =( GEOMETRIC_REPRESENTATION_CONTEXT ( 3 ) GLOBAL_UNCERTAINTY_ASSIGNED_CONTEXT ( ( #7561 ) ) GLOBAL_UNIT_ASSIGNED_CONTEXT ( ( #2312, #697, #2360 ) ) REPRESENTATION_CONTEXT ( 'NONE', 'WORKASPACE' ) );
#2556 =( GEOMETRIC_REPRESENTATION_CONTEXT ( 3 ) GLOBAL_UNCERTAINTY_ASSIGNED_CONTEXT ( ( #8650 ) ) GLOBAL_UNIT_ASSIGNED_CONTEXT ( ( #1786, #6715, #9320 ) ) REPRESENTATION_CONTEXT ( 'NONE', 'WORKASPACE' ) );
#2557 = ORIENTED_EDGE ( 'NONE', *, *, #1605, .T. ) ;
#2558 = MECHANICAL_DESIGN_GEOMETRIC_PRESENTATION_REPRESENTATION (  '', ( #7247 ), #3566 ) ;
#2559 = CARTESIAN_POINT ( 'NONE',  ( 0.5250000000000000222, 2.049999999999999822, -0.1000000000000000056 ) ) ;
#2560 = PRESENTATION_LAYER_ASSIGNMENT (  '', '', ( #10595 ) ) ;
#2561 =( GEOMETRIC_REPRESENTATION_CONTEXT ( 3 ) GLOBAL_UNCERTAINTY_ASSIGNED_CONTEXT ( ( #10195 ) ) GLOBAL_UNIT_ASSIGNED_CONTEXT ( ( #2530, #4144, #9144 ) ) REPRESENTATION_CONTEXT ( 'NONE', 'WORKASPACE' ) );
#2562 = CARTESIAN_POINT ( 'NONE',  ( 1.175000000000000044, 2.049999999999999822, -0.2000000000000000111 ) ) ;
#2563 =( LENGTH_UNIT ( ) NAMED_UNIT ( * ) SI_UNIT ( .MILLI., .METRE. ) );
#2564 = VERTEX_POINT ( 'NONE', #2102 ) ;
#2565 = SURFACE_STYLE_FILL_AREA ( #1629 ) ;
#2566 = ORIENTED_EDGE ( 'NONE', *, *, #8812, .F. ) ;
#2567 = COLOUR_RGB ( '',0.8039215686274510109, 0.8039215686274510109, 0.8039215686274510109 ) ;
#2568 = MECHANICAL_DESIGN_GEOMETRIC_PRESENTATION_REPRESENTATION (  '', ( #2224 ), #9901 ) ;
#2569 = SURFACE_STYLE_FILL_AREA ( #2679 ) ;
#2570 = STYLED_ITEM ( 'NONE', ( #9016 ), #1179 ) ;
#2571 = SURFACE_STYLE_FILL_AREA ( #9839 ) ;
#2572 = DIRECTION ( 'NONE',  ( 0.000000000000000000, -0.9975640502598241977, -0.06975647374412544122 ) ) ;
#2573 = EDGE_CURVE ( 'NONE', #888, #9327, #6076, .T. ) ;
#2574 = DIRECTION ( 'NONE',  ( 0.000000000000000000, 0.000000000000000000, -1.000000000000000000 ) ) ;
#2575 = ORIENTED_EDGE ( 'NONE', *, *, #7407, .T. ) ;
#2576 = LINE ( 'NONE', #22, #7009 ) ;
#2577 = SURFACE_STYLE_USAGE ( .BOTH. , #8321 ) ;
#2578 = ORIENTED_EDGE ( 'NONE', *, *, #3383, .F. ) ;
#2579 = PRESENTATION_LAYER_ASSIGNMENT (  '', '', ( #9241 ) ) ;
#2580 = FILL_AREA_STYLE_COLOUR ( '', #7454 ) ;
#2581 = AXIS2_PLACEMENT_3D ( 'NONE', #4841, #4609, #1412 ) ;
#2582 =( GEOMETRIC_REPRESENTATION_CONTEXT ( 3 ) GLOBAL_UNCERTAINTY_ASSIGNED_CONTEXT ( ( #9359 ) ) GLOBAL_UNIT_ASSIGNED_CONTEXT ( ( #7446, #711, #5629 ) ) REPRESENTATION_CONTEXT ( 'NONE', 'WORKASPACE' ) );
#2583 = EDGE_CURVE ( 'NONE', #3440, #3277, #9076, .T. ) ;
#2584 = DIRECTION ( 'NONE',  ( 0.000000000000000000, 0.000000000000000000, -1.000000000000000000 ) ) ;
#2585 = EDGE_CURVE ( 'NONE', #6341, #6649, #3702, .T. ) ;
#2586 = PRESENTATION_STYLE_ASSIGNMENT (( #1865 ) ) ;
#2587 = VECTOR ( 'NONE', #4464, 1000.000000000000000 ) ;
#2588 = VECTOR ( 'NONE', #6951, 1000.000000000000000 ) ;
#2589 = CARTESIAN_POINT ( 'NONE',  ( -0.7749999999999999112, -2.330000000000000071, -0.4684254559678819319 ) ) ;
#2590 = UNCERTAINTY_MEASURE_WITH_UNIT (LENGTH_MEASURE( 1.000000000000000082E-05 ), #10828, 'distance_accuracy_value', 'NONE');
#2591 = VERTEX_POINT ( 'NONE', #7932 ) ;
#2592 = CARTESIAN_POINT ( 'NONE',  ( -0.7749999999999999112, 2.106267956964054999, -0.09999999999999999167 ) ) ;
#2593 = VECTOR ( 'NONE', #8444, 1000.000000000000000 ) ;
#2594 = FILL_AREA_STYLE ('',( #1719 ) ) ;
#2595 = AXIS2_PLACEMENT_3D ( 'NONE', #4470, #6215, #8711 ) ;
#2596 = STYLED_ITEM ( 'NONE', ( #350 ), #8453 ) ;
#2597 = ADVANCED_FACE ( 'NONE', ( #3658 ), #9480, .T. ) ;
#2598 = DIRECTION ( 'NONE',  ( 0.000000000000000000, 0.000000000000000000, -1.000000000000000000 ) ) ;
#2599 = DIRECTION ( 'NONE',  ( 0.000000000000000000, -0.06975647374412539958, -0.9975640502598243087 ) ) ;
#2600 = ORIENTED_EDGE ( 'NONE', *, *, #6310, .F. ) ;
#2601 = AXIS2_PLACEMENT_3D ( 'NONE', #10749, #883, #3343 ) ;
#2602 =( NAMED_UNIT ( * ) PLANE_ANGLE_UNIT ( ) SI_UNIT ( $, .RADIAN. ) );
#2603 =( LENGTH_UNIT ( ) NAMED_UNIT ( * ) SI_UNIT ( .MILLI., .METRE. ) );
#2604 = ORIENTED_EDGE ( 'NONE', *, *, #10376, .F. ) ;
#2605 = LINE ( 'NONE', #9269, #6573 ) ;
#2606 = SURFACE_STYLE_USAGE ( .BOTH. , #5034 ) ;
#2607 =( GEOMETRIC_REPRESENTATION_CONTEXT ( 3 ) GLOBAL_UNCERTAINTY_ASSIGNED_CONTEXT ( ( #5949 ) ) GLOBAL_UNIT_ASSIGNED_CONTEXT ( ( #959, #9966, #10074 ) ) REPRESENTATION_CONTEXT ( 'NONE', 'WORKASPACE' ) );
#2608 =( NAMED_UNIT ( * ) PLANE_ANGLE_UNIT ( ) SI_UNIT ( $, .RADIAN. ) );
#2609 = VECTOR ( 'NONE', #4152, 1000.000000000000000 ) ;
#2610 = PRESENTATION_LAYER_ASSIGNMENT (  '', '', ( #3787 ) ) ;
#2611 = LINE ( 'NONE', #9322, #2062 ) ;
#2612 = CARTESIAN_POINT ( 'NONE',  ( -0.1249999999999998890, -3.000000000000000000, -0.6000000000000000888 ) ) ;
#2613 = AXIS2_PLACEMENT_3D ( 'NONE', #10831, #7797, #4129 ) ;
#2614 =( NAMED_UNIT ( * ) SI_UNIT ( $, .STERADIAN. ) SOLID_ANGLE_UNIT ( ) );
#2615 = ORIENTED_EDGE ( 'NONE', *, *, #7862, .F. ) ;
#2616 = COLOUR_RGB ( '',0.8039215686274510109, 0.8039215686274510109, 0.8039215686274510109 ) ;
#2617 = VERTEX_POINT ( 'NONE', #8762 ) ;
#2618 = MECHANICAL_DESIGN_GEOMETRIC_PRESENTATION_REPRESENTATION (  '', ( #10307 ), #846 ) ;
#2619 = ORIENTED_EDGE ( 'NONE', *, *, #3427, .T. ) ;
#2620 = DIRECTION ( 'NONE',  ( 0.000000000000000000, 0.9975640502598241977, 0.06975647374412535795 ) ) ;
#2621 =( NAMED_UNIT ( * ) PLANE_ANGLE_UNIT ( ) SI_UNIT ( $, .RADIAN. ) );
#2622 = EDGE_CURVE ( 'NONE', #7312, #7373, #8599, .T. ) ;
#2623 =( NAMED_UNIT ( * ) PLANE_ANGLE_UNIT ( ) SI_UNIT ( $, .RADIAN. ) );
#2624 = LINE ( 'NONE', #5975, #2065 ) ;
#2625 = VECTOR ( 'NONE', #9984, 1000.000000000000000 ) ;
#2626 = DIRECTION ( 'NONE',  ( 1.000000000000000000, 0.000000000000000000, 0.000000000000000000 ) ) ;
#2627 = AXIS2_PLACEMENT_3D ( 'NONE', #9216, #2495, #3449 ) ;
#2628 = ORIENTED_EDGE ( 'NONE', *, *, #9432, .F. ) ;
#2629 = AXIS2_PLACEMENT_3D ( 'NONE', #2706, #2858, #90 ) ;
#2630 =( NAMED_UNIT ( * ) PLANE_ANGLE_UNIT ( ) SI_UNIT ( $, .RADIAN. ) );
#2631 = CARTESIAN_POINT ( 'NONE',  ( -0.1249999999999998890, 2.049999999999999822, -0.2000000000000000111 ) ) ;
#2632 = EDGE_CURVE ( 'NONE', #8863, #10684, #4577, .T. ) ;
#2633 = SURFACE_STYLE_USAGE ( .BOTH. , #3414 ) ;
#2634 = DIRECTION ( 'NONE',  ( 1.000000000000000000, 0.000000000000000000, 0.000000000000000000 ) ) ;
#2635 = DIRECTION ( 'NONE',  ( 0.000000000000000000, 0.000000000000000000, -1.000000000000000000 ) ) ;
#2636 = PRESENTATION_STYLE_ASSIGNMENT (( #5985 ) ) ;
#2637 = ORIENTED_EDGE ( 'NONE', *, *, #6225, .T. ) ;
#2638 = FACE_OUTER_BOUND ( 'NONE', #1568, .T. ) ;
#2639 = FACE_OUTER_BOUND ( 'NONE', #10502, .T. ) ;
#2640 = VERTEX_POINT ( 'NONE', #4478 ) ;
#2641 = DIRECTION ( 'NONE',  ( 0.000000000000000000, -1.000000000000000000, -8.672620682681688006E-17 ) ) ;
#2642 = FACE_OUTER_BOUND ( 'NONE', #4465, .T. ) ;
#2643 = VECTOR ( 'NONE', #3328, 1000.000000000000000 ) ;
#2644 = DIRECTION ( 'NONE',  ( -1.000000000000000000, 0.000000000000000000, 0.000000000000000000 ) ) ;
#2645 = CARTESIAN_POINT ( 'NONE',  ( -1.174999999999999822, -3.000000000000000000, -0.6000000000000000888 ) ) ;
#2646 = ORIENTED_EDGE ( 'NONE', *, *, #3656, .F. ) ;
#2647 = PLANE ( 'NONE',  #300 ) ;
#2648 = ADVANCED_FACE ( 'NONE', ( #3602 ), #5450, .F. ) ;
#2649 = DIRECTION ( 'NONE',  ( 0.000000000000000000, 0.000000000000000000, -1.000000000000000000 ) ) ;
#2650 = CARTESIAN_POINT ( 'NONE',  ( -1.824999999999999734, -1.949999999999999512, -0.1000000000000000056 ) ) ;
#2651 = ADVANCED_FACE ( 'NONE', ( #310 ), #196, .F. ) ;
#2652 = CARTESIAN_POINT ( 'NONE',  ( -0.1249999999999998890, -2.559556632021898537, -0.2684686300112771873 ) ) ;
#2653 = SURFACE_SIDE_STYLE ('',( #9314 ) ) ;
#2654 = ORIENTED_EDGE ( 'NONE', *, *, #126, .F. ) ;
#2655 = CARTESIAN_POINT ( 'NONE',  ( -0.7749999999999999112, 2.474082528530912928, -0.3203740982435569484 ) ) ;
#2656 = CARTESIAN_POINT ( 'NONE',  ( 0.7750000000000001332, 1.949999999999999512, 0.1000000000000000056 ) ) ;
#2657 = EDGE_CURVE ( 'NONE', #120, #8801, #7154, .T. ) ;
#2658 = LINE ( 'NONE', #5959, #2463 ) ;
#2659 = DIRECTION ( 'NONE',  ( 0.000000000000000000, 0.5190546823227979445, 0.8547410349098604199 ) ) ;
#2660 = UNCERTAINTY_MEASURE_WITH_UNIT (LENGTH_MEASURE( 1.000000000000000082E-05 ), #8495, 'distance_accuracy_value', 'NONE');
#2661 = DIRECTION ( 'NONE',  ( 0.000000000000000000, 0.9975640502598241977, 0.06975647374412535795 ) ) ;
#2662 = EDGE_CURVE ( 'NONE', #9224, #6979, #8228, .T. ) ;
#2663 = DIRECTION ( 'NONE',  ( 1.000000000000000000, 0.000000000000000000, 0.000000000000000000 ) ) ;
#2664 = ORIENTED_EDGE ( 'NONE', *, *, #2201, .F. ) ;
#2665 = CARTESIAN_POINT ( 'NONE',  ( -2.074999999999999734, -1.949999999999999512, -0.1000000000000000056 ) ) ;
#2666 = EDGE_LOOP ( 'NONE', ( #1835, #7813, #9042, #4866 ) ) ;
#2667 = ORIENTED_EDGE ( 'NONE', *, *, #3922, .F. ) ;
#2668 = CARTESIAN_POINT ( 'NONE',  ( -0.1249999999999998890, -2.330000000000000071, -0.4684254559678819319 ) ) ;
#2669 =( LENGTH_UNIT ( ) NAMED_UNIT ( * ) SI_UNIT ( .MILLI., .METRE. ) );
#2670 = SURFACE_STYLE_USAGE ( .BOTH. , #3462 ) ;
#2671 = DIRECTION ( 'NONE',  ( 1.000000000000000000, 0.000000000000000000, 0.000000000000000000 ) ) ;
#2672 = CARTESIAN_POINT ( 'NONE',  ( 0.7750000000000001332, 3.000000000000000000, -0.6000000000000000888 ) ) ;
#2673 = VECTOR ( 'NONE', #695, 1000.000000000000000 ) ;
#2674 =( NAMED_UNIT ( * ) PLANE_ANGLE_UNIT ( ) SI_UNIT ( $, .RADIAN. ) );
#2675 = VERTEX_POINT ( 'NONE', #6385 ) ;
#2676 = EDGE_CURVE ( 'NONE', #7437, #7693, #8159, .T. ) ;
#2677 = VECTOR ( 'NONE', #6187, 1000.000000000000000 ) ;
#2678 = VERTEX_POINT ( 'NONE', #6545 ) ;
#2679 = FILL_AREA_STYLE ('',( #3263 ) ) ;
#2680 =( NAMED_UNIT ( * ) SI_UNIT ( $, .STERADIAN. ) SOLID_ANGLE_UNIT ( ) );
#2681 = VECTOR ( 'NONE', #2834, 1000.000000000000000 ) ;
#2682 = CARTESIAN_POINT ( 'NONE',  ( -0.7749999999999999112, 2.135474103490985875, -0.1480945317677201667 ) ) ;
#2683 = PRESENTATION_STYLE_ASSIGNMENT (( #10177 ) ) ;
#2684 = EDGE_LOOP ( 'NONE', ( #5861, #378, #6154, #2797 ) ) ;
#2685 = SURFACE_STYLE_USAGE ( .BOTH. , #2019 ) ;
#2686 = ADVANCED_FACE ( 'NONE', ( #3925 ), #3078, .T. ) ;
#2687 =( LENGTH_UNIT ( ) NAMED_UNIT ( * ) SI_UNIT ( .MILLI., .METRE. ) );
#2688 = ORIENTED_EDGE ( 'NONE', *, *, #3334, .F. ) ;
#2689 = SURFACE_STYLE_USAGE ( .BOTH. , #8325 ) ;
#2690 = AXIS2_PLACEMENT_3D ( 'NONE', #6460, #4596, #4830 ) ;
#2691 = SURFACE_SIDE_STYLE ('',( #6697 ) ) ;
#2692 = ADVANCED_FACE ( 'NONE', ( #7995 ), #1553, .F. ) ;
#2693 =( LENGTH_UNIT ( ) NAMED_UNIT ( * ) SI_UNIT ( .MILLI., .METRE. ) );
#2694 = UNCERTAINTY_MEASURE_WITH_UNIT (LENGTH_MEASURE( 1.000000000000000082E-05 ), #6296, 'distance_accuracy_value', 'NONE');
#2695 = ORIENTED_EDGE ( 'NONE', *, *, #3656, .T. ) ;
#2696 = FACE_OUTER_BOUND ( 'NONE', #5326, .T. ) ;
#2697 = VECTOR ( 'NONE', #1919, 1000.000000000000000 ) ;
#2698 = STYLED_ITEM ( 'NONE', ( #5204 ), #10194 ) ;
#2699 = CYLINDRICAL_SURFACE ( 'NONE', #4126, 0.07499999999999998335 ) ;
#2700 = DIRECTION ( 'NONE',  ( 0.000000000000000000, 0.000000000000000000, 1.000000000000000000 ) ) ;
#2701 = VERTEX_POINT ( 'NONE', #7387 ) ;
#2702 = CARTESIAN_POINT ( 'NONE',  ( 2.000000000000000000, -1.324999999999999512, -0.5499999999999999334 ) ) ;
#2703 = CARTESIAN_POINT ( 'NONE',  ( -1.824999999999999734, -3.000000000000000000, -0.3995116203837655866 ) ) ;
#2704 =( NAMED_UNIT ( * ) SI_UNIT ( $, .STERADIAN. ) SOLID_ANGLE_UNIT ( ) );
#2705 = MECHANICAL_DESIGN_GEOMETRIC_PRESENTATION_REPRESENTATION (  '', ( #9337 ), #3532 ) ;
#2706 = CARTESIAN_POINT ( 'NONE',  ( 1.425000000000000044, -2.500948206981972177, -0.3646145195033222430 ) ) ;
#2707 = CARTESIAN_POINT ( 'NONE',  ( -0.1249999999999998890, 3.000000000000000000, -0.3995116203837655866 ) ) ;
#2708 = AXIS2_PLACEMENT_3D ( 'NONE', #4313, #5642, #4760 ) ;
#2709 = CARTESIAN_POINT ( 'NONE',  ( -1.424999999999999822, -2.106267956964054999, 0.09999999999999999167 ) ) ;
#2710 =( NAMED_UNIT ( * ) SI_UNIT ( $, .STERADIAN. ) SOLID_ANGLE_UNIT ( ) );
#2711 =( NAMED_UNIT ( * ) SI_UNIT ( $, .STERADIAN. ) SOLID_ANGLE_UNIT ( ) );
#2712 = SURFACE_STYLE_USAGE ( .BOTH. , #9324 ) ;
#2713 = AXIS2_PLACEMENT_3D ( 'NONE', #2082, #4606, #1117 ) ;
#2714 = SURFACE_STYLE_FILL_AREA ( #778 ) ;
#2715 = EDGE_CURVE ( 'NONE', #2591, #723, #478, .T. ) ;
#2716 = VERTEX_POINT ( 'NONE', #5623 ) ;
#2717 = EDGE_LOOP ( 'NONE', ( #5544, #6781, #817, #8745 ) ) ;
#2718 = EDGE_CURVE ( 'NONE', #1593, #4904, #4250, .T. ) ;
#2719 = MECHANICAL_DESIGN_GEOMETRIC_PRESENTATION_REPRESENTATION (  '', ( #9173 ), #10572 ) ;
#2720 =( GEOMETRIC_REPRESENTATION_CONTEXT ( 3 ) GLOBAL_UNCERTAINTY_ASSIGNED_CONTEXT ( ( #5038 ) ) GLOBAL_UNIT_ASSIGNED_CONTEXT ( ( #3622, #2831, #9490 ) ) REPRESENTATION_CONTEXT ( 'NONE', 'WORKASPACE' ) );
#2721 = LINE ( 'NONE', #8457, #4480 ) ;
#2722 = PRESENTATION_STYLE_ASSIGNMENT (( #8571 ) ) ;
#2723 = CIRCLE ( 'NONE', #7040, 0.09999999999999982514 ) ;
#2724 = PLANE ( 'NONE',  #8474 ) ;
#2725 = EDGE_LOOP ( 'NONE', ( #1006, #8091, #183, #885 ) ) ;
#2726 = PLANE ( 'NONE',  #6023 ) ;
#2727 = AXIS2_PLACEMENT_3D ( 'NONE', #7222, #4756, #1566 ) ;
#2728 = EDGE_LOOP ( 'NONE', ( #9049, #8604, #9331, #1164 ) ) ;
#2729 = DIRECTION ( 'NONE',  ( 0.000000000000000000, -0.9975640502598241977, 0.06975647374412538571 ) ) ;
#2730 = CARTESIAN_POINT ( 'NONE',  ( -1.824999999999999734, -2.486996912233147228, -0.5641273295552871048 ) ) ;
#2731 = AXIS2_PLACEMENT_3D ( 'NONE', #5255, #8616, #4435 ) ;
#2732 = STYLED_ITEM ( 'NONE', ( #2804 ), #1256 ) ;
#2733 = COLOUR_RGB ( '',0.8039215686274510109, 0.8039215686274510109, 0.8039215686274510109 ) ;
#2734 =( LENGTH_UNIT ( ) NAMED_UNIT ( * ) SI_UNIT ( .MILLI., .METRE. ) );
#2735 = VECTOR ( 'NONE', #4700, 1000.000000000000000 ) ;
#2736 = DIRECTION ( 'NONE',  ( 1.000000000000000000, 0.000000000000000000, 0.000000000000000000 ) ) ;
#2737 = VERTEX_POINT ( 'NONE', #7211 ) ;
#2738 = STYLED_ITEM ( 'NONE', ( #10101 ), #6817 ) ;
#2739 = FACE_OUTER_BOUND ( 'NONE', #6589, .T. ) ;
#2740 = ORIENTED_EDGE ( 'NONE', *, *, #1618, .F. ) ;
#2741 = SURFACE_SIDE_STYLE ('',( #8746 ) ) ;
#2742 = SPHERICAL_SURFACE ( 'NONE', #3782, 0.07499999999999999722 ) ;
#2743 = CARTESIAN_POINT ( 'NONE',  ( 2.375409738600888332, -1.949998880753507802, -0.1000106489190372011 ) ) ;
#2744 = FILL_AREA_STYLE ('',( #4459 ) ) ;
#2745 = EDGE_CURVE ( 'NONE', #6355, #8767, #1434, .T. ) ;
#2746 = ORIENTED_EDGE ( 'NONE', *, *, #5770, .F. ) ;
#2747 = FILL_AREA_STYLE ('',( #179 ) ) ;
#2748 = VECTOR ( 'NONE', #311, 1000.000000000000114 ) ;
#2749 =( NAMED_UNIT ( * ) PLANE_ANGLE_UNIT ( ) SI_UNIT ( $, .RADIAN. ) );
#2750 = FILL_AREA_STYLE_COLOUR ( '', #3398 ) ;
#2751 = CARTESIAN_POINT ( 'NONE',  ( -1.174999999999999822, -2.330000000000000071, -0.4684254559678819319 ) ) ;
#2752 = FACE_OUTER_BOUND ( 'NONE', #5609, .T. ) ;
#2753 = EDGE_LOOP ( 'NONE', ( #1462, #4839, #1948, #10666, #2740, #1451, #6891, #7608, #10623, #3230, #3949, #7968 ) ) ;
#2754 = EDGE_CURVE ( 'NONE', #3291, #4522, #4335, .T. ) ;
#2755 = STYLED_ITEM ( 'NONE', ( #1864 ), #8585 ) ;
#2756 = CARTESIAN_POINT ( 'NONE',  ( -0.1249999999999998890, 1.949999999999999512, -0.1000000000000000056 ) ) ;
#2757 = AXIS2_PLACEMENT_3D ( 'NONE', #1437, #4970, #1489 ) ;
#2758 = FACE_OUTER_BOUND ( 'NONE', #10109, .T. ) ;
#2759 =( GEOMETRIC_REPRESENTATION_CONTEXT ( 3 ) GLOBAL_UNCERTAINTY_ASSIGNED_CONTEXT ( ( #2896 ) ) GLOBAL_UNIT_ASSIGNED_CONTEXT ( ( #1108, #10284, #10174 ) ) REPRESENTATION_CONTEXT ( 'NONE', 'WORKASPACE' ) );
#2760 = DIRECTION ( 'NONE',  ( 0.000000000000000000, 0.000000000000000000, -1.000000000000000000 ) ) ;
#2761 =( GEOMETRIC_REPRESENTATION_CONTEXT ( 3 ) GLOBAL_UNCERTAINTY_ASSIGNED_CONTEXT ( ( #1956 ) ) GLOBAL_UNIT_ASSIGNED_CONTEXT ( ( #9935, #592, #7292 ) ) REPRESENTATION_CONTEXT ( 'NONE', 'WORKASPACE' ) );
#2762 = STYLED_ITEM ( 'NONE', ( #8795 ), #8732 ) ;
#2763 = AXIS2_PLACEMENT_3D ( 'NONE', #9280, #7683, #9222 ) ;
#2764 = UNCERTAINTY_MEASURE_WITH_UNIT (LENGTH_MEASURE( 1.000000000000000082E-05 ), #8212, 'distance_accuracy_value', 'NONE');
#2765 = PRESENTATION_STYLE_ASSIGNMENT (( #7564 ) ) ;
#2766 = MECHANICAL_DESIGN_GEOMETRIC_PRESENTATION_REPRESENTATION (  '', ( #1346 ), #3111 ) ;
#2767 = CARTESIAN_POINT ( 'NONE',  ( 2.376217025357842516, 1.950806167510464206, 0.09232982849429266503 ) ) ;
#2768 = VERTEX_POINT ( 'NONE', #8100 ) ;
#2769 = MECHANICAL_DESIGN_GEOMETRIC_PRESENTATION_REPRESENTATION (  '', ( #1352 ), #9927 ) ;
#2770 = ORIENTED_EDGE ( 'NONE', *, *, #8841, .F. ) ;
#2771 = VECTOR ( 'NONE', #7994, 1000.000000000000000 ) ;
#2772 = DIRECTION ( 'NONE',  ( -1.000000000000000000, 0.000000000000000000, -0.000000000000000000 ) ) ;
#2773 = DIRECTION ( 'NONE',  ( 1.000000000000000000, 0.000000000000000000, 0.000000000000000000 ) ) ;
#2774 =( GEOMETRIC_REPRESENTATION_CONTEXT ( 3 ) GLOBAL_UNCERTAINTY_ASSIGNED_CONTEXT ( ( #5725 ) ) GLOBAL_UNIT_ASSIGNED_CONTEXT ( ( #644, #7271, #7208 ) ) REPRESENTATION_CONTEXT ( 'NONE', 'WORKASPACE' ) );
#2775 = DIRECTION ( 'NONE',  ( 0.000000000000000000, 0.1045284632676537068, 0.9945218953682732899 ) ) ;
#2776 = STYLED_ITEM ( 'NONE', ( #6958 ), #8677 ) ;
#2777 =( NAMED_UNIT ( * ) PLANE_ANGLE_UNIT ( ) SI_UNIT ( $, .RADIAN. ) );
#2778 = VECTOR ( 'NONE', #5403, 1000.000000000000114 ) ;
#2779 = VECTOR ( 'NONE', #8765, 1000.000000000000000 ) ;
#2780 =( NAMED_UNIT ( * ) SI_UNIT ( $, .STERADIAN. ) SOLID_ANGLE_UNIT ( ) );
#2781 = EDGE_CURVE ( 'NONE', #1276, #7712, #10849, .T. ) ;
#2782 = ORIENTED_EDGE ( 'NONE', *, *, #3384, .T. ) ;
#2783 = ADVANCED_FACE ( 'NONE', ( #5952 ), #2647, .T. ) ;
#2784 = ORIENTED_EDGE ( 'NONE', *, *, #4483, .F. ) ;
#2785 = SURFACE_STYLE_USAGE ( .BOTH. , #7863 ) ;
#2786 = CARTESIAN_POINT ( 'NONE',  ( -1.824999999999999734, -2.135474103490985875, -0.1480945317677201667 ) ) ;
#2787 =( GEOMETRIC_REPRESENTATION_CONTEXT ( 3 ) GLOBAL_UNCERTAINTY_ASSIGNED_CONTEXT ( ( #3639 ) ) GLOBAL_UNIT_ASSIGNED_CONTEXT ( ( #4223, #8197, #4008 ) ) REPRESENTATION_CONTEXT ( 'NONE', 'WORKASPACE' ) );
#2788 = EDGE_CURVE ( 'NONE', #1511, #8086, #663, .T. ) ;
#2789 = STYLED_ITEM ( 'NONE', ( #4688 ), #2686 ) ;
#2790 = DIRECTION ( 'NONE',  ( 1.000000000000000000, 0.000000000000000000, 0.000000000000000000 ) ) ;
#2791 =( NAMED_UNIT ( * ) SI_UNIT ( $, .STERADIAN. ) SOLID_ANGLE_UNIT ( ) );
#2792 = FACE_OUTER_BOUND ( 'NONE', #3860, .T. ) ;
#2793 =( NAMED_UNIT ( * ) SI_UNIT ( $, .STERADIAN. ) SOLID_ANGLE_UNIT ( ) );
#2794 = ORIENTED_EDGE ( 'NONE', *, *, #263, .T. ) ;
#2795 = COLOUR_RGB ( '',0.8039215686274510109, 0.8039215686274510109, 0.8039215686274510109 ) ;
#2796 = DIRECTION ( 'NONE',  ( 1.000000000000000000, 0.000000000000000000, 0.000000000000000000 ) ) ;
#2797 = ORIENTED_EDGE ( 'NONE', *, *, #3144, .T. ) ;
#2798 = CARTESIAN_POINT ( 'NONE',  ( 1.824999999999999956, -2.049999999999999822, -0.1000000000000000056 ) ) ;
#2799 = LINE ( 'NONE', #6111, #5140 ) ;
#2800 = UNCERTAINTY_MEASURE_WITH_UNIT (LENGTH_MEASURE( 1.000000000000000082E-05 ), #10671, 'distance_accuracy_value', 'NONE');
#2801 = DIRECTION ( 'NONE',  ( 1.000000000000000000, 0.000000000000000000, 0.000000000000000000 ) ) ;
#2802 = VERTEX_POINT ( 'NONE', #5072 ) ;
#2803 = PLANE ( 'NONE',  #6513 ) ;
#2804 = PRESENTATION_STYLE_ASSIGNMENT (( #7765 ) ) ;
#2805 = DIRECTION ( 'NONE',  ( 0.000000000000000000, 0.9975640502598241977, 0.06975647374412535795 ) ) ;
#2806 = VERTEX_POINT ( 'NONE', #5121 ) ;
#2807 = DIRECTION ( 'NONE',  ( 1.000000000000000000, 0.000000000000000000, 0.000000000000000000 ) ) ;
#2808 = DIRECTION ( 'NONE',  ( 0.000000000000000000, 0.000000000000000000, -1.000000000000000000 ) ) ;
#2809 = EDGE_CURVE ( 'NONE', #5612, #6811, #1601, .T. ) ;
#2810 = LINE ( 'NONE', #8813, #7284 ) ;
#2811 = CARTESIAN_POINT ( 'NONE',  ( 0.7750000000000001332, -2.049999999999999822, -0.1000000000000000056 ) ) ;
#2812 = SURFACE_SIDE_STYLE ('',( #1882 ) ) ;
#2813 =( NAMED_UNIT ( * ) PLANE_ANGLE_UNIT ( ) SI_UNIT ( $, .RADIAN. ) );
#2814 = AXIS2_PLACEMENT_3D ( 'NONE', #8500, #9274, #9323 ) ;
#2815 = CARTESIAN_POINT ( 'NONE',  ( -1.174999999999999822, 2.330000000000000071, -0.4684254559678819319 ) ) ;
#2816 = SURFACE_STYLE_USAGE ( .BOTH. , #2862 ) ;
#2817 = FILL_AREA_STYLE_COLOUR ( '', #5324 ) ;
#2818 = PRESENTATION_STYLE_ASSIGNMENT (( #6275 ) ) ;
#2819 = DIRECTION ( 'NONE',  ( 0.000000000000000000, 0.000000000000000000, -1.000000000000000000 ) ) ;
#2820 = VERTEX_POINT ( 'NONE', #6653 ) ;
#2821 = DIRECTION ( 'NONE',  ( -1.000000000000000000, -0.000000000000000000, -0.000000000000000000 ) ) ;
#2822 = VERTEX_POINT ( 'NONE', #4304 ) ;
#2823 = EDGE_CURVE ( 'NONE', #9511, #7580, #5024, .T. ) ;
#2824 =( NAMED_UNIT ( * ) SI_UNIT ( $, .STERADIAN. ) SOLID_ANGLE_UNIT ( ) );
#2825 = ADVANCED_FACE ( 'NONE', ( #6812 ), #5907, .T. ) ;
#2826 = CLOSED_SHELL ( 'NONE', ( #2841, #8163, #5835, #3515, #1259, #10702, #6660, #1633, #7096, #9700, #2783, #9467, #7350, #9092 ) ) ;
#2827 = CARTESIAN_POINT ( 'NONE',  ( -1.424999999999999822, 2.330000000000000071, -0.4684254559678819319 ) ) ;
#2828 = FILL_AREA_STYLE ('',( #1047 ) ) ;
#2829 = FILL_AREA_STYLE_COLOUR ( '', #4998 ) ;
#2830 = SURFACE_STYLE_USAGE ( .BOTH. , #8666 ) ;
#2831 =( NAMED_UNIT ( * ) PLANE_ANGLE_UNIT ( ) SI_UNIT ( $, .RADIAN. ) );
#2832 = ORIENTED_EDGE ( 'NONE', *, *, #8284, .T. ) ;
#2833 = FILL_AREA_STYLE ('',( #6138 ) ) ;
#2834 = DIRECTION ( 'NONE',  ( 0.000000000000000000, 0.000000000000000000, -1.000000000000000000 ) ) ;
#2835 = LINE ( 'NONE', #8467, #10264 ) ;
#2836 = ORIENTED_EDGE ( 'NONE', *, *, #1584, .F. ) ;
#2837 = SURFACE_STYLE_FILL_AREA ( #280 ) ;
#2838 = DIRECTION ( 'NONE',  ( 0.000000000000000000, -8.672620682681688006E-17, 1.000000000000000000 ) ) ;
#2839 = ORIENTED_EDGE ( 'NONE', *, *, #10528, .F. ) ;
#2840 = ORIENTED_EDGE ( 'NONE', *, *, #6481, .T. ) ;
#2841 = ADVANCED_FACE ( 'NONE', ( #4245 ), #81, .F. ) ;
#2842 = DIRECTION ( 'NONE',  ( -1.000000000000000000, -0.000000000000000000, -0.000000000000000000 ) ) ;
#2843 = CARTESIAN_POINT ( 'NONE',  ( 1.175000000000000044, -2.559556632021898537, -0.2684686300112771873 ) ) ;
#2844 = SURFACE_STYLE_FILL_AREA ( #5386 ) ;
#2845 = CIRCLE ( 'NONE', #536, 0.2000000000000000389 ) ;
#2846 = EDGE_CURVE ( 'NONE', #3558, #3478, #9084, .T. ) ;
#2847 = CARTESIAN_POINT ( 'NONE',  ( 0.1250000000000001110, -1.949999999999999512, 0.1000000000000000056 ) ) ;
#2848 = ORIENTED_EDGE ( 'NONE', *, *, #8331, .F. ) ;
#2849 = SURFACE_STYLE_FILL_AREA ( #2747 ) ;
#2850 = DIRECTION ( 'NONE',  ( 0.000000000000000000, 1.000000000000000000, -8.672620682681688006E-17 ) ) ;
#2851 = DIRECTION ( 'NONE',  ( 1.000000000000000000, 0.000000000000000000, 0.000000000000000000 ) ) ;
#2852 = EDGE_LOOP ( 'NONE', ( #3152, #7175, #609, #10629, #10492, #10698, #9018, #1176 ) ) ;
#2853 = VECTOR ( 'NONE', #6034, 1000.000000000000000 ) ;
#2854 = EDGE_CURVE ( 'NONE', #7078, #721, #124, .T. ) ;
#2855 = CARTESIAN_POINT ( 'NONE',  ( -2.074999999999999734, 1.949999999999999512, -0.1000000000000000056 ) ) ;
#2856 = SURFACE_STYLE_FILL_AREA ( #3652 ) ;
#2857 =( NAMED_UNIT ( * ) PLANE_ANGLE_UNIT ( ) SI_UNIT ( $, .RADIAN. ) );
#2858 = DIRECTION ( 'NONE',  ( 1.000000000000000000, 0.000000000000000000, 0.000000000000000000 ) ) ;
#2859 = VECTOR ( 'NONE', #4870, 1000.000000000000000 ) ;
#2860 = LINE ( 'NONE', #9635, #4442 ) ;
#2861 = CARTESIAN_POINT ( 'NONE',  ( -2.334065403820539064, -1.834065403820538842, -0.4855360833915847163 ) ) ;
#2862 = SURFACE_SIDE_STYLE ('',( #10316 ) ) ;
#2863 =( NAMED_UNIT ( * ) PLANE_ANGLE_UNIT ( ) SI_UNIT ( $, .RADIAN. ) );
#2864 = ORIENTED_EDGE ( 'NONE', *, *, #7907, .T. ) ;
#2865 = SURFACE_SIDE_STYLE ('',( #10369 ) ) ;
#2866 = VECTOR ( 'NONE', #4903, 1000.000000000000000 ) ;
#2867 = ORIENTED_EDGE ( 'NONE', *, *, #7983, .T. ) ;
#2868 = CARTESIAN_POINT ( 'NONE',  ( 1.175000000000000044, 3.000000000000000000, -0.3995116203837655866 ) ) ;
#2869 = FILL_AREA_STYLE ('',( #10672 ) ) ;
#2870 = LINE ( 'NONE', #3711, #3278 ) ;
#2871 = CARTESIAN_POINT ( 'NONE',  ( 1.175000000000000044, 2.552580984647486062, -0.3682250350372596737 ) ) ;
#2872 = EDGE_CURVE ( 'NONE', #969, #8468, #1930, .T. ) ;
#2873 = FACE_OUTER_BOUND ( 'NONE', #5816, .T. ) ;
#2874 =( NAMED_UNIT ( * ) PLANE_ANGLE_UNIT ( ) SI_UNIT ( $, .RADIAN. ) );
#2875 = VECTOR ( 'NONE', #8420, 1000.000000000000000 ) ;
#2876 = EDGE_LOOP ( 'NONE', ( #5557, #1555, #4501, #1628 ) ) ;
#2877 = ADVANCED_FACE ( 'NONE', ( #1245 ), #7764, .T. ) ;
#2878 = CARTESIAN_POINT ( 'NONE',  ( 0.1250000000000001110, 3.000000000000000000, -0.3995116203837655866 ) ) ;
#2879 = STYLED_ITEM ( 'NONE', ( #4864 ), #3543 ) ;
#2880 = CARTESIAN_POINT ( 'NONE',  ( -2.074999999999999734, 2.486996912233147228, -0.5641273295552871048 ) ) ;
#2881 = AXIS2_PLACEMENT_3D ( 'NONE', #3791, #2998, #3050 ) ;
#2882 = ORIENTED_EDGE ( 'NONE', *, *, #1821, .F. ) ;
#2883 = VERTEX_POINT ( 'NONE', #6156 ) ;
#2884 = LINE ( 'NONE', #6101, #10394 ) ;
#2885 = DIRECTION ( 'NONE',  ( 0.000000000000000000, 1.000000000000000000, 0.000000000000000000 ) ) ;
#2886 = LINE ( 'NONE', #9560, #6744 ) ;
#2887 = ORIENTED_EDGE ( 'NONE', *, *, #5867, .T. ) ;
#2888 = PRESENTATION_STYLE_ASSIGNMENT (( #2685 ) ) ;
#2889 = ORIENTED_EDGE ( 'NONE', *, *, #3355, .T. ) ;
#2890 = DIRECTION ( 'NONE',  ( 0.000000000000000000, -0.9975640502598241977, -0.06975647374412544122 ) ) ;
#2891 = FILL_AREA_STYLE_COLOUR ( '', #1183 ) ;
#2892 =( GEOMETRIC_REPRESENTATION_CONTEXT ( 3 ) GLOBAL_UNCERTAINTY_ASSIGNED_CONTEXT ( ( #539 ) ) GLOBAL_UNIT_ASSIGNED_CONTEXT ( ( #10184, #6760, #1018 ) ) REPRESENTATION_CONTEXT ( 'NONE', 'WORKASPACE' ) );
#2893 = LINE ( 'NONE', #2088, #10758 ) ;
#2894 = PRESENTATION_LAYER_ASSIGNMENT (  '', '', ( #6538 ) ) ;
#2895 = STYLED_ITEM ( 'NONE', ( #7725 ), #4123 ) ;
#2896 = UNCERTAINTY_MEASURE_WITH_UNIT (LENGTH_MEASURE( 1.000000000000000082E-05 ), #1108, 'distance_accuracy_value', 'NONE');
#2897 = CARTESIAN_POINT ( 'NONE',  ( 0.000000000000000000, 0.000000000000000000, -0.5499999999999999334 ) ) ;
#2898 = ORIENTED_EDGE ( 'NONE', *, *, #827, .F. ) ;
#2899 = PLANE ( 'NONE',  #3943 ) ;
#2900 = AXIS2_PLACEMENT_3D ( 'NONE', #9712, #3668, #8779 ) ;
#2901 = CARTESIAN_POINT ( 'NONE',  ( -1.424999999999999822, -3.000000000000000000, -0.6000000000000000888 ) ) ;
#2902 = ORIENTED_EDGE ( 'NONE', *, *, #8563, .F. ) ;
#2903 = FACE_OUTER_BOUND ( 'NONE', #9064, .T. ) ;
#2904 = SURFACE_SIDE_STYLE ('',( #3746 ) ) ;
#2905 = EDGE_CURVE ( 'NONE', #7354, #6548, #235, .T. ) ;
#2906 = ADVANCED_FACE ( 'NONE', ( #6057 ), #2803, .T. ) ;
#2907 =( LENGTH_UNIT ( ) NAMED_UNIT ( * ) SI_UNIT ( .MILLI., .METRE. ) );
#2908 = DIRECTION ( 'NONE',  ( 0.000000000000000000, -0.9975640502598241977, -0.06975647374412544122 ) ) ;
#2909 = EDGE_CURVE ( 'NONE', #5247, #6341, #2544, .T. ) ;
#2910 = LINE ( 'NONE', #4576, #9236 ) ;
#2911 = DIRECTION ( 'NONE',  ( -1.000000000000000000, -0.000000000000000000, -0.000000000000000000 ) ) ;
#2912 = LINE ( 'NONE', #5292, #6722 ) ;
#2913 = CARTESIAN_POINT ( 'NONE',  ( 2.000000000000000000, 1.325000000000000400, -0.4499999999999999556 ) ) ;
#2914 = SURFACE_STYLE_USAGE ( .BOTH. , #3758 ) ;
#2915 = PRESENTATION_LAYER_ASSIGNMENT (  '', '', ( #610 ) ) ;
#2916 = LINE ( 'NONE', #416, #2779 ) ;
#2917 =( GEOMETRIC_REPRESENTATION_CONTEXT ( 3 ) GLOBAL_UNCERTAINTY_ASSIGNED_CONTEXT ( ( #4614 ) ) GLOBAL_UNIT_ASSIGNED_CONTEXT ( ( #2734, #7645, #2680 ) ) REPRESENTATION_CONTEXT ( 'NONE', 'WORKASPACE' ) );
#2918 = FILL_AREA_STYLE_COLOUR ( '', #1528 ) ;
#2919 = ORIENTED_EDGE ( 'NONE', *, *, #2909, .T. ) ;
#2920 = MECHANICAL_DESIGN_GEOMETRIC_PRESENTATION_REPRESENTATION (  '', ( #3973 ), #1524 ) ;
#2921 = SURFACE_STYLE_FILL_AREA ( #3932 ) ;
#2922 = VECTOR ( 'NONE', #9979, 1000.000000000000000 ) ;
#2923 = SURFACE_STYLE_USAGE ( .BOTH. , #8607 ) ;
#2924 = VECTOR ( 'NONE', #4406, 1000.000000000000000 ) ;
#2925 = MECHANICAL_DESIGN_GEOMETRIC_PRESENTATION_REPRESENTATION (  '', ( #7469 ), #3958 ) ;
#2926 = SURFACE_SIDE_STYLE ('',( #2165 ) ) ;
#2927 = VECTOR ( 'NONE', #7458, 1000.000000000000000 ) ;
#2928 = CARTESIAN_POINT ( 'NONE',  ( -0.7749999999999999112, -1.949999999999999512, -0.1000000000000000056 ) ) ;
#2929 = MECHANICAL_DESIGN_GEOMETRIC_PRESENTATION_REPRESENTATION (  '', ( #1535 ), #4645 ) ;
#2930 = CARTESIAN_POINT ( 'NONE',  ( -0.1249999999999998890, -2.474082528530912928, -0.3203740982435569484 ) ) ;
#2931 = ORIENTED_EDGE ( 'NONE', *, *, #5055, .T. ) ;
#2932 = CIRCLE ( 'NONE', #634, 0.1950000000000000899 ) ;
#2933 = COLOUR_RGB ( '',0.8039215686274510109, 0.8039215686274510109, 0.8039215686274510109 ) ;
#2934 = SURFACE_STYLE_USAGE ( .BOTH. , #493 ) ;
#2935 = FACE_OUTER_BOUND ( 'NONE', #10729, .T. ) ;
#2936 = ADVANCED_FACE ( 'NONE', ( #8088 ), #9676, .F. ) ;
#2937 = CARTESIAN_POINT ( 'NONE',  ( -1.945172790808107344, -1.445172790808107122, 0.5399999999999999245 ) ) ;
#2938 = AXIS2_PLACEMENT_3D ( 'NONE', #5241, #1379, #10575 ) ;
#2939 = CIRCLE ( 'NONE', #9065, 0.2000000000000000389 ) ;
#2940 = VECTOR ( 'NONE', #5194, 1000.000000000000000 ) ;
#2941 = STYLED_ITEM ( 'NONE', ( #5922 ), #7746 ) ;
#2942 = ORIENTED_EDGE ( 'NONE', *, *, #6453, .T. ) ;
#2943 = LINE ( 'NONE', #7180, #839 ) ;
#2944 = ORIENTED_EDGE ( 'NONE', *, *, #3704, .T. ) ;
#2945 = CARTESIAN_POINT ( 'NONE',  ( 0.1250000000000001110, -2.559556632021898537, -0.2684686300112771873 ) ) ;
#2946 =( NAMED_UNIT ( * ) PLANE_ANGLE_UNIT ( ) SI_UNIT ( $, .RADIAN. ) );
#2947 = CARTESIAN_POINT ( 'NONE',  ( -2.449999626916907758, 1.875273160256225147, 0.1000035496485076753 ) ) ;
#2948 = ORIENTED_EDGE ( 'NONE', *, *, #1334, .F. ) ;
#2949 =( NAMED_UNIT ( * ) PLANE_ANGLE_UNIT ( ) SI_UNIT ( $, .RADIAN. ) );
#2950 = LINE ( 'NONE', #9414, #562 ) ;
#2951 = VERTEX_POINT ( 'NONE', #624 ) ;
#2952 = CIRCLE ( 'NONE', #10295, 0.1000000000000000194 ) ;
#2953 = CARTESIAN_POINT ( 'NONE',  ( 0.000000000000000000, 0.000000000000000000, -0.4499999999999999556 ) ) ;
#2954 = ADVANCED_FACE ( 'NONE', ( #7370 ), #9736, .T. ) ;
#2955 = CARTESIAN_POINT ( 'NONE',  ( 0.1250000000000001110, 2.106267956964054999, -0.09999999999999999167 ) ) ;
#2956 = CIRCLE ( 'NONE', #6940, 0.09999999999999982514 ) ;
#2957 = FILL_AREA_STYLE_COLOUR ( '', #3103 ) ;
#2958 = EDGE_LOOP ( 'NONE', ( #7429, #5669, #7433, #4983 ) ) ;
#2959 = STYLED_ITEM ( 'NONE', ( #3293 ), #1969 ) ;
#2960 = SURFACE_STYLE_FILL_AREA ( #8547 ) ;
#2961 = DIRECTION ( 'NONE',  ( 1.000000000000000000, 0.000000000000000000, 0.000000000000000000 ) ) ;
#2962 = EDGE_LOOP ( 'NONE', ( #5873, #7024, #2887, #4364 ) ) ;
#2963 = VECTOR ( 'NONE', #5175, 1000.000000000000000 ) ;
#2964 = CARTESIAN_POINT ( 'NONE',  ( 2.075000000000000178, -2.049999999999999822, -0.1000000000000000056 ) ) ;
#2965 = LINE ( 'NONE', #9630, #8098 ) ;
#2966 = SURFACE_STYLE_USAGE ( .BOTH. , #6216 ) ;
#2967 = CYLINDRICAL_SURFACE ( 'NONE', #5053, 0.07499999999999998335 ) ;
#2968 = DIRECTION ( 'NONE',  ( 0.000000000000000000, 0.000000000000000000, -1.000000000000000000 ) ) ;
#2969 = UNCERTAINTY_MEASURE_WITH_UNIT (LENGTH_MEASURE( 1.000000000000000082E-05 ), #7550, 'distance_accuracy_value', 'NONE');
#2970 = ADVANCED_FACE ( 'NONE', ( #10723 ), #8803, .T. ) ;
#2971 = CARTESIAN_POINT ( 'NONE',  ( -0.5249999999999999112, -2.330000000000000071, -0.4684254559678819319 ) ) ;
#2972 = SURFACE_STYLE_FILL_AREA ( #6873 ) ;
#2973 = ORIENTED_EDGE ( 'NONE', *, *, #4353, .F. ) ;
#2974 = PRESENTATION_LAYER_ASSIGNMENT (  '', '', ( #9967 ) ) ;
#2975 =( GEOMETRIC_REPRESENTATION_CONTEXT ( 3 ) GLOBAL_UNCERTAINTY_ASSIGNED_CONTEXT ( ( #6221 ) ) GLOBAL_UNIT_ASSIGNED_CONTEXT ( ( #3654, #4414, #144 ) ) REPRESENTATION_CONTEXT ( 'NONE', 'WORKASPACE' ) );
#2976 = DIRECTION ( 'NONE',  ( 1.000000000000000000, 0.000000000000000000, 0.000000000000000000 ) ) ;
#2977 = CARTESIAN_POINT ( 'NONE',  ( -1.424999999999999822, -2.277216163946027105, 0.003810936464559766534 ) ) ;
#2978 = DIRECTION ( 'NONE',  ( 0.1039620511844979167, -0.1039620511844979583, -0.9891328443778538704 ) ) ;
#2979 = DIRECTION ( 'NONE',  ( -3.038779738999323231E-16, -1.000000000000000000, 2.891205793294676650E-15 ) ) ;
#2980 = ORIENTED_EDGE ( 'NONE', *, *, #7782, .F. ) ;
#2981 = EDGE_CURVE ( 'NONE', #9200, #6516, #3215, .T. ) ;
#2982 = DIRECTION ( 'NONE',  ( 0.000000000000000000, 1.000000000000000000, -8.672620682681688006E-17 ) ) ;
#2983 = VECTOR ( 'NONE', #4213, 1000.000000000000000 ) ;
#2984 = FACE_OUTER_BOUND ( 'NONE', #928, .T. ) ;
#2985 = EDGE_CURVE ( 'NONE', #7078, #1688, #4131, .T. ) ;
#2986 =( GEOMETRIC_REPRESENTATION_CONTEXT ( 3 ) GLOBAL_UNCERTAINTY_ASSIGNED_CONTEXT ( ( #3390 ) ) GLOBAL_UNIT_ASSIGNED_CONTEXT ( ( #1371, #5558, #4733 ) ) REPRESENTATION_CONTEXT ( 'NONE', 'WORKASPACE' ) );
#2987 = DIRECTION ( 'NONE',  ( 1.000000000000000000, 0.000000000000000000, 0.000000000000000000 ) ) ;
#2988 = PLANE ( 'NONE',  #5878 ) ;
#2989 =( LENGTH_UNIT ( ) NAMED_UNIT ( * ) SI_UNIT ( .MILLI., .METRE. ) );
#2990 = VERTEX_POINT ( 'NONE', #3269 ) ;
#2991 = CARTESIAN_POINT ( 'NONE',  ( 0.1250000000000001110, -2.330000000000000071, -0.4684254559678819319 ) ) ;
#2992 = EDGE_CURVE ( 'NONE', #5640, #6645, #6530, .T. ) ;
#2993 = SURFACE_SIDE_STYLE ('',( #5690 ) ) ;
#2994 = EDGE_LOOP ( 'NONE', ( #10029, #6326, #5353, #10716 ) ) ;
#2995 = CARTESIAN_POINT ( 'NONE',  ( -0.5249999999999999112, -2.474082528530912928, -0.3203740982435569484 ) ) ;
#2996 = FILL_AREA_STYLE ('',( #7177 ) ) ;
#2997 = VERTEX_POINT ( 'NONE', #745 ) ;
#2998 = DIRECTION ( 'NONE',  ( 0.000000000000000000, -0.9945218953682732899, -0.1045284632676537068 ) ) ;
#2999 = EDGE_CURVE ( 'NONE', #9727, #1021, #1698, .T. ) ;
#3000 = CARTESIAN_POINT ( 'NONE',  ( -1.424999999999999822, -2.049999999999999822, -0.1000000000000000056 ) ) ;
#3001 = PRESENTATION_STYLE_ASSIGNMENT (( #7061 ) ) ;
#3002 = ORIENTED_EDGE ( 'NONE', *, *, #5218, .T. ) ;
#3003 = LINE ( 'NONE', #8791, #4610 ) ;
#3004 = ORIENTED_EDGE ( 'NONE', *, *, #5962, .F. ) ;
#3005 = CARTESIAN_POINT ( 'NONE',  ( 0.1250000000000001110, 2.049999999999999822, -0.2000000000000000111 ) ) ;
#3006 = CARTESIAN_POINT ( 'NONE',  ( 1.425000000000000044, -2.559556632021898537, -0.2684686300112771873 ) ) ;
#3007 = CARTESIAN_POINT ( 'NONE',  ( -2.074999999999999734, 2.277216163946027105, 0.003810936464559766534 ) ) ;
#3008 = UNCERTAINTY_MEASURE_WITH_UNIT (LENGTH_MEASURE( 1.000000000000000082E-05 ), #7899, 'distance_accuracy_value', 'NONE');
#3009 =( LENGTH_UNIT ( ) NAMED_UNIT ( * ) SI_UNIT ( .MILLI., .METRE. ) );
#3010 = ORIENTED_EDGE ( 'NONE', *, *, #8530, .T. ) ;
#3011 = PLANE ( 'NONE',  #6925 ) ;
#3012 = SURFACE_STYLE_FILL_AREA ( #5667 ) ;
#3013 = EDGE_CURVE ( 'NONE', #4709, #8916, #10066, .T. ) ;
#3014 = DIRECTION ( 'NONE',  ( 0.000000000000000000, 0.9975640502598241977, -0.06975647374412544122 ) ) ;
#3015 = DIRECTION ( 'NONE',  ( 1.000000000000000000, 0.000000000000000000, 0.000000000000000000 ) ) ;
#3016 = VERTEX_POINT ( 'NONE', #5005 ) ;
#3017 = PRESENTATION_STYLE_ASSIGNMENT (( #464 ) ) ;
#3018 = CARTESIAN_POINT ( 'NONE',  ( -0.1249999999999998890, 1.949999999999999512, 0.1000000000000000056 ) ) ;
#3019 = VECTOR ( 'NONE', #4900, 1000.000000000000114 ) ;
#3020 = EDGE_CURVE ( 'NONE', #7621, #5645, #857, .T. ) ;
#3021 = SURFACE_STYLE_USAGE ( .BOTH. , #4737 ) ;
#3022 = MECHANICAL_DESIGN_GEOMETRIC_PRESENTATION_REPRESENTATION (  '', ( #5424 ), #4738 ) ;
#3023 = DIRECTION ( 'NONE',  ( 1.000000000000000000, 0.000000000000000000, 0.000000000000000000 ) ) ;
#3024 = CARTESIAN_POINT ( 'NONE',  ( -2.374999999999999556, 1.875000000000000444, 0.1000000000000000056 ) ) ;
#3025 = CYLINDRICAL_SURFACE ( 'NONE', #4840, 0.07499999999999998335 ) ;
#3026 = FILL_AREA_STYLE ('',( #10415 ) ) ;
#3027 = CARTESIAN_POINT ( 'NONE',  ( 2.335172790808106580, 1.835172790808107690, 0.4749999999999999223 ) ) ;
#3028 = SURFACE_SIDE_STYLE ('',( #10363 ) ) ;
#3029 = COLOUR_RGB ( '',0.8039215686274510109, 0.8039215686274510109, 0.8039215686274510109 ) ;
#3030 = DIRECTION ( 'NONE',  ( 0.000000000000000000, 0.000000000000000000, -1.000000000000000000 ) ) ;
#3031 = FILL_AREA_STYLE_COLOUR ( '', #3227 ) ;
#3032 = DIRECTION ( 'NONE',  ( 0.000000000000000000, -2.891205793294677044E-15, -1.000000000000000000 ) ) ;
#3033 = ORIENTED_EDGE ( 'NONE', *, *, #8968, .F. ) ;
#3034 = STYLED_ITEM ( 'NONE', ( #7200 ), #10300 ) ;
#3035 = DIRECTION ( 'NONE',  ( -0.1039620511844979306, -0.1039620511844979445, -0.9891328443778538704 ) ) ;
#3036 = CARTESIAN_POINT ( 'NONE',  ( 2.375409738600887000, 1.949998880753508690, 0.1000106489190369513 ) ) ;
#3037 = DIRECTION ( 'NONE',  ( 1.000000000000000000, 0.000000000000000000, 0.000000000000000000 ) ) ;
#3038 = EDGE_CURVE ( 'NONE', #5655, #7755, #951, .T. ) ;
#3039 = CARTESIAN_POINT ( 'NONE',  ( 2.000000000000000000, -1.324999999999999512, -0.4499999999999999556 ) ) ;
#3040 = ORIENTED_EDGE ( 'NONE', *, *, #7909, .F. ) ;
#3041 = AXIS2_PLACEMENT_3D ( 'NONE', #5280, #7883, #4409 ) ;
#3042 = LINE ( 'NONE', #6990, #8036 ) ;
#3043 = VERTEX_POINT ( 'NONE', #4187 ) ;
#3044 = ORIENTED_EDGE ( 'NONE', *, *, #63, .T. ) ;
#3045 = EDGE_LOOP ( 'NONE', ( #7130, #10163, #8185, #9422 ) ) ;
#3046 = EDGE_CURVE ( 'NONE', #8086, #1907, #1638, .T. ) ;
#3047 = CARTESIAN_POINT ( 'NONE',  ( -2.418963392251840538, -1.949760935694445196, 0.1022745449310375337 ) ) ;
#3048 = ORIENTED_EDGE ( 'NONE', *, *, #9114, .F. ) ;
#3049 = ADVANCED_FACE ( 'NONE', ( #4947 ), #7488, .T. ) ;
#3050 = DIRECTION ( 'NONE',  ( 0.000000000000000000, 0.1045284632676537068, -0.9945218953682732899 ) ) ;
#3051 = EDGE_LOOP ( 'NONE', ( #9852, #595, #8205, #4438 ) ) ;
#3052 =( GEOMETRIC_REPRESENTATION_CONTEXT ( 3 ) GLOBAL_UNCERTAINTY_ASSIGNED_CONTEXT ( ( #6124 ) ) GLOBAL_UNIT_ASSIGNED_CONTEXT ( ( #1945, #8764, #1991 ) ) REPRESENTATION_CONTEXT ( 'NONE', 'WORKASPACE' ) );
#3053 = LINE ( 'NONE', #6356, #226 ) ;
#3054 = DIRECTION ( 'NONE',  ( 0.000000000000000000, 0.000000000000000000, -1.000000000000000000 ) ) ;
#3055 = VERTEX_POINT ( 'NONE', #2520 ) ;
#3056 = CARTESIAN_POINT ( 'NONE',  ( -2.335172790808107468, 1.835172790808107690, 0.4749999999999999223 ) ) ;
#3057 = DIRECTION ( 'NONE',  ( 0.000000000000000000, -1.000000000000000000, -8.672620682681688006E-17 ) ) ;
#3058 = CARTESIAN_POINT ( 'NONE',  ( -0.5249999999999999112, 2.106267956964054999, 0.09999999999999999167 ) ) ;
#3059 = ORIENTED_EDGE ( 'NONE', *, *, #7285, .T. ) ;
#3060 = DIRECTION ( 'NONE',  ( 0.9945218953682734009, 0.000000000000000000, -0.1045284632676537068 ) ) ;
#3061 = CARTESIAN_POINT ( 'NONE',  ( 1.425000000000000044, -2.330000000000000071, -0.4684254559678819319 ) ) ;
#3062 = ORIENTED_EDGE ( 'NONE', *, *, #9860, .F. ) ;
#3063 = LINE ( 'NONE', #8044, #8651 ) ;
#3064 =( LENGTH_UNIT ( ) NAMED_UNIT ( * ) SI_UNIT ( .MILLI., .METRE. ) );
#3065 = ORIENTED_EDGE ( 'NONE', *, *, #7523, .T. ) ;
#3066 = VECTOR ( 'NONE', #3842, 1000.000000000000000 ) ;
#3067 = AXIS2_PLACEMENT_3D ( 'NONE', #76, #2644, #5990 ) ;
#3068 = DIRECTION ( 'NONE',  ( 0.000000000000000000, 0.9975640502598241977, 0.06975647374412535795 ) ) ;
#3069 = CIRCLE ( 'NONE', #9183, 0.07500000000000002498 ) ;
#3070 = FILL_AREA_STYLE ('',( #8149 ) ) ;
#3071 = DIRECTION ( 'NONE',  ( 1.000000000000000000, 0.000000000000000000, 0.000000000000000000 ) ) ;
#3072 = EDGE_CURVE ( 'NONE', #9835, #2768, #1290, .T. ) ;
#3073 = PRESENTATION_STYLE_ASSIGNMENT (( #10573 ) ) ;
#3074 = CIRCLE ( 'NONE', #2900, 0.07499999999999998335 ) ;
#3075 = STYLED_ITEM ( 'NONE', ( #6773 ), #1429 ) ;
#3076 = UNCERTAINTY_MEASURE_WITH_UNIT (LENGTH_MEASURE( 1.000000000000000082E-05 ), #9424, 'distance_accuracy_value', 'NONE');
#3077 = SURFACE_STYLE_FILL_AREA ( #9753 ) ;
#3078 = CYLINDRICAL_SURFACE ( 'NONE', #1380, 0.2000000000000000389 ) ;
#3079 = CARTESIAN_POINT ( 'NONE',  ( 1.175000000000000044, -2.330000000000000071, -0.4684254559678819319 ) ) ;
#3080 = FILL_AREA_STYLE_COLOUR ( '', #4282 ) ;
#3081 = DIRECTION ( 'NONE',  ( 0.000000000000000000, -0.5190546823227978335, 0.8547410349098604199 ) ) ;
#3082 = CARTESIAN_POINT ( 'NONE',  ( -2.335172790808107468, 1.835172790808107690, 0.4749999999999999223 ) ) ;
#3083 = STYLED_ITEM ( 'NONE', ( #6078 ), #6820 ) ;
#3084 = PLANE ( 'NONE',  #632 ) ;
#3085 = ORIENTED_EDGE ( 'NONE', *, *, #8654, .T. ) ;
#3086 = FILL_AREA_STYLE ('',( #3871 ) ) ;
#3087 = EDGE_CURVE ( 'NONE', #8565, #2190, #2884, .T. ) ;
#3088 =( NAMED_UNIT ( * ) SI_UNIT ( $, .STERADIAN. ) SOLID_ANGLE_UNIT ( ) );
#3089 = CYLINDRICAL_SURFACE ( 'NONE', #6917, 0.07500000000000002498 ) ;
#3090 = PRESENTATION_LAYER_ASSIGNMENT (  '', '', ( #2570 ) ) ;
#3091 = DIRECTION ( 'NONE',  ( 0.000000000000000000, -1.000000000000000000, 0.000000000000000000 ) ) ;
#3092 = UNCERTAINTY_MEASURE_WITH_UNIT (LENGTH_MEASURE( 1.000000000000000082E-05 ), #5395, 'distance_accuracy_value', 'NONE');
#3093 = CARTESIAN_POINT ( 'NONE',  ( -1.174999999999999822, 2.559556632021898537, -0.2684686300112771873 ) ) ;
#3094 = SURFACE_STYLE_USAGE ( .BOTH. , #8897 ) ;
#3095 = SURFACE_SIDE_STYLE ('',( #2285 ) ) ;
#3096 =( GEOMETRIC_REPRESENTATION_CONTEXT ( 3 ) GLOBAL_UNCERTAINTY_ASSIGNED_CONTEXT ( ( #6471 ) ) GLOBAL_UNIT_ASSIGNED_CONTEXT ( ( #2306, #7317, #3850 ) ) REPRESENTATION_CONTEXT ( 'NONE', 'WORKASPACE' ) );
#3097 = SURFACE_STYLE_FILL_AREA ( #4704 ) ;
#3098 = ORIENTED_EDGE ( 'NONE', *, *, #6189, .F. ) ;
#3099 = ORIENTED_EDGE ( 'NONE', *, *, #2341, .F. ) ;
#3100 = FILL_AREA_STYLE ('',( #7352 ) ) ;
#3101 = PRESENTATION_LAYER_ASSIGNMENT (  '', '', ( #2762 ) ) ;
#3102 = ORIENTED_EDGE ( 'NONE', *, *, #5776, .T. ) ;
#3103 = COLOUR_RGB ( '',0.8039215686274510109, 0.8039215686274510109, 0.8039215686274510109 ) ;
#3104 = CARTESIAN_POINT ( 'NONE',  ( -2.449998880753507358, -1.875409738600887444, 0.1000106489190370346 ) ) ;
#3105 = PRESENTATION_STYLE_ASSIGNMENT (( #1281 ) ) ;
#3106 = EDGE_CURVE ( 'NONE', #7730, #7684, #3569, .T. ) ;
#3107 = PLANE ( 'NONE',  #10818 ) ;
#3108 = EDGE_CURVE ( 'NONE', #3731, #726, #7868, .T. ) ;
#3109 = PRESENTATION_LAYER_ASSIGNMENT (  '', '', ( #2238 ) ) ;
#3110 = AXIS2_PLACEMENT_3D ( 'NONE', #10067, #6748, #6846 ) ;
#3111 =( GEOMETRIC_REPRESENTATION_CONTEXT ( 3 ) GLOBAL_UNCERTAINTY_ASSIGNED_CONTEXT ( ( #1467 ) ) GLOBAL_UNIT_ASSIGNED_CONTEXT ( ( #6461, #5710, #3251 ) ) REPRESENTATION_CONTEXT ( 'NONE', 'WORKASPACE' ) );
#3112 = VERTEX_POINT ( 'NONE', #1008 ) ;
#3113 = CARTESIAN_POINT ( 'NONE',  ( -0.7749999999999999112, 2.049999999999999822, -0.2000000000000000111 ) ) ;
#3114 = ORIENTED_EDGE ( 'NONE', *, *, #508, .T. ) ;
#3115 = CARTESIAN_POINT ( 'NONE',  ( -0.7749999999999999112, 2.330000000000000071, -0.4684254559678819319 ) ) ;
#3116 = PRESENTATION_LAYER_ASSIGNMENT (  '', '', ( #1172 ) ) ;
#3117 = EDGE_CURVE ( 'NONE', #1641, #7592, #2015, .T. ) ;
#3118 = AXIS2_PLACEMENT_3D ( 'NONE', #8286, #8238, #10252 ) ;
#3119 = AXIS2_PLACEMENT_3D ( 'NONE', #10737, #6544, #9916 ) ;
#3120 = DIRECTION ( 'NONE',  ( 0.000000000000000000, 0.000000000000000000, -1.000000000000000000 ) ) ;
#3121 = UNCERTAINTY_MEASURE_WITH_UNIT (LENGTH_MEASURE( 1.000000000000000082E-05 ), #1635, 'distance_accuracy_value', 'NONE');
#3122 = VERTEX_POINT ( 'NONE', #10385 ) ;
#3123 = PRESENTATION_STYLE_ASSIGNMENT (( #621 ) ) ;
#3124 = VECTOR ( 'NONE', #6590, 1000.000000000000227 ) ;
#3125 = FILL_AREA_STYLE ('',( #457 ) ) ;
#3126 = AXIS2_PLACEMENT_3D ( 'NONE', #2955, #4514, #8584 ) ;
#3127 = FILL_AREA_STYLE_COLOUR ( '', #8679 ) ;
#3128 = ORIENTED_EDGE ( 'NONE', *, *, #4419, .F. ) ;
#3129 = PRESENTATION_LAYER_ASSIGNMENT (  '', '', ( #9766 ) ) ;
#3130 = CARTESIAN_POINT ( 'NONE',  ( 0.7750000000000001332, 2.552580984647486062, -0.3682250350372596737 ) ) ;
#3131 = ORIENTED_EDGE ( 'NONE', *, *, #570, .F. ) ;
#3132 = LINE ( 'NONE', #8872, #459 ) ;
#3133 = PRESENTATION_STYLE_ASSIGNMENT (( #10630 ) ) ;
#3134 = PLANE ( 'NONE',  #8123 ) ;
#3135 = DIRECTION ( 'NONE',  ( 0.000000000000000000, 1.000000000000000000, 0.000000000000000000 ) ) ;
#3136 = UNCERTAINTY_MEASURE_WITH_UNIT (LENGTH_MEASURE( 1.000000000000000082E-05 ), #3480, 'distance_accuracy_value', 'NONE');
#3137 = SURFACE_STYLE_FILL_AREA ( #8935 ) ;
#3138 = PRESENTATION_LAYER_ASSIGNMENT (  '', '', ( #10129 ) ) ;
#3139 = CARTESIAN_POINT ( 'NONE',  ( -0.5249999999999999112, -2.277216163946027105, 0.003810936464559820311 ) ) ;
#3140 = CARTESIAN_POINT ( 'NONE',  ( 2.075000000000000178, -2.277216163946027105, 0.003810936464559820311 ) ) ;
#3141 = CARTESIAN_POINT ( 'NONE',  ( 0.1250000000000001110, -3.000000000000000000, -0.6000000000000000888 ) ) ;
#3142 = FILL_AREA_STYLE ('',( #10740 ) ) ;
#3143 = VERTEX_POINT ( 'NONE', #1232 ) ;
#3144 = EDGE_CURVE ( 'NONE', #7788, #150, #5158, .T. ) ;
#3145 = PRESENTATION_LAYER_ASSIGNMENT (  '', '', ( #852 ) ) ;
#3146 = ORIENTED_EDGE ( 'NONE', *, *, #6787, .T. ) ;
#3147 = FACE_OUTER_BOUND ( 'NONE', #4651, .T. ) ;
#3148 = DIRECTION ( 'NONE',  ( 0.000000000000000000, -0.5190546823227979445, 0.8547410349098604199 ) ) ;
#3149 = SURFACE_STYLE_USAGE ( .BOTH. , #1 ) ;
#3150 = ORIENTED_EDGE ( 'NONE', *, *, #8619, .T. ) ;
#3151 = VERTEX_POINT ( 'NONE', #5315 ) ;
#3152 = ORIENTED_EDGE ( 'NONE', *, *, #8109, .F. ) ;
#3153 = VECTOR ( 'NONE', #9969, 1000.000000000000000 ) ;
#3154 = ADVANCED_FACE ( 'NONE', ( #9408 ), #9499, .T. ) ;
#3155 = ORIENTED_EDGE ( 'NONE', *, *, #5908, .F. ) ;
#3156 =( NAMED_UNIT ( * ) PLANE_ANGLE_UNIT ( ) SI_UNIT ( $, .RADIAN. ) );
#3157 = CARTESIAN_POINT ( 'NONE',  ( -0.7749999999999999112, -1.949999999999999512, -0.1000000000000000056 ) ) ;
#3158 =( NAMED_UNIT ( * ) PLANE_ANGLE_UNIT ( ) SI_UNIT ( $, .RADIAN. ) );
#3159 =( LENGTH_UNIT ( ) NAMED_UNIT ( * ) SI_UNIT ( .MILLI., .METRE. ) );
#3160 = EDGE_LOOP ( 'NONE', ( #6136, #1347, #9698, #783 ) ) ;
#3161 = SURFACE_SIDE_STYLE ('',( #9620 ) ) ;
#3162 = ORIENTED_EDGE ( 'NONE', *, *, #9890, .F. ) ;
#3163 = SURFACE_STYLE_USAGE ( .BOTH. , #8131 ) ;
#3164 = PRESENTATION_STYLE_ASSIGNMENT (( #1586 ) ) ;
#3165 = ORIENTED_EDGE ( 'NONE', *, *, #4163, .F. ) ;
#3166 = SURFACE_STYLE_USAGE ( .BOTH. , #8087 ) ;
#3167 = FILL_AREA_STYLE ('',( #7075 ) ) ;
#3168 = EDGE_CURVE ( 'NONE', #1340, #5576, #218, .T. ) ;
#3169 = DIRECTION ( 'NONE',  ( 1.000000000000000000, 0.000000000000000000, 0.000000000000000000 ) ) ;
#3170 = VERTEX_POINT ( 'NONE', #7701 ) ;
#3171 = DIRECTION ( 'NONE',  ( 0.000000000000000000, 0.000000000000000000, -1.000000000000000000 ) ) ;
#3173 = DIRECTION ( 'NONE',  ( 0.000000000000000000, 0.9975640502598241977, -0.06975647374412544122 ) ) ;
#3172 = CARTESIAN_POINT ( 'NONE',  ( -2.074999999999999734, -2.330000000000000071, -0.4684254559678819319 ) ) ;
#3174 = VERTEX_POINT ( 'NONE', #9557 ) ;
#3175 = DIRECTION ( 'NONE',  ( 0.000000000000000000, -1.000000000000000000, 0.000000000000000000 ) ) ;
#3176 = ADVANCED_FACE ( 'NONE', ( #2792 ), #2075, .F. ) ;
#3177 =( NAMED_UNIT ( * ) SI_UNIT ( $, .STERADIAN. ) SOLID_ANGLE_UNIT ( ) );
#3178 =( NAMED_UNIT ( * ) PLANE_ANGLE_UNIT ( ) SI_UNIT ( $, .RADIAN. ) );
#3179 = LINE ( 'NONE', #4859, #7136 ) ;
#3180 = ORIENTED_EDGE ( 'NONE', *, *, #10075, .T. ) ;
#3181 = CARTESIAN_POINT ( 'NONE',  ( 2.335172790808107468, -1.835172790808106802, 0.4749999999999999223 ) ) ;
#3182 = DIRECTION ( 'NONE',  ( 0.000000000000000000, 0.000000000000000000, -1.000000000000000000 ) ) ;
#3183 = ADVANCED_FACE ( 'NONE', ( #7181 ), #1344, .T. ) ;
#3184 = SURFACE_STYLE_USAGE ( .BOTH. , #651 ) ;
#3185 = ORIENTED_EDGE ( 'NONE', *, *, #3847, .T. ) ;
#3186 = CARTESIAN_POINT ( 'NONE',  ( 0.1250000000000001110, 2.559556632021898537, -0.2684686300112771873 ) ) ;
#3187 = PRESENTATION_STYLE_ASSIGNMENT (( #5796 ) ) ;
#3188 =( NAMED_UNIT ( * ) SI_UNIT ( $, .STERADIAN. ) SOLID_ANGLE_UNIT ( ) );
#3189 = COLOUR_RGB ( '',0.8039215686274510109, 0.8039215686274510109, 0.8039215686274510109 ) ;
#3190 = PRESENTATION_STYLE_ASSIGNMENT (( #7345 ) ) ;
#3191 = FILL_AREA_STYLE_COLOUR ( '', #4311 ) ;
#3192 = FILL_AREA_STYLE ('',( #4816 ) ) ;
#3193 = SURFACE_SIDE_STYLE ('',( #667 ) ) ;
#3194 =( NAMED_UNIT ( * ) PLANE_ANGLE_UNIT ( ) SI_UNIT ( $, .RADIAN. ) );
#3195 = ORIENTED_EDGE ( 'NONE', *, *, #9276, .F. ) ;
#3196 = ORIENTED_EDGE ( 'NONE', *, *, #5539, .T. ) ;
#3197 =( NAMED_UNIT ( * ) SI_UNIT ( $, .STERADIAN. ) SOLID_ANGLE_UNIT ( ) );
#3198 = VECTOR ( 'NONE', #8782, 1000.000000000000000 ) ;
#3199 = ORIENTED_EDGE ( 'NONE', *, *, #1957, .F. ) ;
#3200 = CARTESIAN_POINT ( 'NONE',  ( 0.1250000000000001110, 2.106267956964054999, 0.09999999999999999167 ) ) ;
#3201 = EDGE_CURVE ( 'NONE', #455, #1426, #2723, .T. ) ;
#3202 = EDGE_CURVE ( 'NONE', #4564, #4484, #10653, .T. ) ;
#3203 = COLOUR_RGB ( '',0.8039215686274510109, 0.8039215686274510109, 0.8039215686274510109 ) ;
#3204 = SURFACE_SIDE_STYLE ('',( #3352 ) ) ;
#3205 = ADVANCED_FACE ( 'NONE', ( #4659 ), #3892, .T. ) ;
#3206 = DIRECTION ( 'NONE',  ( 1.000000000000000000, 0.000000000000000000, 0.000000000000000000 ) ) ;
#3207 = ORIENTED_EDGE ( 'NONE', *, *, #8092, .T. ) ;
#3208 =( NAMED_UNIT ( * ) PLANE_ANGLE_UNIT ( ) SI_UNIT ( $, .RADIAN. ) );
#3209 = ORIENTED_EDGE ( 'NONE', *, *, #5728, .F. ) ;
#3210 =( LENGTH_UNIT ( ) NAMED_UNIT ( * ) SI_UNIT ( .MILLI., .METRE. ) );
#3211 = CARTESIAN_POINT ( 'NONE',  ( 0.5250000000000000222, 3.000000000000000000, -0.3995116203837655866 ) ) ;
#3212 = PLANE ( 'NONE',  #7420 ) ;
#3213 = SURFACE_SIDE_STYLE ('',( #6686 ) ) ;
#3214 = ORIENTED_EDGE ( 'NONE', *, *, #5474, .F. ) ;
#3215 =( BOUNDED_CURVE ( )  B_SPLINE_CURVE ( 3, ( #7588, #3415, #5779, #10131 ),
 .UNSPECIFIED., .F., .T. ) 
 B_SPLINE_CURVE_WITH_KNOTS ( ( 4, 4 ),
 ( 3.141592653589793116, 3.147055862111332036 ),
 .UNSPECIFIED. ) 
 CURVE ( )  GEOMETRIC_REPRESENTATION_ITEM ( )  RATIONAL_B_SPLINE_CURVE ( ( 1.000000000000000000, 0.9999975127809339615, 0.9999975127809339615, 1.000000000000000000 ) ) 
 REPRESENTATION_ITEM ( '' )  );
#3216 = CARTESIAN_POINT ( 'NONE',  ( 1.175000000000000044, -1.949999999999999512, 0.1000000000000000056 ) ) ;
#3217 = VECTOR ( 'NONE', #2796, 1000.000000000000000 ) ;
#3218 = CARTESIAN_POINT ( 'NONE',  ( -2.409761932960727826, 1.835172790808107912, -0.4828396347450739090 ) ) ;
#3219 = ORIENTED_EDGE ( 'NONE', *, *, #7440, .F. ) ;
#3220 = LINE ( 'NONE', #10070, #1038 ) ;
#3222 = LINE ( 'NONE', #3130, #5987 ) ;
#3221 = SURFACE_STYLE_FILL_AREA ( #750 ) ;
#3223 = ORIENTED_EDGE ( 'NONE', *, *, #10345, .F. ) ;
#3224 = COLOUR_RGB ( '',0.8039215686274510109, 0.8039215686274510109, 0.8039215686274510109 ) ;
#3225 = CARTESIAN_POINT ( 'NONE',  ( 2.335172790808107024, 1.835172790808107690, -0.4749999999999999223 ) ) ;
#3226 = SURFACE_STYLE_USAGE ( .BOTH. , #7381 ) ;
#3227 = COLOUR_RGB ( '',0.8039215686274510109, 0.8039215686274510109, 0.8039215686274510109 ) ;
#3228 = LINE ( 'NONE', #6648, #6098 ) ;
#3229 = UNCERTAINTY_MEASURE_WITH_UNIT (LENGTH_MEASURE( 1.000000000000000082E-05 ), #9112, 'distance_accuracy_value', 'NONE');
#3230 = ORIENTED_EDGE ( 'NONE', *, *, #8965, .F. ) ;
#3231 = SURFACE_STYLE_FILL_AREA ( #10522 ) ;
#3232 = ADVANCED_FACE ( 'NONE', ( #379 ), #9012, .T. ) ;
#3233 = LINE ( 'NONE', #7277, #6172 ) ;
#3234 = VERTEX_POINT ( 'NONE', #5595 ) ;
#3235 = EDGE_CURVE ( 'NONE', #6248, #2678, #1844, .T. ) ;
#3236 = AXIS2_PLACEMENT_3D ( 'NONE', #9264, #6000, #1026 ) ;
#3237 = FACE_OUTER_BOUND ( 'NONE', #87, .T. ) ;
#3238 = DIRECTION ( 'NONE',  ( 0.000000000000000000, 1.000000000000000000, 0.000000000000000000 ) ) ;
#3239 = CARTESIAN_POINT ( 'NONE',  ( 2.335172790808107024, 1.835172790808107690, 0.4749999999999999223 ) ) ;
#3240 =( GEOMETRIC_REPRESENTATION_CONTEXT ( 3 ) GLOBAL_UNCERTAINTY_ASSIGNED_CONTEXT ( ( #10094 ) ) GLOBAL_UNIT_ASSIGNED_CONTEXT ( ( #6965, #5276, #8638 ) ) REPRESENTATION_CONTEXT ( 'NONE', 'WORKASPACE' ) );
#3241 = EDGE_CURVE ( 'NONE', #7173, #3368, #7059, .T. ) ;
#3242 = DIRECTION ( 'NONE',  ( 1.000000000000000000, 0.000000000000000000, 0.000000000000000000 ) ) ;
#3243 = DIRECTION ( 'NONE',  ( 0.000000000000000000, 0.5190546823227978335, 0.8547410349098604199 ) ) ;
#3244 =( LENGTH_UNIT ( ) NAMED_UNIT ( * ) SI_UNIT ( .MILLI., .METRE. ) );
#3245 = CYLINDRICAL_SURFACE ( 'NONE', #6756, 0.2000000000000000389 ) ;
#3246 = VERTEX_POINT ( 'NONE', #6294 ) ;
#3247 = EDGE_LOOP ( 'NONE', ( #6635, #3380, #9142, #4995 ) ) ;
#3248 = LINE ( 'NONE', #10755, #1981 ) ;
#3249 = AXIS2_PLACEMENT_3D ( 'NONE', #8612, #1099, #7798 ) ;
#3250 = STYLED_ITEM ( 'NONE', ( #6022 ), #5065 ) ;
#3251 =( NAMED_UNIT ( * ) SI_UNIT ( $, .STERADIAN. ) SOLID_ANGLE_UNIT ( ) );
#3252 = DIRECTION ( 'NONE',  ( -1.000000000000000000, -0.000000000000000000, -0.000000000000000000 ) ) ;
#3253 = MECHANICAL_DESIGN_GEOMETRIC_PRESENTATION_REPRESENTATION (  '', ( #10293 ), #3443 ) ;
#3254 = DIRECTION ( 'NONE',  ( 0.000000000000000000, -0.5190546823227978335, 0.8547410349098604199 ) ) ;
#3255 = VERTEX_POINT ( 'NONE', #5653 ) ;
#3256 = CIRCLE ( 'NONE', #2757, 0.2000000000000000389 ) ;
#3257 = EDGE_CURVE ( 'NONE', #1021, #6673, #1404, .T. ) ;
#3258 = PRODUCT_CONTEXT ( 'NONE', #8015, 'mechanical' ) ;
#3259 = ORIENTED_EDGE ( 'NONE', *, *, #5858, .F. ) ;
#3260 = VECTOR ( 'NONE', #899, 1000.000000000000000 ) ;
#3261 = SPHERICAL_SURFACE ( 'NONE', #6732, 0.07499999999999999722 ) ;
#3262 = VECTOR ( 'NONE', #3666, 1000.000000000000000 ) ;
#3263 = FILL_AREA_STYLE_COLOUR ( '', #10008 ) ;
#3264 = STYLED_ITEM ( 'NONE', ( #2006 ), #8904 ) ;
#3265 = COLOUR_RGB ( '',0.8039215686274510109, 0.8039215686274510109, 0.8039215686274510109 ) ;
#3266 = ORIENTED_EDGE ( 'NONE', *, *, #2086, .F. ) ;
#3267 = LINE ( 'NONE', #10210, #3124 ) ;
#3268 = COLOUR_RGB ( '',0.8039215686274510109, 0.8039215686274510109, 0.8039215686274510109 ) ;
#3269 = CARTESIAN_POINT ( 'NONE',  ( 2.000000000000000000, 1.325000000000000400, -0.5499999999999999334 ) ) ;
#3270 = SURFACE_STYLE_FILL_AREA ( #2473 ) ;
#3271 = CARTESIAN_POINT ( 'NONE',  ( 0.1250000000000001110, 2.330000000000000071, -0.4684254559678819319 ) ) ;
#3272 = EDGE_LOOP ( 'NONE', ( #5299, #8251, #6592, #10810 ) ) ;
#3273 = AXIS2_PLACEMENT_3D ( 'NONE', #10250, #188, #1730 ) ;
#3274 = EDGE_CURVE ( 'NONE', #3170, #643, #3972, .T. ) ;
#3275 = LINE ( 'NONE', #6373, #7400 ) ;
#3276 = CIRCLE ( 'NONE', #102, 0.09999999999999982514 ) ;
#3277 = VERTEX_POINT ( 'NONE', #501 ) ;
#3278 = VECTOR ( 'NONE', #1323, 1000.000000000000114 ) ;
#3279 = AXIS2_PLACEMENT_3D ( 'NONE', #2522, #9295, #5060 ) ;
#3280 = SURFACE_SIDE_STYLE ('',( #5064 ) ) ;
#3281 = EDGE_LOOP ( 'NONE', ( #1928, #8077, #5705, #10012 ) ) ;
#3282 = EDGE_CURVE ( 'NONE', #10259, #3896, #9356, .T. ) ;
#3283 = LINE ( 'NONE', #4797, #5571 ) ;
#3284 = AXIS2_PLACEMENT_3D ( 'NONE', #5951, #8391, #872 ) ;
#3285 = PRESENTATION_LAYER_ASSIGNMENT (  '', '', ( #1902 ) ) ;
#3286 = PLANE ( 'NONE',  #8360 ) ;
#3287 = MECHANICAL_DESIGN_GEOMETRIC_PRESENTATION_REPRESENTATION (  '', ( #4655 ), #6072 ) ;
#3288 = PRESENTATION_LAYER_ASSIGNMENT (  '', '', ( #8187 ) ) ;
#3289 = PRESENTATION_STYLE_ASSIGNMENT (( #7439 ) ) ;
#3290 = DIRECTION ( 'NONE',  ( 0.000000000000000000, 1.000000000000000000, 0.000000000000000000 ) ) ;
#3291 = VERTEX_POINT ( 'NONE', #1686 ) ;
#3292 = CARTESIAN_POINT ( 'NONE',  ( 2.409761932960727382, 1.835172790808107468, -0.4828396347450739090 ) ) ;
#3293 = PRESENTATION_STYLE_ASSIGNMENT (( #2491 ) ) ;
#3294 = DIRECTION ( 'NONE',  ( 1.000000000000000000, 0.000000000000000000, 0.000000000000000000 ) ) ;
#3295 = CARTESIAN_POINT ( 'NONE',  ( -1.824999999999999734, 2.049999999999999822, -0.1000000000000000056 ) ) ;
#3296 = DIRECTION ( 'NONE',  ( 0.000000000000000000, -1.000000000000000000, 0.000000000000000000 ) ) ;
#3297 = DIRECTION ( 'NONE',  ( 0.000000000000000000, 0.5190546823227978335, 0.8547410349098604199 ) ) ;
#3298 = EDGE_CURVE ( 'NONE', #8298, #10204, #6006, .T. ) ;
#3299 = EDGE_LOOP ( 'NONE', ( #897, #5574, #1838, #5357 ) ) ;
#3300 = MECHANICAL_DESIGN_GEOMETRIC_PRESENTATION_REPRESENTATION (  '', ( #10138 ), #8557 ) ;
#3301 = CARTESIAN_POINT ( 'NONE',  ( -1.824999999999999734, -3.000000000000000000, -0.3995116203837655866 ) ) ;
#3302 = ORIENTED_EDGE ( 'NONE', *, *, #1077, .T. ) ;
#3303 = ORIENTED_EDGE ( 'NONE', *, *, #4164, .F. ) ;
#3304 = EDGE_CURVE ( 'NONE', #4522, #3885, #9126, .T. ) ;
#3305 = SURFACE_STYLE_USAGE ( .BOTH. , #1623 ) ;
#3306 = PRESENTATION_STYLE_ASSIGNMENT (( #1624 ) ) ;
#3307 = CARTESIAN_POINT ( 'NONE',  ( -2.375409738600888332, 1.949998880753508690, -0.1000106489190372011 ) ) ;
#3308 = VECTOR ( 'NONE', #9394, 1000.000000000000000 ) ;
#3309 = SURFACE_STYLE_FILL_AREA ( #5716 ) ;
#3310 = EDGE_CURVE ( 'NONE', #1749, #9742, #6577, .T. ) ;
#3311 = ORIENTED_EDGE ( 'NONE', *, *, #4455, .T. ) ;
#3312 = EDGE_LOOP ( 'NONE', ( #3302, #3150, #1460, #1067, #3575, #8063 ) ) ;
#3313 = EDGE_LOOP ( 'NONE', ( #9053, #8156, #5043, #2455 ) ) ;
#3314 = CARTESIAN_POINT ( 'NONE',  ( -0.5249999999999999112, -2.330000000000000071, -0.4684254559678819319 ) ) ;
#3315 = AXIS2_PLACEMENT_3D ( 'NONE', #6449, #9602, #419 ) ;
#3316 = EDGE_CURVE ( 'NONE', #4944, #2299, #9877, .T. ) ;
#3317 = ORIENTED_EDGE ( 'NONE', *, *, #5956, .F. ) ;
#3318 = CARTESIAN_POINT ( 'NONE',  ( 1.824999999999999956, -3.000000000000000000, -0.6000000000000000888 ) ) ;
#3319 = DIRECTION ( 'NONE',  ( 0.000000000000000000, 0.000000000000000000, -1.000000000000000000 ) ) ;
#3320 = CARTESIAN_POINT ( 'NONE',  ( 0.1250000000000001110, -2.277216163946027105, 0.003810936464559820311 ) ) ;
#3321 = ORIENTED_EDGE ( 'NONE', *, *, #1608, .T. ) ;
#3322 =( LENGTH_UNIT ( ) NAMED_UNIT ( * ) SI_UNIT ( .MILLI., .METRE. ) );
#3323 = CARTESIAN_POINT ( 'NONE',  ( 0.1250000000000001110, 1.949999999999999512, -0.1000000000000000056 ) ) ;
#3324 = ORIENTED_EDGE ( 'NONE', *, *, #8870, .T. ) ;
#3325 = CYLINDRICAL_SURFACE ( 'NONE', #999, 0.09999999999999982514 ) ;
#3326 = SURFACE_STYLE_FILL_AREA ( #9851 ) ;
#3327 = CLOSED_SHELL ( 'NONE', ( #1476, #3736, #7690, #10606, #4028, #4391, #1138, #7340, #8376, #10242, #468, #10123, #9371, #8996 ) ) ;
#3328 = DIRECTION ( 'NONE',  ( 1.000000000000000000, 0.000000000000000000, 0.000000000000000000 ) ) ;
#3329 = UNCERTAINTY_MEASURE_WITH_UNIT (LENGTH_MEASURE( 1.000000000000000082E-05 ), #433, 'distance_accuracy_value', 'NONE');
#3330 = VERTEX_POINT ( 'NONE', #4992 ) ;
#3331 = SURFACE_STYLE_USAGE ( .BOTH. , #8485 ) ;
#3332 = FILL_AREA_STYLE ('',( #5791 ) ) ;
#3333 = VERTEX_POINT ( 'NONE', #893 ) ;
#3334 = EDGE_CURVE ( 'NONE', #8603, #1101, #6079, .T. ) ;
#3335 = DIRECTION ( 'NONE',  ( 0.000000000000000000, 0.000000000000000000, 1.000000000000000000 ) ) ;
#3336 =( LENGTH_UNIT ( ) NAMED_UNIT ( * ) SI_UNIT ( .MILLI., .METRE. ) );
#3337 =( NAMED_UNIT ( * ) SI_UNIT ( $, .STERADIAN. ) SOLID_ANGLE_UNIT ( ) );
#3338 =( NAMED_UNIT ( * ) PLANE_ANGLE_UNIT ( ) SI_UNIT ( $, .RADIAN. ) );
#3339 = SURFACE_STYLE_FILL_AREA ( #10856 ) ;
#3340 = DIRECTION ( 'NONE',  ( 0.000000000000000000, 0.9975640502598241977, -0.06975647374412544122 ) ) ;
#3341 =( NAMED_UNIT ( * ) SI_UNIT ( $, .STERADIAN. ) SOLID_ANGLE_UNIT ( ) );
#3342 = FACE_OUTER_BOUND ( 'NONE', #8641, .T. ) ;
#3343 = DIRECTION ( 'NONE',  ( 0.000000000000000000, 1.000000000000000000, -8.672620682681688006E-17 ) ) ;
#3344 = ORIENTED_EDGE ( 'NONE', *, *, #1283, .T. ) ;
#3345 = FACE_OUTER_BOUND ( 'NONE', #6607, .T. ) ;
#3346 = ORIENTED_EDGE ( 'NONE', *, *, #10359, .F. ) ;
#3347 = ORIENTED_EDGE ( 'NONE', *, *, #4763, .F. ) ;
#3348 = VECTOR ( 'NONE', #9671, 1000.000000000000000 ) ;
#3349 = PLANE ( 'NONE',  #3694 ) ;
#3350 = EDGE_CURVE ( 'NONE', #7954, #10434, #10760, .T. ) ;
#3351 =( LENGTH_UNIT ( ) NAMED_UNIT ( * ) SI_UNIT ( .MILLI., .METRE. ) );
#3352 = SURFACE_STYLE_FILL_AREA ( #8363 ) ;
#3353 = DIRECTION ( 'NONE',  ( 0.000000000000000000, 0.000000000000000000, 1.000000000000000000 ) ) ;
#3354 = STYLED_ITEM ( 'NONE', ( #4266 ), #10099 ) ;
#3355 = EDGE_CURVE ( 'NONE', #10259, #5157, #7577, .T. ) ;
#3356 = ORIENTED_EDGE ( 'NONE', *, *, #992, .T. ) ;
#3357 = EDGE_CURVE ( 'NONE', #8603, #9268, #4251, .T. ) ;
#3358 = CARTESIAN_POINT ( 'NONE',  ( 0.000000000000000000, 0.000000000000000000, 0.000000000000000000 ) ) ;
#3359 = FILL_AREA_STYLE ('',( #2513 ) ) ;
#3360 =( LENGTH_UNIT ( ) NAMED_UNIT ( * ) SI_UNIT ( .MILLI., .METRE. ) );
#3361 = VECTOR ( 'NONE', #3807, 1000.000000000000114 ) ;
#3362 = EDGE_CURVE ( 'NONE', #6248, #224, #4082, .T. ) ;
#3363 = FILL_AREA_STYLE_COLOUR ( '', #5513 ) ;
#3364 = PLANE ( 'NONE',  #10124 ) ;
#3365 = SURFACE_SIDE_STYLE ('',( #9899 ) ) ;
#3366 = CARTESIAN_POINT ( 'NONE',  ( 1.175000000000000044, -2.049999999999999822, -0.1000000000000000056 ) ) ;
#3367 = CYLINDRICAL_SURFACE ( 'NONE', #4141, 0.2000000000000000389 ) ;
#3368 = VERTEX_POINT ( 'NONE', #9997 ) ;
#3369 = DIRECTION ( 'NONE',  ( 0.000000000000000000, -1.000000000000000000, -8.672620682681688006E-17 ) ) ;
#3370 = SURFACE_STYLE_USAGE ( .BOTH. , #9192 ) ;
#3371 = ORIENTED_EDGE ( 'NONE', *, *, #4376, .T. ) ;
#3372 = DIRECTION ( 'NONE',  ( 0.000000000000000000, -0.06975647374412539958, -0.9975640502598243087 ) ) ;
#3373 = SURFACE_SIDE_STYLE ('',( #905 ) ) ;
#3374 = CARTESIAN_POINT ( 'NONE',  ( 2.449999999999998845, 1.875000000000000444, 0.1000000000000000056 ) ) ;
#3375 = EDGE_LOOP ( 'NONE', ( #3931, #1795, #7362, #8658 ) ) ;
#3376 = MECHANICAL_DESIGN_GEOMETRIC_PRESENTATION_REPRESENTATION (  '', ( #3889 ), #4589 ) ;
#3377 = LINE ( 'NONE', #6704, #8714 ) ;
#3378 = LINE ( 'NONE', #181, #8871 ) ;
#3379 = PLANE ( 'NONE',  #8645 ) ;
#3380 = ORIENTED_EDGE ( 'NONE', *, *, #4887, .F. ) ;
#3381 = SURFACE_STYLE_FILL_AREA ( #7555 ) ;
#3382 = AXIS2_PLACEMENT_3D ( 'NONE', #8884, #10580, #6389 ) ;
#3383 = EDGE_CURVE ( 'NONE', #8355, #4207, #59, .T. ) ;
#3384 = EDGE_CURVE ( 'NONE', #10204, #9400, #847, .T. ) ;
#3385 = STYLED_ITEM ( 'NONE', ( #1163 ), #534 ) ;
#3386 = DIRECTION ( 'NONE',  ( -1.000000000000000000, 0.000000000000000000, 0.000000000000000000 ) ) ;
#3387 = AXIS2_PLACEMENT_3D ( 'NONE', #441, #6416, #7240 ) ;
#3388 = SURFACE_SIDE_STYLE ('',( #3339 ) ) ;
#3389 = FACE_OUTER_BOUND ( 'NONE', #5729, .T. ) ;
#3390 = UNCERTAINTY_MEASURE_WITH_UNIT (LENGTH_MEASURE( 1.000000000000000082E-05 ), #1371, 'distance_accuracy_value', 'NONE');
#3391 = DIRECTION ( 'NONE',  ( 0.000000000000000000, 0.9975640502598241977, -0.06975647374412544122 ) ) ;
#3392 = STYLED_ITEM ( 'NONE', ( #5123 ), #3736 ) ;
#3393 = SURFACE_STYLE_FILL_AREA ( #10199 ) ;
#3394 = VERTEX_POINT ( 'NONE', #8414 ) ;
#3395 = FACE_OUTER_BOUND ( 'NONE', #2684, .T. ) ;
#3396 = EDGE_CURVE ( 'NONE', #8234, #5645, #8366, .T. ) ;
#3397 = VERTEX_POINT ( 'NONE', #4224 ) ;
#3398 = COLOUR_RGB ( '',0.8039215686274510109, 0.8039215686274510109, 0.8039215686274510109 ) ;
#3399 = COLOUR_RGB ( '',0.8039215686274510109, 0.8039215686274510109, 0.8039215686274510109 ) ;
#3400 = ORIENTED_EDGE ( 'NONE', *, *, #5149, .T. ) ;
#3401 = FILL_AREA_STYLE ('',( #4220 ) ) ;
#3402 = DIRECTION ( 'NONE',  ( 1.000000000000000000, 0.000000000000000000, 0.000000000000000000 ) ) ;
#3403 = STYLED_ITEM ( 'NONE', ( #1102 ), #7998 ) ;
#3404 = MECHANICAL_DESIGN_GEOMETRIC_PRESENTATION_REPRESENTATION (  '', ( #6190 ), #3923 ) ;
#3405 = PLANE ( 'NONE',  #1912 ) ;
#3406 = CARTESIAN_POINT ( 'NONE',  ( -2.074999999999999734, 1.949999999999999512, -0.1000000000000000056 ) ) ;
#3407 = CARTESIAN_POINT ( 'NONE',  ( -2.374999999999999556, 1.950000000000000400, -0.1000000000000000056 ) ) ;
#3408 = ORIENTED_EDGE ( 'NONE', *, *, #5971, .F. ) ;
#3409 = ORIENTED_EDGE ( 'NONE', *, *, #2846, .F. ) ;
#3410 = EDGE_CURVE ( 'NONE', #10599, #5598, #7475, .T. ) ;
#3411 = CARTESIAN_POINT ( 'NONE',  ( 0.7750000000000001332, 2.330000000000000071, -0.4684254559678819319 ) ) ;
#3412 =( GEOMETRIC_REPRESENTATION_CONTEXT ( 3 ) GLOBAL_UNCERTAINTY_ASSIGNED_CONTEXT ( ( #4724 ) ) GLOBAL_UNIT_ASSIGNED_CONTEXT ( ( #5207, #7735, #7573 ) ) REPRESENTATION_CONTEXT ( 'NONE', 'WORKASPACE' ) );
#3413 = EDGE_CURVE ( 'NONE', #3368, #1539, #10, .T. ) ;
#3414 = SURFACE_SIDE_STYLE ('',( #5313 ) ) ;
#3415 = CARTESIAN_POINT ( 'NONE',  ( -2.375136580382890994, -1.949999999999999734, -0.09999999999999971412 ) ) ;
#3416 = FILL_AREA_STYLE ('',( #6039 ) ) ;
#3417 = ORIENTED_EDGE ( 'NONE', *, *, #5625, .T. ) ;
#3418 = FILL_AREA_STYLE_COLOUR ( '', #7149 ) ;
#3419 = EDGE_LOOP ( 'NONE', ( #8969, #9537, #178, #4677 ) ) ;
#3420 =( GEOMETRIC_REPRESENTATION_CONTEXT ( 3 ) GLOBAL_UNCERTAINTY_ASSIGNED_CONTEXT ( ( #730 ) ) GLOBAL_UNIT_ASSIGNED_CONTEXT ( ( #692, #6529, #8802 ) ) REPRESENTATION_CONTEXT ( 'NONE', 'WORKASPACE' ) );
#3421 = CARTESIAN_POINT ( 'NONE',  ( -0.7749999999999999112, -1.949999999999999512, -0.1000000000000000056 ) ) ;
#3422 = STYLED_ITEM ( 'NONE', ( #8464 ), #8810 ) ;
#3423 = AXIS2_PLACEMENT_3D ( 'NONE', #2436, #6549, #6447 ) ;
#3424 =( NAMED_UNIT ( * ) PLANE_ANGLE_UNIT ( ) SI_UNIT ( $, .RADIAN. ) );
#3425 = AXIS2_PLACEMENT_3D ( 'NONE', #1778, #8434, #2649 ) ;
#3426 =( GEOMETRIC_REPRESENTATION_CONTEXT ( 3 ) GLOBAL_UNCERTAINTY_ASSIGNED_CONTEXT ( ( #8132 ) ) GLOBAL_UNIT_ASSIGNED_CONTEXT ( ( #3351, #10756, #3952 ) ) REPRESENTATION_CONTEXT ( 'NONE', 'WORKASPACE' ) );
#3427 = EDGE_CURVE ( 'NONE', #1907, #2288, #6679, .T. ) ;
#3428 = DIRECTION ( 'NONE',  ( -1.000000000000000000, 0.000000000000000000, 0.000000000000000000 ) ) ;
#3429 = CIRCLE ( 'NONE', #445, 0.07499999999999998335 ) ;
#3430 = UNCERTAINTY_MEASURE_WITH_UNIT (LENGTH_MEASURE( 1.000000000000000082E-05 ), #9469, 'distance_accuracy_value', 'NONE');
#3431 = ORIENTED_EDGE ( 'NONE', *, *, #6980, .T. ) ;
#3432 = VECTOR ( 'NONE', #1613, 1000.000000000000000 ) ;
#3433 = SURFACE_SIDE_STYLE ('',( #2536 ) ) ;
#3434 = CARTESIAN_POINT ( 'NONE',  ( 1.175000000000000044, 1.949999999999999512, -0.1000000000000000056 ) ) ;
#3435 = LINE ( 'NONE', #10147, #10582 ) ;
#3436 = ORIENTED_EDGE ( 'NONE', *, *, #4613, .F. ) ;
#3437 = STYLED_ITEM ( 'NONE', ( #10858 ), #5798 ) ;
#3438 = PLANE ( 'NONE',  #6739 ) ;
#3439 = PRESENTATION_LAYER_ASSIGNMENT (  '', '', ( #9574 ) ) ;
#3440 = VERTEX_POINT ( 'NONE', #7359 ) ;
#3441 =( NAMED_UNIT ( * ) PLANE_ANGLE_UNIT ( ) SI_UNIT ( $, .RADIAN. ) );
#3442 = STYLED_ITEM ( 'NONE', ( #3133 ), #9304 ) ;
#3443 =( GEOMETRIC_REPRESENTATION_CONTEXT ( 3 ) GLOBAL_UNCERTAINTY_ASSIGNED_CONTEXT ( ( #7503 ) ) GLOBAL_UNIT_ASSIGNED_CONTEXT ( ( #2365, #4680, #521 ) ) REPRESENTATION_CONTEXT ( 'NONE', 'WORKASPACE' ) );
#3444 = COLOUR_RGB ( '',0.8039215686274510109, 0.8039215686274510109, 0.8039215686274510109 ) ;
#3445 = COLOUR_RGB ( '',0.8039215686274510109, 0.8039215686274510109, 0.8039215686274510109 ) ;
#3446 = COLOUR_RGB ( '',0.8039215686274510109, 0.8039215686274510109, 0.8039215686274510109 ) ;
#3447 = SURFACE_STYLE_USAGE ( .BOTH. , #6823 ) ;
#3448 = LINE ( 'NONE', #6075, #5882 ) ;
#3449 = DIRECTION ( 'NONE',  ( 0.000000000000000000, 0.000000000000000000, -1.000000000000000000 ) ) ;
#3450 = CARTESIAN_POINT ( 'NONE',  ( -0.1249999999999998890, -1.949999999999999512, 0.1000000000000000056 ) ) ;
#3451 = EDGE_CURVE ( 'NONE', #669, #1058, #10714, .T. ) ;
#3452 = COLOUR_RGB ( '',0.8039215686274510109, 0.8039215686274510109, 0.8039215686274510109 ) ;
#3453 = DIRECTION ( 'NONE',  ( 1.000000000000000000, 0.000000000000000000, 0.000000000000000000 ) ) ;
#3454 = ORIENTED_EDGE ( 'NONE', *, *, #1461, .T. ) ;
#3455 = AXIS2_PLACEMENT_3D ( 'NONE', #9720, #4713, #5377 ) ;
#3456 = STYLED_ITEM ( 'NONE', ( #3483 ), #7916 ) ;
#3457 = DIRECTION ( 'NONE',  ( 0.000000000000000000, 8.672620682681688006E-17, 1.000000000000000000 ) ) ;
#3458 = VERTEX_POINT ( 'NONE', #6515 ) ;
#3459 = VECTOR ( 'NONE', #1085, 1000.000000000000000 ) ;
#3460 = ORIENTED_EDGE ( 'NONE', *, *, #3087, .T. ) ;
#3461 = UNCERTAINTY_MEASURE_WITH_UNIT (LENGTH_MEASURE( 1.000000000000000082E-05 ), #6285, 'distance_accuracy_value', 'NONE');
#3462 = SURFACE_SIDE_STYLE ('',( #4377 ) ) ;
#3463 = FACE_OUTER_BOUND ( 'NONE', #9880, .T. ) ;
#3464 = ADVANCED_FACE ( 'NONE', ( #733 ), #5245, .T. ) ;
#3465 = AXIS2_PLACEMENT_3D ( 'NONE', #3583, #4563, #7017 ) ;
#3466 = DIRECTION ( 'NONE',  ( 0.000000000000000000, 0.000000000000000000, -1.000000000000000000 ) ) ;
#3467 = ORIENTED_EDGE ( 'NONE', *, *, #5633, .F. ) ;
#3468 = EDGE_CURVE ( 'NONE', #5157, #1695, #9872, .T. ) ;
#3469 = ORIENTED_EDGE ( 'NONE', *, *, #5229, .F. ) ;
#3470 = FACE_OUTER_BOUND ( 'NONE', #7392, .T. ) ;
#3471 = FACE_OUTER_BOUND ( 'NONE', #2666, .T. ) ;
#3472 = PRESENTATION_STYLE_ASSIGNMENT (( #5260 ) ) ;
#3473 = CARTESIAN_POINT ( 'NONE',  ( 1.175000000000000044, 2.330000000000000071, -0.4684254559678819319 ) ) ;
#3474 = LINE ( 'NONE', #3320, #4834 ) ;
#3475 = ORIENTED_EDGE ( 'NONE', *, *, #6100, .T. ) ;
#3476 =( LENGTH_UNIT ( ) NAMED_UNIT ( * ) SI_UNIT ( .MILLI., .METRE. ) );
#3477 = DIRECTION ( 'NONE',  ( 0.000000000000000000, 0.000000000000000000, 1.000000000000000000 ) ) ;
#3478 = VERTEX_POINT ( 'NONE', #2977 ) ;
#3479 = PLANE ( 'NONE',  #4149 ) ;
#3480 =( LENGTH_UNIT ( ) NAMED_UNIT ( * ) SI_UNIT ( .MILLI., .METRE. ) );
#3481 = CARTESIAN_POINT ( 'NONE',  ( 1.824999999999999956, -2.474082528530912928, -0.3203740982435569484 ) ) ;
#3482 = VECTOR ( 'NONE', #8216, 1000.000000000000227 ) ;
#3483 = PRESENTATION_STYLE_ASSIGNMENT (( #130 ) ) ;
#3484 = ORIENTED_EDGE ( 'NONE', *, *, #10669, .T. ) ;
#3485 = SURFACE_STYLE_USAGE ( .BOTH. , #7505 ) ;
#3486 = EDGE_CURVE ( 'NONE', #10686, #1641, #53, .T. ) ;
#3487 = SURFACE_STYLE_FILL_AREA ( #2594 ) ;
#3488 = CARTESIAN_POINT ( 'NONE',  ( 2.374999999999997335, 1.950000000000000400, 0.1000000000000000056 ) ) ;
#3489 = LINE ( 'NONE', #5074, #7035 ) ;
#3490 = EDGE_LOOP ( 'NONE', ( #513, #5179, #9025, #6702 ) ) ;
#3491 = EDGE_CURVE ( 'NONE', #1749, #5283, #7850, .T. ) ;
#3492 =( BOUNDED_CURVE ( )  B_SPLINE_CURVE ( 3, ( #10461, #460, #4672, #399 ),
 .UNSPECIFIED., .F., .T. ) 
 B_SPLINE_CURVE_WITH_KNOTS ( ( 4, 4 ),
 ( 5.503250352303673765, 7.063120262055495147 ),
 .UNSPECIFIED. ) 
 CURVE ( )  GEOMETRIC_REPRESENTATION_ITEM ( )  RATIONAL_B_SPLINE_CURVE ( ( 1.000000000000000000, 0.8073061876036304874, 0.8073061876036304874, 1.000000000000000000 ) ) 
 REPRESENTATION_ITEM ( '' )  );
#3493 = CARTESIAN_POINT ( 'NONE',  ( -2.140172790808107628, -1.445172790808107122, 0.5399999999999999245 ) ) ;
#3494 = MECHANICAL_DESIGN_GEOMETRIC_PRESENTATION_REPRESENTATION (  '', ( #6292 ), #3510 ) ;
#3495 = VERTEX_POINT ( 'NONE', #10366 ) ;
#3496 = CARTESIAN_POINT ( 'NONE',  ( -2.449760935694445863, 1.918963392251840983, -0.1022745449310388244 ) ) ;
#3497 = CARTESIAN_POINT ( 'NONE',  ( 1.824999999999999956, -2.049999999999999822, -0.1000000000000000056 ) ) ;
#3498 = CARTESIAN_POINT ( 'NONE',  ( -1.424999999999999822, 1.949999999999999512, 0.1000000000000000056 ) ) ;
#3499 = EDGE_CURVE ( 'NONE', #9194, #5376, #251, .T. ) ;
#3500 = UNCERTAINTY_MEASURE_WITH_UNIT (LENGTH_MEASURE( 1.000000000000000082E-05 ), #2907, 'distance_accuracy_value', 'NONE');
#3501 = LINE ( 'NONE', #10157, #10108 ) ;
#3502 =( NAMED_UNIT ( * ) PLANE_ANGLE_UNIT ( ) SI_UNIT ( $, .RADIAN. ) );
#3503 = CARTESIAN_POINT ( 'NONE',  ( -2.335172790808107468, 1.835172790808107690, 0.5499999999999999334 ) ) ;
#3504 = EDGE_LOOP ( 'NONE', ( #10329, #8019, #4085, #748 ) ) ;
#3505 = ORIENTED_EDGE ( 'NONE', *, *, #3584, .F. ) ;
#3506 = FACE_OUTER_BOUND ( 'NONE', #4350, .T. ) ;
#3507 =( NAMED_UNIT ( * ) SI_UNIT ( $, .STERADIAN. ) SOLID_ANGLE_UNIT ( ) );
#3508 = LINE ( 'NONE', #6832, #637 ) ;
#3509 = DIRECTION ( 'NONE',  ( 1.000000000000000000, 0.000000000000000000, 0.000000000000000000 ) ) ;
#3510 =( GEOMETRIC_REPRESENTATION_CONTEXT ( 3 ) GLOBAL_UNCERTAINTY_ASSIGNED_CONTEXT ( ( #7455 ) ) GLOBAL_UNIT_ASSIGNED_CONTEXT ( ( #6639, #5780, #9030 ) ) REPRESENTATION_CONTEXT ( 'NONE', 'WORKASPACE' ) );
#3511 = CARTESIAN_POINT ( 'NONE',  ( -2.074999999999999734, -2.049999999999999822, -0.2000000000000000111 ) ) ;
#3512 = ORIENTED_EDGE ( 'NONE', *, *, #6920, .F. ) ;
#3513 = AXIS2_PLACEMENT_3D ( 'NONE', #1806, #5104, #8466 ) ;
#3514 = EDGE_LOOP ( 'NONE', ( #1214, #9960, #1847, #2227 ) ) ;
#3515 = ADVANCED_FACE ( 'NONE', ( #1088 ), #4579, .T. ) ;
#3516 = EDGE_CURVE ( 'NONE', #8484, #3661, #6866, .T. ) ;
#3517 = FACE_OUTER_BOUND ( 'NONE', #2012, .T. ) ;
#3518 = VECTOR ( 'NONE', #7625, 1000.000000000000000 ) ;
#3519 = FILL_AREA_STYLE ('',( #6898 ) ) ;
#3520 = FILL_AREA_STYLE_COLOUR ( '', #7474 ) ;
#3521 = ORIENTED_EDGE ( 'NONE', *, *, #10531, .T. ) ;
#3522 = CARTESIAN_POINT ( 'NONE',  ( -0.1249999999999998890, -1.949999999999999512, 0.1000000000000000056 ) ) ;
#3523 = DIRECTION ( 'NONE',  ( 1.000000000000000000, 0.000000000000000000, 0.000000000000000000 ) ) ;
#3524 = ORIENTED_EDGE ( 'NONE', *, *, #6324, .F. ) ;
#3525 = CARTESIAN_POINT ( 'NONE',  ( 0.1250000000000001110, 2.500948206981972177, -0.3646145195033222430 ) ) ;
#3526 = PRESENTATION_STYLE_ASSIGNMENT (( #1649 ) ) ;
#3527 = CARTESIAN_POINT ( 'NONE',  ( 0.5250000000000000222, 2.500948206981972177, -0.3646145195033222430 ) ) ;
#3528 = UNCERTAINTY_MEASURE_WITH_UNIT (LENGTH_MEASURE( 1.000000000000000082E-05 ), #10310, 'distance_accuracy_value', 'NONE');
#3529 = DIRECTION ( 'NONE',  ( 1.000000000000000000, 0.000000000000000000, 0.000000000000000000 ) ) ;
#3530 = ORIENTED_EDGE ( 'NONE', *, *, #9605, .T. ) ;
#3531 = DIRECTION ( 'NONE',  ( 1.000000000000000000, 0.000000000000000000, 0.000000000000000000 ) ) ;
#3532 =( GEOMETRIC_REPRESENTATION_CONTEXT ( 3 ) GLOBAL_UNCERTAINTY_ASSIGNED_CONTEXT ( ( #9578 ) ) GLOBAL_UNIT_ASSIGNED_CONTEXT ( ( #1769, #4954, #6806 ) ) REPRESENTATION_CONTEXT ( 'NONE', 'WORKASPACE' ) );
#3533 =( NAMED_UNIT ( * ) PLANE_ANGLE_UNIT ( ) SI_UNIT ( $, .RADIAN. ) );
#3534 = DIRECTION ( 'NONE',  ( 1.000000000000000000, 0.000000000000000000, 0.000000000000000000 ) ) ;
#3535 = VERTEX_POINT ( 'NONE', #8720 ) ;
#3536 =( LENGTH_UNIT ( ) NAMED_UNIT ( * ) SI_UNIT ( .MILLI., .METRE. ) );
#3537 = DIRECTION ( 'NONE',  ( 1.000000000000000000, 0.000000000000000000, 0.000000000000000000 ) ) ;
#3538 = ORIENTED_EDGE ( 'NONE', *, *, #197, .F. ) ;
#3539 = LINE ( 'NONE', #7612, #8525 ) ;
#3540 = CARTESIAN_POINT ( 'NONE',  ( 0.1250000000000001110, -2.552580984647486062, -0.3682250350372594516 ) ) ;
#3541 = CIRCLE ( 'NONE', #4941, 0.1000000000000000194 ) ;
#3542 = CARTESIAN_POINT ( 'NONE',  ( 1.824999999999999956, 2.106267956964054999, 0.09999999999999999167 ) ) ;
#3543 = ADVANCED_FACE ( 'NONE', ( #10418 ), #5748, .T. ) ;
#3544 = COLOUR_RGB ( '',0.8039215686274510109, 0.8039215686274510109, 0.8039215686274510109 ) ;
#3545 = EDGE_CURVE ( 'NONE', #561, #2883, #3868, .T. ) ;
#3546 = SURFACE_STYLE_USAGE ( .BOTH. , #6272 ) ;
#3547 =( LENGTH_UNIT ( ) NAMED_UNIT ( * ) SI_UNIT ( .MILLI., .METRE. ) );
#3548 = VECTOR ( 'NONE', #7528, 1000.000000000000000 ) ;
#3549 = DIRECTION ( 'NONE',  ( -1.000000000000000000, -0.000000000000000000, -0.000000000000000000 ) ) ;
#3550 = ORIENTED_EDGE ( 'NONE', *, *, #6757, .T. ) ;
#3551 = SURFACE_STYLE_FILL_AREA ( #7731 ) ;
#3552 = ORIENTED_EDGE ( 'NONE', *, *, #1069, .T. ) ;
#3554 = EDGE_CURVE ( 'NONE', #7278, #9733, #6445, .T. ) ;
#3553 = STYLED_ITEM ( 'NONE', ( #1363 ), #2936 ) ;
#3555 = SURFACE_STYLE_FILL_AREA ( #2869 ) ;
#3556 =( GEOMETRIC_REPRESENTATION_CONTEXT ( 3 ) GLOBAL_UNCERTAINTY_ASSIGNED_CONTEXT ( ( #1886 ) ) GLOBAL_UNIT_ASSIGNED_CONTEXT ( ( #9934, #1396, #542 ) ) REPRESENTATION_CONTEXT ( 'NONE', 'WORKASPACE' ) );
#3557 =( GEOMETRIC_REPRESENTATION_CONTEXT ( 3 ) GLOBAL_UNCERTAINTY_ASSIGNED_CONTEXT ( ( #5916 ) ) GLOBAL_UNIT_ASSIGNED_CONTEXT ( ( #9177, #2674, #2780 ) ) REPRESENTATION_CONTEXT ( 'NONE', 'WORKASPACE' ) );
#3558 = VERTEX_POINT ( 'NONE', #7338 ) ;
#3559 = FILL_AREA_STYLE_COLOUR ( '', #1936 ) ;
#3560 = COLOUR_RGB ( '',0.8039215686274510109, 0.8039215686274510109, 0.8039215686274510109 ) ;
#3561 = ORIENTED_EDGE ( 'NONE', *, *, #1887, .F. ) ;
#3562 = DIRECTION ( 'NONE',  ( -1.000000000000000000, 0.000000000000000000, -0.000000000000000000 ) ) ;
#3563 = MECHANICAL_DESIGN_GEOMETRIC_PRESENTATION_REPRESENTATION (  '', ( #9533 ), #4103 ) ;
#3564 =( NAMED_UNIT ( * ) SI_UNIT ( $, .STERADIAN. ) SOLID_ANGLE_UNIT ( ) );
#3565 = DIRECTION ( 'NONE',  ( 1.000000000000000000, 0.000000000000000000, 0.000000000000000000 ) ) ;
#3566 =( GEOMETRIC_REPRESENTATION_CONTEXT ( 3 ) GLOBAL_UNCERTAINTY_ASSIGNED_CONTEXT ( ( #10784 ) ) GLOBAL_UNIT_ASSIGNED_CONTEXT ( ( #1452, #6457, #2451 ) ) REPRESENTATION_CONTEXT ( 'NONE', 'WORKASPACE' ) );
#3567 = AXIS2_PLACEMENT_3D ( 'NONE', #638, #8274, #4032 ) ;
#3568 = AXIS2_PLACEMENT_3D ( 'NONE', #5082, #10154, #2659 ) ;
#3569 = LINE ( 'NONE', #8531, #7766 ) ;
#3570 = EDGE_CURVE ( 'NONE', #5381, #3255, #7391, .T. ) ;
#3571 = FILL_AREA_STYLE ('',( #4284 ) ) ;
#3572 = SURFACE_STYLE_FILL_AREA ( #381 ) ;
#3573 = ORIENTED_EDGE ( 'NONE', *, *, #2715, .F. ) ;
#3574 = VECTOR ( 'NONE', #8344, 1000.000000000000000 ) ;
#3575 = ORIENTED_EDGE ( 'NONE', *, *, #7858, .T. ) ;
#3576 = EDGE_CURVE ( 'NONE', #3368, #10853, #3233, .T. ) ;
#3577 = PRESENTATION_STYLE_ASSIGNMENT (( #7756 ) ) ;
#3578 = SURFACE_STYLE_USAGE ( .BOTH. , #6698 ) ;
#3579 = AXIS2_PLACEMENT_3D ( 'NONE', #5920, #10255, #1792 ) ;
#3580 = LINE ( 'NONE', #6153, #1189 ) ;
#3581 = ORIENTED_EDGE ( 'NONE', *, *, #7371, .F. ) ;
#3582 = PRESENTATION_LAYER_ASSIGNMENT (  '', '', ( #9384 ) ) ;
#3583 = CARTESIAN_POINT ( 'NONE',  ( 0.5250000000000000222, -2.049999999999999822, -0.2000000000000000111 ) ) ;
#3584 = EDGE_CURVE ( 'NONE', #2158, #7751, #8822, .T. ) ;
#3585 = CARTESIAN_POINT ( 'NONE',  ( -0.7749999999999999112, 1.949999999999999512, 0.1000000000000000056 ) ) ;
#3586 = ORIENTED_EDGE ( 'NONE', *, *, #3413, .F. ) ;
#3587 = LINE ( 'NONE', #4524, #10381 ) ;
#3588 = EDGE_CURVE ( 'NONE', #7873, #8298, #4802, .T. ) ;
#3589 = PRESENTATION_LAYER_ASSIGNMENT (  '', '', ( #9214 ) ) ;
#3590 = DIRECTION ( 'NONE',  ( 0.000000000000000000, 0.000000000000000000, -1.000000000000000000 ) ) ;
#3591 = ORIENTED_EDGE ( 'NONE', *, *, #8608, .T. ) ;
#3592 = PRESENTATION_LAYER_ASSIGNMENT (  '', '', ( #7969 ) ) ;
#3593 = DIRECTION ( 'NONE',  ( 1.000000000000000000, 0.000000000000000000, 0.000000000000000000 ) ) ;
#3594 = STYLED_ITEM ( 'NONE', ( #7945 ), #4685 ) ;
#3595 =( GEOMETRIC_REPRESENTATION_CONTEXT ( 3 ) GLOBAL_UNCERTAINTY_ASSIGNED_CONTEXT ( ( #1817 ) ) GLOBAL_UNIT_ASSIGNED_CONTEXT ( ( #1852, #6994, #1104 ) ) REPRESENTATION_CONTEXT ( 'NONE', 'WORKASPACE' ) );
#3596 = CARTESIAN_POINT ( 'NONE',  ( -2.409761932960727826, 1.950000000000000400, -0.4828396347450738535 ) ) ;
#3597 = VECTOR ( 'NONE', #2157, 1000.000000000000000 ) ;
#3598 = UNCERTAINTY_MEASURE_WITH_UNIT (LENGTH_MEASURE( 1.000000000000000082E-05 ), #5756, 'distance_accuracy_value', 'NONE');
#3599 = MECHANICAL_DESIGN_GEOMETRIC_PRESENTATION_REPRESENTATION (  '', ( #3955 ), #9226 ) ;
#3600 = VECTOR ( 'NONE', #2017, 1000.000000000000000 ) ;
#3601 = DIRECTION ( 'NONE',  ( -1.000000000000000000, -0.000000000000000000, -0.000000000000000000 ) ) ;
#3602 = FACE_OUTER_BOUND ( 'NONE', #123, .T. ) ;
#3603 = AXIS2_PLACEMENT_3D ( 'NONE', #5651, #9009, #1515 ) ;
#3604 =( NAMED_UNIT ( * ) SI_UNIT ( $, .STERADIAN. ) SOLID_ANGLE_UNIT ( ) );
#3605 = DIRECTION ( 'NONE',  ( -1.000000000000000000, -0.000000000000000000, -0.000000000000000000 ) ) ;
#3606 = ORIENTED_EDGE ( 'NONE', *, *, #2519, .T. ) ;
#3607 = MECHANICAL_DESIGN_GEOMETRIC_PRESENTATION_REPRESENTATION (  '', ( #5186 ), #4316 ) ;
#3608 = DIRECTION ( 'NONE',  ( 1.000000000000000000, 0.000000000000000000, 0.000000000000000000 ) ) ;
#3609 = VECTOR ( 'NONE', #571, 1000.000000000000000 ) ;
#3610 = ORIENTED_EDGE ( 'NONE', *, *, #7133, .T. ) ;
#3611 = AXIS2_PLACEMENT_3D ( 'NONE', #7884, #6064, #7840 ) ;
#3612 =( GEOMETRIC_REPRESENTATION_CONTEXT ( 3 ) GLOBAL_UNCERTAINTY_ASSIGNED_CONTEXT ( ( #4475 ) ) GLOBAL_UNIT_ASSIGNED_CONTEXT ( ( #3875, #7164, #1393 ) ) REPRESENTATION_CONTEXT ( 'NONE', 'WORKASPACE' ) );
#3613 = VECTOR ( 'NONE', #10576, 1000.000000000000114 ) ;
#3614 = VECTOR ( 'NONE', #8564, 1000.000000000000000 ) ;
#3615 = LINE ( 'NONE', #1996, #9319 ) ;
#3616 =( BOUNDED_CURVE ( )  B_SPLINE_CURVE ( 3, ( #10441, #8787, #9661, #2237 ),
 .UNSPECIFIED., .F., .F. ) 
 B_SPLINE_CURVE_WITH_KNOTS ( ( 4, 4 ),
 ( 5.503250352303694193, 7.063120262055498699 ),
 .UNSPECIFIED. ) 
 CURVE ( )  GEOMETRIC_REPRESENTATION_ITEM ( )  RATIONAL_B_SPLINE_CURVE ( ( 1.000000000000000000, 0.8073061876036344842, 0.8073061876036344842, 1.000000000000000000 ) ) 
 REPRESENTATION_ITEM ( '' )  );
#3617 = MECHANICAL_DESIGN_GEOMETRIC_PRESENTATION_REPRESENTATION (  '', ( #653 ), #977 ) ;
#3618 = CARTESIAN_POINT ( 'NONE',  ( -1.824999999999999734, -2.552580984647486062, -0.3682250350372596737 ) ) ;
#3619 = DIRECTION ( 'NONE',  ( -0.1045284632676537068, 0.000000000000000000, -0.9945218953682734009 ) ) ;
#3620 = EDGE_CURVE ( 'NONE', #3495, #1401, #2325, .T. ) ;
#3621 = AXIS2_PLACEMENT_3D ( 'NONE', #7908, #4551, #6350 ) ;
#3622 =( LENGTH_UNIT ( ) NAMED_UNIT ( * ) SI_UNIT ( .MILLI., .METRE. ) );
#3623 = ORIENTED_EDGE ( 'NONE', *, *, #57, .T. ) ;
#3624 = ORIENTED_EDGE ( 'NONE', *, *, #1910, .T. ) ;
#3625 = EDGE_CURVE ( 'NONE', #3234, #1688, #8162, .T. ) ;
#3626 = FACE_OUTER_BOUND ( 'NONE', #8430, .T. ) ;
#3627 = FILL_AREA_STYLE ('',( #5217 ) ) ;
#3628 = VECTOR ( 'NONE', #2626, 1000.000000000000000 ) ;
#3629 = LINE ( 'NONE', #8577, #2588 ) ;
#3630 = EDGE_LOOP ( 'NONE', ( #3688, #10404, #6880, #10546 ) ) ;
#3631 = LINE ( 'NONE', #10383, #2609 ) ;
#3632 = DIRECTION ( 'NONE',  ( -1.000000000000000000, -0.000000000000000000, -0.000000000000000000 ) ) ;
#3633 = DIRECTION ( 'NONE',  ( 0.000000000000000000, 0.000000000000000000, -1.000000000000000000 ) ) ;
#3634 = ORIENTED_EDGE ( 'NONE', *, *, #8640, .T. ) ;
#3635 = DIRECTION ( 'NONE',  ( 0.000000000000000000, 0.5190546823227987216, -0.8547410349098599758 ) ) ;
#3636 = VERTEX_POINT ( 'NONE', #8054 ) ;
#3637 = CARTESIAN_POINT ( 'NONE',  ( 0.7750000000000001332, 2.500948206981972177, -0.3646145195033222430 ) ) ;
#3638 = DIRECTION ( 'NONE',  ( -0.000000000000000000, -1.000000000000000000, -0.000000000000000000 ) ) ;
#3639 = UNCERTAINTY_MEASURE_WITH_UNIT (LENGTH_MEASURE( 1.000000000000000082E-05 ), #4223, 'distance_accuracy_value', 'NONE');
#3640 = SURFACE_STYLE_USAGE ( .BOTH. , #1867 ) ;
#3641 = ORIENTED_EDGE ( 'NONE', *, *, #5391, .F. ) ;
#3642 = CARTESIAN_POINT ( 'NONE',  ( 2.075000000000000178, -2.500948206981972177, -0.3646145195033222430 ) ) ;
#3643 = CARTESIAN_POINT ( 'NONE',  ( -0.7749999999999999112, 1.949999999999999512, 0.1000000000000000056 ) ) ;
#3644 = DIRECTION ( 'NONE',  ( 0.000000000000000000, 0.000000000000000000, -1.000000000000000000 ) ) ;
#3645 = FILL_AREA_STYLE_COLOUR ( '', #3265 ) ;
#3646 = ORIENTED_EDGE ( 'NONE', *, *, #942, .T. ) ;
#3647 =( NAMED_UNIT ( * ) SI_UNIT ( $, .STERADIAN. ) SOLID_ANGLE_UNIT ( ) );
#3648 =( NAMED_UNIT ( * ) PLANE_ANGLE_UNIT ( ) SI_UNIT ( $, .RADIAN. ) );
#3649 = VECTOR ( 'NONE', #1774, 1000.000000000000000 ) ;
#3650 = LINE ( 'NONE', #10466, #9748 ) ;
#3651 = VERTEX_POINT ( 'NONE', #709 ) ;
#3652 = FILL_AREA_STYLE ('',( #7026 ) ) ;
#3653 = CYLINDRICAL_SURFACE ( 'NONE', #5825, 0.2000000000000000389 ) ;
#3654 =( LENGTH_UNIT ( ) NAMED_UNIT ( * ) SI_UNIT ( .MILLI., .METRE. ) );
#3655 = DIRECTION ( 'NONE',  ( -1.000000000000000000, -0.000000000000000000, -0.000000000000000000 ) ) ;
#3656 = EDGE_CURVE ( 'NONE', #1641, #2005, #6547, .T. ) ;
#3657 =( NAMED_UNIT ( * ) SI_UNIT ( $, .STERADIAN. ) SOLID_ANGLE_UNIT ( ) );
#3658 = FACE_OUTER_BOUND ( 'NONE', #3927, .T. ) ;
#3659 = PRESENTATION_STYLE_ASSIGNMENT (( #4578 ) ) ;
#3660 = DIRECTION ( 'NONE',  ( 0.000000000000000000, 0.06975647374412539958, -0.9975640502598243087 ) ) ;
#3661 = VERTEX_POINT ( 'NONE', #9107 ) ;
#3662 = ORIENTED_EDGE ( 'NONE', *, *, #7726, .T. ) ;
#3663 = DIRECTION ( 'NONE',  ( 1.000000000000000000, 0.000000000000000000, 0.000000000000000000 ) ) ;
#3664 = CARTESIAN_POINT ( 'NONE',  ( -2.074999999999999734, -1.949999999999999512, 0.1000000000000000056 ) ) ;
#3665 = DIRECTION ( 'NONE',  ( 1.000000000000000000, 0.000000000000000000, 0.000000000000000000 ) ) ;
#3666 = DIRECTION ( 'NONE',  ( 1.000000000000000000, 0.000000000000000000, 0.000000000000000000 ) ) ;
#3667 = EDGE_LOOP ( 'NONE', ( #2517, #5688, #2004, #9657, #1780, #7543, #1027, #8533, #628, #2371, #6428, #8202 ) ) ;
#3668 = DIRECTION ( 'NONE',  ( -1.000000000000000000, 0.000000000000000000, -0.000000000000000000 ) ) ;
#3669 = SURFACE_STYLE_FILL_AREA ( #2833 ) ;
#3670 = EDGE_CURVE ( 'NONE', #6811, #120, #572, .T. ) ;
#3671 = CARTESIAN_POINT ( 'NONE',  ( -2.074999999999999734, -2.277216163946027105, 0.003810936464559766534 ) ) ;
#3672 = CARTESIAN_POINT ( 'NONE',  ( -0.7749999999999999112, -3.000000000000000000, -0.3995116203837655866 ) ) ;
#3673 = ORIENTED_EDGE ( 'NONE', *, *, #3427, .F. ) ;
#3674 = VECTOR ( 'NONE', #2310, 1000.000000000000114 ) ;
#3675 = EDGE_CURVE ( 'NONE', #1834, #1401, #8112, .T. ) ;
#3676 = EDGE_CURVE ( 'NONE', #8931, #7051, #581, .T. ) ;
#3677 = DIRECTION ( 'NONE',  ( 1.000000000000000000, 0.000000000000000000, 0.000000000000000000 ) ) ;
#3678 = LINE ( 'NONE', #5984, #9825 ) ;
#3679 = ORIENTED_EDGE ( 'NONE', *, *, #6764, .T. ) ;
#3680 = LINE ( 'NONE', #3522, #5981 ) ;
#3681 = FACE_OUTER_BOUND ( 'NONE', #394, .T. ) ;
#3682 = ORIENTED_EDGE ( 'NONE', *, *, #4723, .F. ) ;
#3683 = EDGE_CURVE ( 'NONE', #8519, #4732, #4769, .T. ) ;
#3684 = CARTESIAN_POINT ( 'NONE',  ( 1.175000000000000044, 2.474082528530912928, -0.3203740982435569484 ) ) ;
#3685 = DIRECTION ( 'NONE',  ( 1.000000000000000000, 0.000000000000000000, 0.000000000000000000 ) ) ;
#3686 = CIRCLE ( 'NONE', #6295, 0.09999999999999982514 ) ;
#3687 = DIRECTION ( 'NONE',  ( -0.000000000000000000, 0.000000000000000000, -1.000000000000000000 ) ) ;
#3688 = ORIENTED_EDGE ( 'NONE', *, *, #7586, .T. ) ;
#3689 = DIRECTION ( 'NONE',  ( 1.000000000000000000, 0.000000000000000000, 0.000000000000000000 ) ) ;
#3690 = FILL_AREA_STYLE_COLOUR ( '', #6017 ) ;
#3691 = DIRECTION ( 'NONE',  ( 1.000000000000000000, 0.000000000000000000, 0.000000000000000000 ) ) ;
#3692 = ORIENTED_EDGE ( 'NONE', *, *, #10674, .F. ) ;
#3693 = DIRECTION ( 'NONE',  ( 0.000000000000000000, 1.000000000000000000, 0.000000000000000000 ) ) ;
#3694 = AXIS2_PLACEMENT_3D ( 'NONE', #8358, #5864, #7571 ) ;
#3695 = LINE ( 'NONE', #352, #1161 ) ;
#3696 = CARTESIAN_POINT ( 'NONE',  ( 1.175000000000000044, -2.486996912233147228, -0.5641273295552871048 ) ) ;
#3697 = STYLED_ITEM ( 'NONE', ( #121 ), #1139 ) ;
#3698 =( GEOMETRIC_REPRESENTATION_CONTEXT ( 3 ) GLOBAL_UNCERTAINTY_ASSIGNED_CONTEXT ( ( #3229 ) ) GLOBAL_UNIT_ASSIGNED_CONTEXT ( ( #9112, #9867, #1666 ) ) REPRESENTATION_CONTEXT ( 'NONE', 'WORKASPACE' ) );
#3699 = FILL_AREA_STYLE ('',( #4530 ) ) ;
#3700 = UNCERTAINTY_MEASURE_WITH_UNIT (LENGTH_MEASURE( 1.000000000000000082E-05 ), #8400, 'distance_accuracy_value', 'NONE');
#3701 = PLANE ( 'NONE',  #10282 ) ;
#3702 = LINE ( 'NONE', #6933, #10472 ) ;
#3703 = LINE ( 'NONE', #2913, #8671 ) ;
#3704 = EDGE_CURVE ( 'NONE', #3636, #9362, #3489, .T. ) ;
#3705 =( NAMED_UNIT ( * ) PLANE_ANGLE_UNIT ( ) SI_UNIT ( $, .RADIAN. ) );
#3706 = CARTESIAN_POINT ( 'NONE',  ( 2.075000000000000178, 2.500948206981972177, -0.3646145195033222430 ) ) ;
#3707 = VECTOR ( 'NONE', #3857, 1000.000000000000000 ) ;
#3708 = VERTEX_POINT ( 'NONE', #1723 ) ;
#3709 = DIRECTION ( 'NONE',  ( 0.000000000000000000, -1.000000000000000000, 0.000000000000000000 ) ) ;
#3710 = CARTESIAN_POINT ( 'NONE',  ( 1.175000000000000044, 1.949999999999999512, 0.1000000000000000056 ) ) ;
#3711 = CARTESIAN_POINT ( 'NONE',  ( 0.5250000000000000222, -2.330000000000000071, -0.4684254559678819319 ) ) ;
#3712 = DIRECTION ( 'NONE',  ( 1.000000000000000000, 0.000000000000000000, 0.000000000000000000 ) ) ;
#3713 = VECTOR ( 'NONE', #505, 1000.000000000000114 ) ;
#3714 =( NAMED_UNIT ( * ) PLANE_ANGLE_UNIT ( ) SI_UNIT ( $, .RADIAN. ) );
#3715 = ADVANCED_FACE ( 'NONE', ( #968 ), #4309, .T. ) ;
#3716 = CARTESIAN_POINT ( 'NONE',  ( -2.449998880753507358, -1.875409738600887000, -0.1000106489190370346 ) ) ;
#3717 = PRESENTATION_LAYER_ASSIGNMENT (  '', '', ( #2003 ) ) ;
#3718 = ORIENTED_EDGE ( 'NONE', *, *, #3304, .F. ) ;
#3719 = SURFACE_SIDE_STYLE ('',( #9193 ) ) ;
#3720 =( LENGTH_UNIT ( ) NAMED_UNIT ( * ) SI_UNIT ( .MILLI., .METRE. ) );
#3721 = PRESENTATION_LAYER_ASSIGNMENT (  '', '', ( #9173 ) ) ;
#3722 = LINE ( 'NONE', #6244, #3198 ) ;
#3723 = VECTOR ( 'NONE', #6135, 1000.000000000000114 ) ;
#3724 = SURFACE_SIDE_STYLE ('',( #8737 ) ) ;
#3725 = ORIENTED_EDGE ( 'NONE', *, *, #861, .F. ) ;
#3726 =( NAMED_UNIT ( * ) PLANE_ANGLE_UNIT ( ) SI_UNIT ( $, .RADIAN. ) );
#3727 = DIRECTION ( 'NONE',  ( -1.000000000000000000, -1.215511895599726729E-15, -1.156482317317871764E-14 ) ) ;
#3728 = CARTESIAN_POINT ( 'NONE',  ( 2.335172790808107024, -1.835172790808106802, 0.4749999999999999223 ) ) ;
#3729 = EDGE_CURVE ( 'NONE', #2339, #7755, #6815, .T. ) ;
#3730 =( LENGTH_UNIT ( ) NAMED_UNIT ( * ) SI_UNIT ( .MILLI., .METRE. ) );
#3731 = VERTEX_POINT ( 'NONE', #2650 ) ;
#3732 = SURFACE_STYLE_FILL_AREA ( #8687 ) ;
#3733 = ORIENTED_EDGE ( 'NONE', *, *, #4678, .F. ) ;
#3734 = FILL_AREA_STYLE ('',( #4513 ) ) ;
#3735 = COLOUR_RGB ( '',0.8039215686274510109, 0.8039215686274510109, 0.8039215686274510109 ) ;
#3736 = ADVANCED_FACE ( 'NONE', ( #9153 ), #6605, .T. ) ;
#3737 = LINE ( 'NONE', #9572, #9530 ) ;
#3738 = STYLED_ITEM ( 'NONE', ( #3190 ), #4050 ) ;
#3739 = UNCERTAINTY_MEASURE_WITH_UNIT (LENGTH_MEASURE( 1.000000000000000082E-05 ), #1752, 'distance_accuracy_value', 'NONE');
#3740 = CARTESIAN_POINT ( 'NONE',  ( -0.5249999999999999112, -3.000000000000000000, -0.3995116203837655866 ) ) ;
#3741 = ORIENTED_EDGE ( 'NONE', *, *, #2909, .F. ) ;
#3742 = PRESENTATION_LAYER_ASSIGNMENT (  '', '', ( #7247 ) ) ;
#3743 = DIRECTION ( 'NONE',  ( 1.000000000000000000, 0.000000000000000000, 0.000000000000000000 ) ) ;
#3744 = DIRECTION ( 'NONE',  ( 0.000000000000000000, 1.000000000000000000, 0.000000000000000000 ) ) ;
#3745 = VERTEX_POINT ( 'NONE', #7552 ) ;
#3746 = SURFACE_STYLE_FILL_AREA ( #1131 ) ;
#3747 = EDGE_LOOP ( 'NONE', ( #3098, #10258, #10721, #3530 ) ) ;
#3748 = ADVANCED_FACE ( 'NONE', ( #7716 ), #3379, .T. ) ;
#3749 = MECHANICAL_DESIGN_GEOMETRIC_PRESENTATION_REPRESENTATION (  '', ( #2738 ), #9716 ) ;
#3750 = STYLED_ITEM ( 'NONE', ( #1086 ), #4959 ) ;
#3751 = PLANE ( 'NONE',  #2938 ) ;
#3752 = SURFACE_STYLE_USAGE ( .BOTH. , #6169 ) ;
#3753 = DIRECTION ( 'NONE',  ( 1.000000000000000000, 0.000000000000000000, 0.000000000000000000 ) ) ;
#3754 = FILL_AREA_STYLE_COLOUR ( '', #7257 ) ;
#3755 = STYLED_ITEM ( 'NONE', ( #5898 ), #8583 ) ;
#3756 = ORIENTED_EDGE ( 'NONE', *, *, #639, .T. ) ;
#3757 =( NAMED_UNIT ( * ) PLANE_ANGLE_UNIT ( ) SI_UNIT ( $, .RADIAN. ) );
#3758 = SURFACE_SIDE_STYLE ('',( #2105 ) ) ;
#3759 = CARTESIAN_POINT ( 'NONE',  ( -1.824999999999999734, -3.000000000000000000, -0.6000000000000000888 ) ) ;
#3760 = MECHANICAL_DESIGN_GEOMETRIC_PRESENTATION_REPRESENTATION (  '', ( #7969 ), #8152 ) ;
#3761 = CARTESIAN_POINT ( 'NONE',  ( 2.418963392251840983, -1.949760935694445418, -0.1022745449310388660 ) ) ;
#3762 = VERTEX_POINT ( 'NONE', #4248 ) ;
#3763 = COLOUR_RGB ( '',0.8039215686274510109, 0.8039215686274510109, 0.8039215686274510109 ) ;
#3764 = DIRECTION ( 'NONE',  ( 0.000000000000000000, 0.000000000000000000, -1.000000000000000000 ) ) ;
#3765 = VECTOR ( 'NONE', #686, 1000.000000000000000 ) ;
#3766 = CIRCLE ( 'NONE', #5519, 0.2000000000000000389 ) ;
#3767 = EDGE_CURVE ( 'NONE', #3896, #9104, #3435, .T. ) ;
#3768 = VECTOR ( 'NONE', #5543, 1000.000000000000000 ) ;
#3769 = VECTOR ( 'NONE', #4003, 1000.000000000000114 ) ;
#3770 = PLANE ( 'NONE',  #1165 ) ;
#3771 = FILL_AREA_STYLE ('',( #9649 ) ) ;
#3772 = SURFACE_SIDE_STYLE ('',( #6182 ) ) ;
#3773 = VECTOR ( 'NONE', #5185, 1000.000000000000000 ) ;
#3774 =( GEOMETRIC_REPRESENTATION_CONTEXT ( 3 ) GLOBAL_UNCERTAINTY_ASSIGNED_CONTEXT ( ( #7603 ) ) GLOBAL_UNIT_ASSIGNED_CONTEXT ( ( #2603, #1728, #9156 ) ) REPRESENTATION_CONTEXT ( 'NONE', 'WORKASPACE' ) );
#3775 = CARTESIAN_POINT ( 'NONE',  ( -2.074999999999999734, 3.000000000000000000, -0.3995116203837655866 ) ) ;
#3776 = ORIENTED_EDGE ( 'NONE', *, *, #2583, .F. ) ;
#3777 = PRESENTATION_LAYER_ASSIGNMENT (  '', '', ( #3955 ) ) ;
#3778 = VECTOR ( 'NONE', #6432, 1000.000000000000000 ) ;
#3779 = LINE ( 'NONE', #6496, #10451 ) ;
#3780 = DIRECTION ( 'NONE',  ( 0.000000000000000000, 0.000000000000000000, -1.000000000000000000 ) ) ;
#3781 = COLOUR_RGB ( '',0.8039215686274510109, 0.8039215686274510109, 0.8039215686274510109 ) ;
#3782 = AXIS2_PLACEMENT_3D ( 'NONE', #5837, #9196, #4295 ) ;
#3783 = EDGE_CURVE ( 'NONE', #6433, #8369, #6061, .T. ) ;
#3784 = VECTOR ( 'NONE', #8146, 1000.000000000000114 ) ;
#3785 = VECTOR ( 'NONE', #3120, 1000.000000000000000 ) ;
#3786 = VECTOR ( 'NONE', #248, 1000.000000000000000 ) ;
#3787 = STYLED_ITEM ( 'NONE', ( #3869 ), #7817 ) ;
#3788 = CARTESIAN_POINT ( 'NONE',  ( -2.074999999999999734, -2.049999999999999822, -0.1000000000000000056 ) ) ;
#3789 = ORIENTED_EDGE ( 'NONE', *, *, #3013, .F. ) ;
#3790 = EDGE_CURVE ( 'NONE', #1909, #5493, #8593, .T. ) ;
#3791 = CARTESIAN_POINT ( 'NONE',  ( -2.449999999999999289, -1.949999999999999512, -0.1000000000000000056 ) ) ;
#3792 = EDGE_LOOP ( 'NONE', ( #8410, #506, #5384, #8625 ) ) ;
#3793 = CARTESIAN_POINT ( 'NONE',  ( 1.824999999999999956, 2.106267956964054999, -0.09999999999999999167 ) ) ;
#3794 = ORIENTED_EDGE ( 'NONE', *, *, #3310, .T. ) ;
#3795 = PRESENTATION_LAYER_ASSIGNMENT (  '', '', ( #8014 ) ) ;
#3796 = PRESENTATION_STYLE_ASSIGNMENT (( #6253 ) ) ;
#3797 = PRESENTATION_STYLE_ASSIGNMENT (( #9623 ) ) ;
#3798 = FILL_AREA_STYLE_COLOUR ( '', #614 ) ;
#3799 = EDGE_LOOP ( 'NONE', ( #5980, #10224, #7, #4011 ) ) ;
#3800 = CARTESIAN_POINT ( 'NONE',  ( -0.7749999999999999112, -2.106267956964054999, -0.09999999999999999167 ) ) ;
#3801 = MECHANICAL_DESIGN_GEOMETRIC_PRESENTATION_REPRESENTATION (  '', ( #2448 ), #482 ) ;
#3802 = CARTESIAN_POINT ( 'NONE',  ( 1.824999999999999956, -3.000000000000000000, -0.6000000000000000888 ) ) ;
#3803 = VERTEX_POINT ( 'NONE', #7768 ) ;
#3804 = AXIS2_PLACEMENT_3D ( 'NONE', #2091, #9471, #9364 ) ;
#3805 = CARTESIAN_POINT ( 'NONE',  ( 1.824999999999999956, -2.559556632021898537, -0.2684686300112771873 ) ) ;
#3807 = DIRECTION ( 'NONE',  ( 0.000000000000000000, -0.5190546823227978335, 0.8547410349098604199 ) ) ;
#3806 = CARTESIAN_POINT ( 'NONE',  ( 2.449998880753506914, 1.875409738600888332, 0.1000106489190370346 ) ) ;
#3808 = CARTESIAN_POINT ( 'NONE',  ( 1.824999999999999956, 1.949999999999999512, -0.1000000000000000056 ) ) ;
#3809 = EDGE_CURVE ( 'NONE', #8952, #1340, #9427, .T. ) ;
#3810 = DIRECTION ( 'NONE',  ( 0.000000000000000000, 0.000000000000000000, 1.000000000000000000 ) ) ;
#3811 = FILL_AREA_STYLE ('',( #8099 ) ) ;
#3812 = UNCERTAINTY_MEASURE_WITH_UNIT (LENGTH_MEASURE( 1.000000000000000082E-05 ), #7031, 'distance_accuracy_value', 'NONE');
#3813 = PRESENTATION_STYLE_ASSIGNMENT (( #3752 ) ) ;
#3814 = DIRECTION ( 'NONE',  ( -0.000000000000000000, -1.000000000000000000, 0.000000000000000000 ) ) ;
#3815 = DIRECTION ( 'NONE',  ( 0.000000000000000000, 0.000000000000000000, -1.000000000000000000 ) ) ;
#3816 = ADVANCED_FACE ( 'NONE', ( #2752 ), #10655, .T. ) ;
#3817 = VECTOR ( 'NONE', #4683, 1000.000000000000000 ) ;
#3818 = PRESENTATION_STYLE_ASSIGNMENT (( #1144 ) ) ;
#3819 = DIRECTION ( 'NONE',  ( -1.000000000000000000, -0.000000000000000000, -0.000000000000000000 ) ) ;
#3820 = PLANE ( 'NONE',  #1905 ) ;
#3821 = CARTESIAN_POINT ( 'NONE',  ( 2.375409738600888332, -1.949998880753507802, -0.1000106489190372011 ) ) ;
#3822 = VERTEX_POINT ( 'NONE', #5637 ) ;
#3823 = DIRECTION ( 'NONE',  ( 0.000000000000000000, -0.000000000000000000, -1.000000000000000000 ) ) ;
#3824 = FACE_OUTER_BOUND ( 'NONE', #7658, .T. ) ;
#3825 = COLOUR_RGB ( '',0.8039215686274510109, 0.8039215686274510109, 0.8039215686274510109 ) ;
#3826 = LINE ( 'NONE', #10325, #7241 ) ;
#3827 = LINE ( 'NONE', #423, #10454 ) ;
#3828 = CARTESIAN_POINT ( 'NONE',  ( -0.7749999999999999112, -2.277216163946027105, 0.003810936464559766534 ) ) ;
#3829 = CARTESIAN_POINT ( 'NONE',  ( -0.1249999999999998890, 1.949999999999999512, 0.1000000000000000056 ) ) ;
#3830 = CARTESIAN_POINT ( 'NONE',  ( 0.1250000000000001110, 2.486996912233147228, -0.5641273295552871048 ) ) ;
#3831 = ORIENTED_EDGE ( 'NONE', *, *, #815, .T. ) ;
#3832 = VERTEX_POINT ( 'NONE', #1501 ) ;
#3833 = FILL_AREA_STYLE ('',( #7449 ) ) ;
#3834 = STYLED_ITEM ( 'NONE', ( #1419 ), #4 ) ;
#3835 = CARTESIAN_POINT ( 'NONE',  ( -0.1249999999999998890, -2.049999999999999822, -0.1000000000000000056 ) ) ;
#3836 = DIRECTION ( 'NONE',  ( -1.000000000000000000, 0.000000000000000000, -0.000000000000000000 ) ) ;
#3837 = ORIENTED_EDGE ( 'NONE', *, *, #4858, .T. ) ;
#3838 = DIRECTION ( 'NONE',  ( 0.000000000000000000, -0.000000000000000000, -1.000000000000000000 ) ) ;
#3839 = DIRECTION ( 'NONE',  ( 0.000000000000000000, -1.000000000000000000, 0.000000000000000000 ) ) ;
#3840 = DIRECTION ( 'NONE',  ( -1.000000000000000000, -5.814262726159606044E-15, 0.000000000000000000 ) ) ;
#3841 = ORIENTED_EDGE ( 'NONE', *, *, #9522, .F. ) ;
#3842 = DIRECTION ( 'NONE',  ( 1.000000000000000000, 0.000000000000000000, 0.000000000000000000 ) ) ;
#3843 = ADVANCED_FACE ( 'NONE', ( #3999 ), #9871, .F. ) ;
#3844 = DIRECTION ( 'NONE',  ( 1.000000000000000000, 0.000000000000000000, 0.000000000000000000 ) ) ;
#3845 = CARTESIAN_POINT ( 'NONE',  ( 2.409761932960727382, -1.835172790808106802, 0.4828396347450739090 ) ) ;
#3846 = CARTESIAN_POINT ( 'NONE',  ( 2.449998880753507358, -1.875409738600887222, 0.1000106489190369929 ) ) ;
#3847 = EDGE_CURVE ( 'NONE', #8017, #152, #2445, .T. ) ;
#3848 = FACE_OUTER_BOUND ( 'NONE', #7698, .T. ) ;
#3849 = UNCERTAINTY_MEASURE_WITH_UNIT (LENGTH_MEASURE( 1.000000000000000082E-05 ), #10834, 'distance_accuracy_value', 'NONE');
#3850 =( NAMED_UNIT ( * ) SI_UNIT ( $, .STERADIAN. ) SOLID_ANGLE_UNIT ( ) );
#3851 = EDGE_LOOP ( 'NONE', ( #6288, #8416, #5950, #338 ) ) ;
#3852 = SURFACE_STYLE_USAGE ( .BOTH. , #9028 ) ;
#3853 = EDGE_LOOP ( 'NONE', ( #4593, #8733, #5045, #9775 ) ) ;
#3854 = SURFACE_STYLE_USAGE ( .BOTH. , #9902 ) ;
#3855 = ORIENTED_EDGE ( 'NONE', *, *, #2286, .T. ) ;
#3856 = ADVANCED_FACE ( 'NONE', ( #6332 ), #9541, .T. ) ;
#3858 =( LENGTH_UNIT ( ) NAMED_UNIT ( * ) SI_UNIT ( .MILLI., .METRE. ) );
#3857 = DIRECTION ( 'NONE',  ( 1.000000000000000000, 0.000000000000000000, 0.000000000000000000 ) ) ;
#3859 = MECHANICAL_DESIGN_GEOMETRIC_PRESENTATION_REPRESENTATION (  '', ( #4037 ), #8428 ) ;
#3860 = EDGE_LOOP ( 'NONE', ( #1373, #3467, #9121, #855, #1760, #3, #1129, #2527, #5110, #10275, #4985, #821 ) ) ;
#3861 = LINE ( 'NONE', #9099, #6229 ) ;
#3862 = FILL_AREA_STYLE_COLOUR ( '', #8037 ) ;
#3863 = SURFACE_SIDE_STYLE ('',( #3077 ) ) ;
#3864 = DIRECTION ( 'NONE',  ( 0.000000000000000000, -0.9975640502598241977, 0.06975647374412535795 ) ) ;
#3865 = CARTESIAN_POINT ( 'NONE',  ( 2.335172790808107024, -1.949999999999999512, -0.4749999999999999223 ) ) ;
#3866 = STYLED_ITEM ( 'NONE', ( #4007 ), #9947 ) ;
#3867 = LINE ( 'NONE', #6322, #1335 ) ;
#3868 = LINE ( 'NONE', #10791, #5656 ) ;
#3869 = PRESENTATION_STYLE_ASSIGNMENT (( #9697 ) ) ;
#3870 = EDGE_LOOP ( 'NONE', ( #7877, #990, #10343, #4077 ) ) ;
#3871 = FILL_AREA_STYLE_COLOUR ( '', #1405 ) ;
#3872 = CIRCLE ( 'NONE', #9847, 0.2000000000000000389 ) ;
#3873 = EDGE_CURVE ( 'NONE', #2299, #10273, #9647, .T. ) ;
#3874 = DIRECTION ( 'NONE',  ( 0.000000000000000000, 0.5190546823227979445, 0.8547410349098604199 ) ) ;
#3875 =( LENGTH_UNIT ( ) NAMED_UNIT ( * ) SI_UNIT ( .MILLI., .METRE. ) );
#3876 = EDGE_CURVE ( 'NONE', #7695, #5376, #2053, .T. ) ;
#3877 = FACE_OUTER_BOUND ( 'NONE', #10691, .T. ) ;
#3878 = DIRECTION ( 'NONE',  ( 1.000000000000000000, 0.000000000000000000, 0.000000000000000000 ) ) ;
#3879 =( NAMED_UNIT ( * ) SI_UNIT ( $, .STERADIAN. ) SOLID_ANGLE_UNIT ( ) );
#3880 = AXIS2_PLACEMENT_3D ( 'NONE', #4026, #2198, #1423 ) ;
#3881 = CARTESIAN_POINT ( 'NONE',  ( 1.175000000000000044, -2.277216163946027105, 0.003810936464559766534 ) ) ;
#3882 = ADVANCED_FACE ( 'NONE', ( #2984 ), #5302, .T. ) ;
#3883 = EDGE_LOOP ( 'NONE', ( #494, #7498, #3162, #4662 ) ) ;
#3884 = CARTESIAN_POINT ( 'NONE',  ( -0.1249999999999998890, 2.049999999999999822, -0.1000000000000000056 ) ) ;
#3885 = VERTEX_POINT ( 'NONE', #3036 ) ;
#3886 = ORIENTED_EDGE ( 'NONE', *, *, #9406, .F. ) ;
#3887 = CARTESIAN_POINT ( 'NONE',  ( 1.425000000000000044, 2.559556632021898537, -0.2684686300112771873 ) ) ;
#3888 = MECHANICAL_DESIGN_GEOMETRIC_PRESENTATION_REPRESENTATION (  '', ( #6795 ), #9503 ) ;
#3889 = STYLED_ITEM ( 'NONE', ( #9299 ), #10702 ) ;
#3890 = DIRECTION ( 'NONE',  ( 0.000000000000000000, 0.000000000000000000, -1.000000000000000000 ) ) ;
#3891 = CARTESIAN_POINT ( 'NONE',  ( 2.409761932960727382, 1.835172790808107690, 0.4828396347450739090 ) ) ;
#3892 = SPHERICAL_SURFACE ( 'NONE', #3387, 0.07499999999999999722 ) ;
#3893 =( NAMED_UNIT ( * ) PLANE_ANGLE_UNIT ( ) SI_UNIT ( $, .RADIAN. ) );
#3894 = ORIENTED_EDGE ( 'NONE', *, *, #2754, .F. ) ;
#3895 = PRESENTATION_LAYER_ASSIGNMENT (  '', '', ( #9348 ) ) ;
#3896 = VERTEX_POINT ( 'NONE', #1157 ) ;
#3897 = VECTOR ( 'NONE', #3254, 1000.000000000000114 ) ;
#3898 = AXIS2_PLACEMENT_3D ( 'NONE', #9842, #6369, #7196 ) ;
#3899 = FILL_AREA_STYLE_COLOUR ( '', #3189 ) ;
#3900 = SURFACE_STYLE_FILL_AREA ( #9837 ) ;
#3901 = SURFACE_STYLE_FILL_AREA ( #9624 ) ;
#3902 = COLOUR_RGB ( '',0.8039215686274510109, 0.8039215686274510109, 0.8039215686274510109 ) ;
#3903 = EDGE_CURVE ( 'NONE', #2073, #10289, #10406, .T. ) ;
#3904 = VERTEX_POINT ( 'NONE', #6283 ) ;
#3905 = ORIENTED_EDGE ( 'NONE', *, *, #7657, .T. ) ;
#3906 = DIRECTION ( 'NONE',  ( -1.000000000000000000, 0.000000000000000000, 0.000000000000000000 ) ) ;
#3907 = ORIENTED_EDGE ( 'NONE', *, *, #4887, .T. ) ;
#3908 = CARTESIAN_POINT ( 'NONE',  ( -2.000000000000000000, -1.324999999999999512, -0.4499999999999999556 ) ) ;
#3910 = LINE ( 'NONE', #2362, #374 ) ;
#3909 = LINE ( 'NONE', #8975, #1464 ) ;
#3911 = EDGE_LOOP ( 'NONE', ( #8368, #8435, #1676, #1652 ) ) ;
#3912 = AXIS2_PLACEMENT_3D ( 'NONE', #5329, #2092, #3644 ) ;
#3913 = VECTOR ( 'NONE', #5430, 1000.000000000000000 ) ;
#3914 = CARTESIAN_POINT ( 'NONE',  ( -1.174999999999999822, 2.486996912233147228, -0.5641273295552871048 ) ) ;
#3915 = VECTOR ( 'NONE', #9032, 1000.000000000000000 ) ;
#3916 = CIRCLE ( 'NONE', #2023, 0.2000000000000000389 ) ;
#3917 = ORIENTED_EDGE ( 'NONE', *, *, #7971, .T. ) ;
#3918 = SURFACE_STYLE_FILL_AREA ( #6597 ) ;
#3919 =( LENGTH_UNIT ( ) NAMED_UNIT ( * ) SI_UNIT ( .MILLI., .METRE. ) );
#3920 = CARTESIAN_POINT ( 'NONE',  ( -1.424999999999999822, 3.000000000000000000, -0.6000000000000000888 ) ) ;
#3921 = COLOUR_RGB ( '',0.8039215686274510109, 0.8039215686274510109, 0.8039215686274510109 ) ;
#3922 = EDGE_CURVE ( 'NONE', #6991, #10331, #6986, .T. ) ;
#3923 =( GEOMETRIC_REPRESENTATION_CONTEXT ( 3 ) GLOBAL_UNCERTAINTY_ASSIGNED_CONTEXT ( ( #3500 ) ) GLOBAL_UNIT_ASSIGNED_CONTEXT ( ( #2907, #5442, #471 ) ) REPRESENTATION_CONTEXT ( 'NONE', 'WORKASPACE' ) );
#3924 = LINE ( 'NONE', #8158, #10637 ) ;
#3925 = FACE_OUTER_BOUND ( 'NONE', #1411, .T. ) ;
#3926 = DIRECTION ( 'NONE',  ( -1.000000000000000000, -0.000000000000000000, -0.000000000000000000 ) ) ;
#3927 = EDGE_LOOP ( 'NONE', ( #5620, #9091, #9799 ) ) ;
#3928 = EDGE_CURVE ( 'NONE', #2678, #224, #6874, .T. ) ;
#3929 = VECTOR ( 'NONE', #7168, 1000.000000000000000 ) ;
#3930 =( LENGTH_UNIT ( ) NAMED_UNIT ( * ) SI_UNIT ( .MILLI., .METRE. ) );
#3931 = ORIENTED_EDGE ( 'NONE', *, *, #4642, .T. ) ;
#3932 = FILL_AREA_STYLE ('',( #2159 ) ) ;
#3933 = PLANE ( 'NONE',  #8094 ) ;
#3934 = FILL_AREA_STYLE_COLOUR ( '', #2249 ) ;
#3935 = MECHANICAL_DESIGN_GEOMETRIC_PRESENTATION_REPRESENTATION (  '', ( #2570 ), #8147 ) ;
#3936 = FILL_AREA_STYLE_COLOUR ( '', #6352 ) ;
#3937 = STYLED_ITEM ( 'NONE', ( #4748 ), #6970 ) ;
#3938 =( NAMED_UNIT ( * ) SI_UNIT ( $, .STERADIAN. ) SOLID_ANGLE_UNIT ( ) );
#3939 = SURFACE_STYLE_USAGE ( .BOTH. , #2333 ) ;
#3940 = MECHANICAL_DESIGN_GEOMETRIC_PRESENTATION_REPRESENTATION (  '', ( #9735 ), #807 ) ;
#3941 = FILL_AREA_STYLE_COLOUR ( '', #1691 ) ;
#3942 = VERTEX_POINT ( 'NONE', #2827 ) ;
#3943 = AXIS2_PLACEMENT_3D ( 'NONE', #8636, #4781, #9841 ) ;
#3944 = ORIENTED_EDGE ( 'NONE', *, *, #9170, .T. ) ;
#3945 =( GEOMETRIC_REPRESENTATION_CONTEXT ( 3 ) GLOBAL_UNCERTAINTY_ASSIGNED_CONTEXT ( ( #7710 ) ) GLOBAL_UNIT_ASSIGNED_CONTEXT ( ( #7416, #2630, #8252 ) ) REPRESENTATION_CONTEXT ( 'NONE', 'WORKASPACE' ) );
#3946 = ORIENTED_EDGE ( 'NONE', *, *, #7611, .T. ) ;
#3947 = AXIS2_PLACEMENT_3D ( 'NONE', #2552, #3457, #5044 ) ;
#3948 = MECHANICAL_DESIGN_GEOMETRIC_PRESENTATION_REPRESENTATION (  '', ( #7808 ), #4649 ) ;
#3949 = ORIENTED_EDGE ( 'NONE', *, *, #9856, .F. ) ;
#3950 = LINE ( 'NONE', #8069, #4747 ) ;
#3951 = PRESENTATION_LAYER_ASSIGNMENT (  '', '', ( #10787 ) ) ;
#3952 =( NAMED_UNIT ( * ) SI_UNIT ( $, .STERADIAN. ) SOLID_ANGLE_UNIT ( ) );
#3953 = STYLED_ITEM ( 'NONE', ( #4386 ), #8910 ) ;
#3954 = DIRECTION ( 'NONE',  ( 1.000000000000000000, 0.000000000000000000, 0.000000000000000000 ) ) ;
#3955 = STYLED_ITEM ( 'NONE', ( #9273 ), #5835 ) ;
#3956 = PRESENTATION_LAYER_ASSIGNMENT (  '', '', ( #9931 ) ) ;
#3957 = CARTESIAN_POINT ( 'NONE',  ( -2.140172790808107628, -1.445172790808107122, 0.5399999999999999245 ) ) ;
#3958 =( GEOMETRIC_REPRESENTATION_CONTEXT ( 3 ) GLOBAL_UNCERTAINTY_ASSIGNED_CONTEXT ( ( #9790 ) ) GLOBAL_UNIT_ASSIGNED_CONTEXT ( ( #7865, #5472, #4657 ) ) REPRESENTATION_CONTEXT ( 'NONE', 'WORKASPACE' ) );
#3959 = EDGE_CURVE ( 'NONE', #3174, #1193, #5461, .T. ) ;
#3960 = ORIENTED_EDGE ( 'NONE', *, *, #6225, .F. ) ;
#3961 =( NAMED_UNIT ( * ) PLANE_ANGLE_UNIT ( ) SI_UNIT ( $, .RADIAN. ) );
#3962 = VERTEX_POINT ( 'NONE', #3710 ) ;
#3963 = AXIS2_PLACEMENT_3D ( 'NONE', #8278, #9690, #9747 ) ;
#3964 = FACE_OUTER_BOUND ( 'NONE', #5762, .T. ) ;
#3965 = PRESENTATION_LAYER_ASSIGNMENT (  '', '', ( #8539 ) ) ;
#3966 = CIRCLE ( 'NONE', #9585, 0.07499999999999998335 ) ;
#3967 = FACE_OUTER_BOUND ( 'NONE', #3870, .T. ) ;
#3968 = AXIS2_PLACEMENT_3D ( 'NONE', #4170, #8029, #10808 ) ;
#3969 = UNCERTAINTY_MEASURE_WITH_UNIT (LENGTH_MEASURE( 1.000000000000000082E-05 ), #1754, 'distance_accuracy_value', 'NONE');
#3970 = VERTEX_POINT ( 'NONE', #10426 ) ;
#3971 = FILL_AREA_STYLE_COLOUR ( '', #4991 ) ;
#3972 =( BOUNDED_CURVE ( )  B_SPLINE_CURVE ( 3, ( #3307, #5869, #9077, #8307 ),
 .UNSPECIFIED., .F., .T. ) 
 B_SPLINE_CURVE_WITH_KNOTS ( ( 4, 4 ),
 ( 3.136129445068236876, 3.141592653589793116 ),
 .UNSPECIFIED. ) 
 CURVE ( )  GEOMETRIC_REPRESENTATION_ITEM ( )  RATIONAL_B_SPLINE_CURVE ( ( 1.000000000000000000, 0.9999975127809339615, 0.9999975127809339615, 1.000000000000000000 ) ) 
 REPRESENTATION_ITEM ( '' )  );
#3973 = STYLED_ITEM ( 'NONE', ( #1929 ), #4380 ) ;
#3974 = MECHANICAL_DESIGN_GEOMETRIC_PRESENTATION_REPRESENTATION (  '', ( #7304 ), #9762 ) ;
#3975 = CARTESIAN_POINT ( 'NONE',  ( -2.449999999999999289, -1.874999999999999556, -0.1000000000000000056 ) ) ;
#3976 = CARTESIAN_POINT ( 'NONE',  ( -2.375409738600888332, 1.949998880753508690, 0.1000106489190370901 ) ) ;
#3977 = ORIENTED_EDGE ( 'NONE', *, *, #2905, .T. ) ;
#3978 = PRESENTATION_LAYER_ASSIGNMENT (  '', '', ( #3456 ) ) ;
#3979 = DIRECTION ( 'NONE',  ( 1.000000000000000000, 0.000000000000000000, 0.000000000000000000 ) ) ;
#3980 = ORIENTED_EDGE ( 'NONE', *, *, #3235, .F. ) ;
#3981 = CIRCLE ( 'NONE', #2627, 0.1000000000000000194 ) ;
#3982 = FACE_OUTER_BOUND ( 'NONE', #60, .T. ) ;
#3983 = DIRECTION ( 'NONE',  ( 1.000000000000000000, 0.000000000000000000, 0.000000000000000000 ) ) ;
#3984 = UNCERTAINTY_MEASURE_WITH_UNIT (LENGTH_MEASURE( 1.000000000000000082E-05 ), #10477, 'distance_accuracy_value', 'NONE');
#3985 = ORIENTED_EDGE ( 'NONE', *, *, #5414, .T. ) ;
#3986 = MECHANICAL_DESIGN_GEOMETRIC_PRESENTATION_REPRESENTATION (  '', ( #1390 ), #673 ) ;
#3987 = DIRECTION ( 'NONE',  ( 0.000000000000000000, 0.5190546823227978335, 0.8547410349098604199 ) ) ;
#3988 = PLANE ( 'NONE',  #4458 ) ;
#3989 =( NAMED_UNIT ( * ) SI_UNIT ( $, .STERADIAN. ) SOLID_ANGLE_UNIT ( ) );
#3990 = ORIENTED_EDGE ( 'NONE', *, *, #4833, .F. ) ;
#3991 = VECTOR ( 'NONE', #7218, 1000.000000000000227 ) ;
#3992 = DIRECTION ( 'NONE',  ( 1.000000000000000000, 0.000000000000000000, 0.000000000000000000 ) ) ;
#3993 = EDGE_CURVE ( 'NONE', #1282, #10219, #3069, .T. ) ;
#3994 = VERTEX_POINT ( 'NONE', #5411 ) ;
#3995 = PRESENTATION_STYLE_ASSIGNMENT (( #2112 ) ) ;
#3996 = EDGE_CURVE ( 'NONE', #7425, #8931, #3826, .T. ) ;
#3997 = CARTESIAN_POINT ( 'NONE',  ( 0.5250000000000000222, 1.949999999999999512, 0.1000000000000000056 ) ) ;
#3998 =( NAMED_UNIT ( * ) SI_UNIT ( $, .STERADIAN. ) SOLID_ANGLE_UNIT ( ) );
#3999 = FACE_OUTER_BOUND ( 'NONE', #4664, .T. ) ;
#4000 = CARTESIAN_POINT ( 'NONE',  ( 1.175000000000000044, -2.474082528530912928, -0.3203740982435569484 ) ) ;
#4001 = SURFACE_STYLE_FILL_AREA ( #2497 ) ;
#4002 = ORIENTED_EDGE ( 'NONE', *, *, #1946, .F. ) ;
#4003 = DIRECTION ( 'NONE',  ( 0.000000000000000000, -0.5190546823227978335, 0.8547410349098604199 ) ) ;
#4004 = ORIENTED_EDGE ( 'NONE', *, *, #7831, .F. ) ;
#4005 = DIRECTION ( 'NONE',  ( 1.000000000000000000, 0.000000000000000000, 0.000000000000000000 ) ) ;
#4006 = ORIENTED_EDGE ( 'NONE', *, *, #9759, .T. ) ;
#4007 = PRESENTATION_STYLE_ASSIGNMENT (( #5540 ) ) ;
#4008 =( NAMED_UNIT ( * ) SI_UNIT ( $, .STERADIAN. ) SOLID_ANGLE_UNIT ( ) );
#4009 = DIRECTION ( 'NONE',  ( 1.000000000000000000, -0.000000000000000000, 0.000000000000000000 ) ) ;
#4010 = FILL_AREA_STYLE_COLOUR ( '', #7936 ) ;
#4011 = ORIENTED_EDGE ( 'NONE', *, *, #917, .T. ) ;
#4012 =( LENGTH_UNIT ( ) NAMED_UNIT ( * ) SI_UNIT ( .MILLI., .METRE. ) );
#4013 = VERTEX_POINT ( 'NONE', #8010 ) ;
#4014 = DIRECTION ( 'NONE',  ( -1.000000000000000000, -5.814262726159606044E-15, 0.000000000000000000 ) ) ;
#4015 = EDGE_CURVE ( 'NONE', #4772, #120, #1321, .T. ) ;
#4016 = ADVANCED_FACE ( 'NONE', ( #4586 ), #7943, .T. ) ;
#4017 = SURFACE_SIDE_STYLE ('',( #7534 ) ) ;
#4018 = ORIENTED_EDGE ( 'NONE', *, *, #10815, .T. ) ;
#4019 = CARTESIAN_POINT ( 'NONE',  ( 1.175000000000000044, -2.049999999999999822, -0.1000000000000000056 ) ) ;
#4020 = DIRECTION ( 'NONE',  ( 1.000000000000000000, 0.000000000000000000, 0.000000000000000000 ) ) ;
#4021 = CARTESIAN_POINT ( 'NONE',  ( 2.449999626916907314, -1.875273160256224481, -0.1000035496485075504 ) ) ;
#4022 = FACE_OUTER_BOUND ( 'NONE', #6146, .T. ) ;
#4023 = ORIENTED_EDGE ( 'NONE', *, *, #6594, .T. ) ;
#4024 = LINE ( 'NONE', #7374, #4885 ) ;
#4026 = CARTESIAN_POINT ( 'NONE',  ( -0.1249999999999998890, -2.049999999999999822, -0.2000000000000000111 ) ) ;
#4025 = DIRECTION ( 'NONE',  ( 0.000000000000000000, 0.000000000000000000, 1.000000000000000000 ) ) ;
#4027 = ORIENTED_EDGE ( 'NONE', *, *, #4719, .F. ) ;
#4028 = ADVANCED_FACE ( 'NONE', ( #3877 ), #8174, .T. ) ;
#4029 = DIRECTION ( 'NONE',  ( 1.000000000000000000, 0.000000000000000000, 0.000000000000000000 ) ) ;
#4030 = ORIENTED_EDGE ( 'NONE', *, *, #9691, .T. ) ;
#4031 = DIRECTION ( 'NONE',  ( 0.1039620511844979167, -0.1039620511844979583, -0.9891328443778538704 ) ) ;
#4032 = DIRECTION ( 'NONE',  ( 0.000000000000000000, 0.000000000000000000, -1.000000000000000000 ) ) ;
#4033 = VERTEX_POINT ( 'NONE', #3997 ) ;
#4034 = PLANE ( 'NONE',  #7480 ) ;
#4035 = LINE ( 'NONE', #6384, #6755 ) ;
#4036 = DIRECTION ( 'NONE',  ( 1.000000000000000000, 0.000000000000000000, -0.000000000000000000 ) ) ;
#4037 = STYLED_ITEM ( 'NONE', ( #7869 ), #260 ) ;
#4038 = CARTESIAN_POINT ( 'NONE',  ( -0.5249999999999999112, -3.000000000000000000, -0.6000000000000000888 ) ) ;
#4039 = DIRECTION ( 'NONE',  ( 0.1039620511844983192, 0.1039620511844987494, 0.9891328443778538704 ) ) ;
#4040 =( GEOMETRIC_REPRESENTATION_CONTEXT ( 3 ) GLOBAL_UNCERTAINTY_ASSIGNED_CONTEXT ( ( #2590 ) ) GLOBAL_UNIT_ASSIGNED_CONTEXT ( ( #10828, #8313, #1853 ) ) REPRESENTATION_CONTEXT ( 'NONE', 'WORKASPACE' ) );
#4041 = CARTESIAN_POINT ( 'NONE',  ( 2.449999999999998845, 1.909761932960728270, -0.4828396347450740200 ) ) ;
#4042 = SURFACE_STYLE_USAGE ( .BOTH. , #4867 ) ;
#4043 = FILL_AREA_STYLE ('',( #714 ) ) ;
#4044 = DIRECTION ( 'NONE',  ( 0.000000000000000000, -1.000000000000000000, -8.672620682681688006E-17 ) ) ;
#4045 = FILL_AREA_STYLE ('',( #716 ) ) ;
#4046 = COLOUR_RGB ( '',0.8039215686274510109, 0.8039215686274510109, 0.8039215686274510109 ) ;
#4047 = UNCERTAINTY_MEASURE_WITH_UNIT (LENGTH_MEASURE( 1.000000000000000082E-05 ), #8078, 'distance_accuracy_value', 'NONE');
#4048 = SURFACE_STYLE_FILL_AREA ( #1446 ) ;
#4049 = SURFACE_STYLE_USAGE ( .BOTH. , #3193 ) ;
#4050 = ADVANCED_FACE ( 'NONE', ( #4753 ), #8287, .F. ) ;
#4051 = ORIENTED_EDGE ( 'NONE', *, *, #6837, .T. ) ;
#4052 = PLANE ( 'NONE',  #2601 ) ;
#4053 = EDGE_LOOP ( 'NONE', ( #8589, #8191 ) ) ;
#4054 = SURFACE_STYLE_FILL_AREA ( #3100 ) ;
#4055 = AXIS2_PLACEMENT_3D ( 'NONE', #4637, #661, #8943 ) ;
#4056 = ORIENTED_EDGE ( 'NONE', *, *, #2823, .T. ) ;
#4057 = STYLED_ITEM ( 'NONE', ( #2888 ), #1138 ) ;
#4058 = EDGE_CURVE ( 'NONE', #1276, #810, #6612, .T. ) ;
#4059 = PRESENTATION_LAYER_ASSIGNMENT (  '', '', ( #7739 ) ) ;
#4060 = DIRECTION ( 'NONE',  ( 0.1039620511844979445, 0.1039620511844979445, -0.9891328443778538704 ) ) ;
#4061 = ORIENTED_EDGE ( 'NONE', *, *, #6217, .T. ) ;
#4062 = EDGE_CURVE ( 'NONE', #6448, #3055, #8894, .T. ) ;
#4063 = ORIENTED_EDGE ( 'NONE', *, *, #5055, .F. ) ;
#4064 = LINE ( 'NONE', #1805, #9917 ) ;
#4065 = UNCERTAINTY_MEASURE_WITH_UNIT (LENGTH_MEASURE( 1.000000000000000082E-05 ), #7878, 'distance_accuracy_value', 'NONE');
#4066 = LINE ( 'NONE', #6786, #3785 ) ;
#4067 =( NAMED_UNIT ( * ) SI_UNIT ( $, .STERADIAN. ) SOLID_ANGLE_UNIT ( ) );
#4068 = VERTEX_POINT ( 'NONE', #537 ) ;
#4069 = DIRECTION ( 'NONE',  ( 0.000000000000000000, -0.000000000000000000, 1.000000000000000000 ) ) ;
#4070 = PRESENTATION_STYLE_ASSIGNMENT (( #8262 ) ) ;
#4071 = AXIS2_PLACEMENT_3D ( 'NONE', #8426, #6850, #7541 ) ;
#4072 = LINE ( 'NONE', #1589, #3019 ) ;
#4073 = CARTESIAN_POINT ( 'NONE',  ( -2.449999999999999289, -1.874999999999999556, -0.1000000000000000056 ) ) ;
#4074 = ORIENTED_EDGE ( 'NONE', *, *, #4725, .T. ) ;
#4075 = LINE ( 'NONE', #801, #6627 ) ;
#4076 = FILL_AREA_STYLE ('',( #4193 ) ) ;
#4077 = ORIENTED_EDGE ( 'NONE', *, *, #8134, .T. ) ;
#4078 = PRESENTATION_LAYER_ASSIGNMENT (  '', '', ( #1016 ) ) ;
#4079 =( LENGTH_UNIT ( ) NAMED_UNIT ( * ) SI_UNIT ( .MILLI., .METRE. ) );
#4080 = CARTESIAN_POINT ( 'NONE',  ( -0.7749999999999999112, 3.000000000000000000, -0.3995116203837655866 ) ) ;
#4081 =( LENGTH_UNIT ( ) NAMED_UNIT ( * ) SI_UNIT ( .MILLI., .METRE. ) );
#4082 = CIRCLE ( 'NONE', #9510, 0.07499999999999980294 ) ;
#4083 = LINE ( 'NONE', #1597, #8402 ) ;
#4084 = UNCERTAINTY_MEASURE_WITH_UNIT (LENGTH_MEASURE( 1.000000000000000082E-05 ), #5500, 'distance_accuracy_value', 'NONE');
#4085 = ORIENTED_EDGE ( 'NONE', *, *, #5282, .F. ) ;
#4086 = CARTESIAN_POINT ( 'NONE',  ( -1.174999999999999822, -2.277216163946027105, 0.003810936464559820311 ) ) ;
#4088 = EDGE_CURVE ( 'NONE', #9385, #4340, #2283, .T. ) ;
#4087 = AXIS2_PLACEMENT_3D ( 'NONE', #2562, #4009, #1575 ) ;
#4089 =( NAMED_UNIT ( * ) PLANE_ANGLE_UNIT ( ) SI_UNIT ( $, .RADIAN. ) );
#4090 = STYLED_ITEM ( 'NONE', ( #2586 ), #1583 ) ;
#4091 = DIRECTION ( 'NONE',  ( 0.000000000000000000, -0.06975647374412539958, -0.9975640502598243087 ) ) ;
#4092 = CARTESIAN_POINT ( 'NONE',  ( 2.075000000000000178, -2.106267956964054999, -0.09999999999999999167 ) ) ;
#4093 = VECTOR ( 'NONE', #8832, 1000.000000000000000 ) ;
#4094 = EDGE_CURVE ( 'NONE', #8926, #8519, #9162, .T. ) ;
#4095 = LINE ( 'NONE', #8886, #8676 ) ;
#4096 = ORIENTED_EDGE ( 'NONE', *, *, #10205, .F. ) ;
#4097 = CARTESIAN_POINT ( 'NONE',  ( -1.424999999999999822, 3.000000000000000000, -0.3995116203837655866 ) ) ;
#4098 = PRESENTATION_LAYER_ASSIGNMENT (  '', '', ( #9893 ) ) ;
#4099 =( GEOMETRIC_REPRESENTATION_CONTEXT ( 3 ) GLOBAL_UNCERTAINTY_ASSIGNED_CONTEXT ( ( #92 ) ) GLOBAL_UNIT_ASSIGNED_CONTEXT ( ( #5177, #3338, #10746 ) ) REPRESENTATION_CONTEXT ( 'NONE', 'WORKASPACE' ) );
#4100 = CARTESIAN_POINT ( 'NONE',  ( -0.1249999999999998890, -2.277216163946027105, 0.003810936464559820311 ) ) ;
#4101 = AXIS2_PLACEMENT_3D ( 'NONE', #8150, #2426, #4195 ) ;
#4102 = CARTESIAN_POINT ( 'NONE',  ( -0.7749999999999999112, 3.000000000000000000, -0.3995116203837655866 ) ) ;
#4103 =( GEOMETRIC_REPRESENTATION_CONTEXT ( 3 ) GLOBAL_UNCERTAINTY_ASSIGNED_CONTEXT ( ( #9436 ) ) GLOBAL_UNIT_ASSIGNED_CONTEXT ( ( #7854, #1999, #1563 ) ) REPRESENTATION_CONTEXT ( 'NONE', 'WORKASPACE' ) );
#4104 = PLANE ( 'NONE',  #7822 ) ;
#4105 = DIRECTION ( 'NONE',  ( 1.000000000000000000, 0.000000000000000000, 0.000000000000000000 ) ) ;
#4106 = DIRECTION ( 'NONE',  ( -0.1039620511844979445, 0.1039620511844979445, 0.9891328443778538704 ) ) ;
#4107 = CARTESIAN_POINT ( 'NONE',  ( -2.074999999999999734, 2.049999999999999822, -0.1000000000000000056 ) ) ;
#4108 = VECTOR ( 'NONE', #9770, 1000.000000000000000 ) ;
#4109 = ORIENTED_EDGE ( 'NONE', *, *, #1765, .F. ) ;
#4110 = PLANE ( 'NONE',  #234 ) ;
#4111 = ORIENTED_EDGE ( 'NONE', *, *, #7523, .F. ) ;
#4112 = ADVANCED_FACE ( 'NONE', ( #3389 ), #7615, .T. ) ;
#4113 = COLOUR_RGB ( '',0.8039215686274510109, 0.8039215686274510109, 0.8039215686274510109 ) ;
#4114 = VECTOR ( 'NONE', #392, 1000.000000000000000 ) ;
#4115 = CARTESIAN_POINT ( 'NONE',  ( -2.074999999999999734, 2.135474103490985875, -0.1480945317677201667 ) ) ;
#4116 = DIRECTION ( 'NONE',  ( 0.000000000000000000, -1.000000000000000000, -8.672620682681688006E-17 ) ) ;
#4117 = VECTOR ( 'NONE', #6423, 1000.000000000000114 ) ;
#4118 = DIRECTION ( 'NONE',  ( 0.000000000000000000, -0.5190546823227987216, -0.8547410349098599758 ) ) ;
#4119 = ORIENTED_EDGE ( 'NONE', *, *, #3046, .F. ) ;
#4120 = COLOUR_RGB ( '',0.8039215686274510109, 0.8039215686274510109, 0.8039215686274510109 ) ;
#4121 = ORIENTED_EDGE ( 'NONE', *, *, #5117, .F. ) ;
#4122 = AXIS2_PLACEMENT_3D ( 'NONE', #9292, #4280, #1914 ) ;
#4123 = ADVANCED_FACE ( 'NONE', ( #6007 ), #1884, .T. ) ;
#4124 = PRESENTATION_LAYER_ASSIGNMENT (  '', '', ( #5164 ) ) ;
#4125 = EDGE_CURVE ( 'NONE', #4182, #6246, #10193, .T. ) ;
#4126 = AXIS2_PLACEMENT_3D ( 'NONE', #6814, #2598, #1025 ) ;
#4127 = CARTESIAN_POINT ( 'NONE',  ( -2.409761932960727826, 1.835172790808107690, 0.4828396347450739090 ) ) ;
#4128 = ORIENTED_EDGE ( 'NONE', *, *, #5347, .F. ) ;
#4129 = DIRECTION ( 'NONE',  ( 0.000000000000000000, 0.000000000000000000, -1.000000000000000000 ) ) ;
#4130 = VECTOR ( 'NONE', #5208, 1000.000000000000000 ) ;
#4131 = LINE ( 'NONE', #7646, #8992 ) ;
#4132 = LINE ( 'NONE', #8263, #7545 ) ;
#4133 = DIRECTION ( 'NONE',  ( 0.000000000000000000, 0.000000000000000000, -1.000000000000000000 ) ) ;
#4134 = ORIENTED_EDGE ( 'NONE', *, *, #9978, .T. ) ;
#4135 = STYLED_ITEM ( 'NONE', ( #1431 ), #4281 ) ;
#4136 = PRESENTATION_STYLE_ASSIGNMENT (( #8425 ) ) ;
#4138 = DIRECTION ( 'NONE',  ( -0.1039620511844979167, 0.1039620511844979583, -0.9891328443778538704 ) ) ;
#4137 = LINE ( 'NONE', #8476, #7928 ) ;
#4139 = EDGE_LOOP ( 'NONE', ( #9535, #8127, #1474, #4806 ) ) ;
#4140 = CIRCLE ( 'NONE', #7484, 0.2000000000000000389 ) ;
#4141 = AXIS2_PLACEMENT_3D ( 'NONE', #4447, #10386, #3633 ) ;
#4142 =( LENGTH_UNIT ( ) NAMED_UNIT ( * ) SI_UNIT ( .MILLI., .METRE. ) );
#4143 = FACE_OUTER_BOUND ( 'NONE', #6230, .T. ) ;
#4144 =( NAMED_UNIT ( * ) PLANE_ANGLE_UNIT ( ) SI_UNIT ( $, .RADIAN. ) );
#4145 = LINE ( 'NONE', #2589, #6953 ) ;
#4146 = VECTOR ( 'NONE', #9968, 1000.000000000000000 ) ;
#4147 = ORIENTED_EDGE ( 'NONE', *, *, #8356, .F. ) ;
#4148 = FILL_AREA_STYLE_COLOUR ( '', #3781 ) ;
#4149 = AXIS2_PLACEMENT_3D ( 'NONE', #6808, #7598, #2641 ) ;
#4150 = AXIS2_PLACEMENT_3D ( 'NONE', #5422, #551, #1342 ) ;
#4151 = VECTOR ( 'NONE', #2978, 1000.000000000000000 ) ;
#4152 = DIRECTION ( 'NONE',  ( 1.000000000000000000, 0.000000000000000000, 0.000000000000000000 ) ) ;
#4153 = DIRECTION ( 'NONE',  ( -1.000000000000000000, -0.000000000000000000, -0.000000000000000000 ) ) ;
#4154 = DIRECTION ( 'NONE',  ( 1.000000000000000000, 0.000000000000000000, 0.000000000000000000 ) ) ;
#4155 = VERTEX_POINT ( 'NONE', #1828 ) ;
#4156 = CARTESIAN_POINT ( 'NONE',  ( -2.074999999999999734, 2.106267956964054999, -0.09999999999999999167 ) ) ;
#4157 = ORIENTED_EDGE ( 'NONE', *, *, #4647, .F. ) ;
#4158 = EDGE_CURVE ( 'NONE', #8065, #2591, #6664, .T. ) ;
#4159 = DIRECTION ( 'NONE',  ( 1.000000000000000000, 0.000000000000000000, 0.000000000000000000 ) ) ;
#4160 = PRESENTATION_LAYER_ASSIGNMENT (  '', '', ( #10648 ) ) ;
#4161 = CARTESIAN_POINT ( 'NONE',  ( -0.1249999999999998890, 2.486996912233147228, -0.5641273295552871048 ) ) ;
#4162 = FILL_AREA_STYLE ('',( #830 ) ) ;
#4163 = EDGE_CURVE ( 'NONE', #9786, #2256, #3916, .T. ) ;
#4164 = EDGE_CURVE ( 'NONE', #386, #6055, #6707, .T. ) ;
#4165 = CARTESIAN_POINT ( 'NONE',  ( -0.1249999999999998890, -2.277216163946027105, 0.003810936464559766534 ) ) ;
#4166 = DIRECTION ( 'NONE',  ( 1.000000000000000000, 0.000000000000000000, 0.000000000000000000 ) ) ;
#4167 = DIRECTION ( 'NONE',  ( 1.000000000000000000, 0.000000000000000000, 0.000000000000000000 ) ) ;
#4168 = DIRECTION ( 'NONE',  ( 1.000000000000000000, 0.000000000000000000, 0.000000000000000000 ) ) ;
#4169 = VECTOR ( 'NONE', #4752, 1000.000000000000000 ) ;
#4170 = CARTESIAN_POINT ( 'NONE',  ( 1.824999999999999956, -2.500948206981972177, -0.3646145195033222430 ) ) ;
#4171 = ORIENTED_EDGE ( 'NONE', *, *, #8239, .F. ) ;
#4172 = SURFACE_STYLE_FILL_AREA ( #6083 ) ;
#4173 = VERTEX_POINT ( 'NONE', #881 ) ;
#4174 = EDGE_CURVE ( 'NONE', #224, #561, #7989, .T. ) ;
#4175 = ORIENTED_EDGE ( 'NONE', *, *, #2086, .T. ) ;
#4176 = LINE ( 'NONE', #9948, #8084 ) ;
#4177 = SURFACE_STYLE_FILL_AREA ( #2506 ) ;
#4178 = DIRECTION ( 'NONE',  ( 0.000000000000000000, 0.000000000000000000, -1.000000000000000000 ) ) ;
#4179 = SURFACE_STYLE_FILL_AREA ( #9832 ) ;
#4180 =( GEOMETRIC_REPRESENTATION_CONTEXT ( 3 ) GLOBAL_UNCERTAINTY_ASSIGNED_CONTEXT ( ( #8760 ) ) GLOBAL_UNIT_ASSIGNED_CONTEXT ( ( #5901, #2531, #9256 ) ) REPRESENTATION_CONTEXT ( 'NONE', 'WORKASPACE' ) );
#4181 = ORIENTED_EDGE ( 'NONE', *, *, #10766, .T. ) ;
#4182 = VERTEX_POINT ( 'NONE', #6167 ) ;
#4183 = CARTESIAN_POINT ( 'NONE',  ( -2.376217025357842960, -1.950806167510463318, -0.09232982849429269279 ) ) ;
#4184 = SURFACE_STYLE_USAGE ( .BOTH. , #9346 ) ;
#4185 = STYLED_ITEM ( 'NONE', ( #6716 ), #2490 ) ;
#4186 = LINE ( 'NONE', #6688, #1742 ) ;
#4187 = CARTESIAN_POINT ( 'NONE',  ( 0.1250000000000001110, 2.474082528530912928, -0.3203740982435569484 ) ) ;
#4188 = EDGE_CURVE ( 'NONE', #1695, #8348, #308, .T. ) ;
#4189 = CARTESIAN_POINT ( 'NONE',  ( 2.449999999999998845, -1.874999999999999556, -0.1000000000000000056 ) ) ;
#4190 = SURFACE_SIDE_STYLE ('',( #859 ) ) ;
#4191 = EDGE_LOOP ( 'NONE', ( #4956, #6484, #1223, #2942 ) ) ;
#4192 = DIRECTION ( 'NONE',  ( 0.000000000000000000, 0.000000000000000000, -1.000000000000000000 ) ) ;
#4193 = FILL_AREA_STYLE_COLOUR ( '', #6188 ) ;
#4194 = ORIENTED_EDGE ( 'NONE', *, *, #5237, .F. ) ;
#4195 = DIRECTION ( 'NONE',  ( 0.000000000000000000, 0.000000000000000000, -1.000000000000000000 ) ) ;
#4196 = DIRECTION ( 'NONE',  ( 1.000000000000000000, 0.000000000000000000, 0.000000000000000000 ) ) ;
#4197 = UNCERTAINTY_MEASURE_WITH_UNIT (LENGTH_MEASURE( 1.000000000000000082E-05 ), #3336, 'distance_accuracy_value', 'NONE');
#4198 = ORIENTED_EDGE ( 'NONE', *, *, #6425, .F. ) ;
#4199 = CARTESIAN_POINT ( 'NONE',  ( 0.5250000000000000222, -1.949999999999999512, -0.1000000000000000056 ) ) ;
#4200 = DIRECTION ( 'NONE',  ( 1.000000000000000000, 0.000000000000000000, 0.000000000000000000 ) ) ;
#4201 = EDGE_CURVE ( 'NONE', #1350, #9224, #7054, .T. ) ;
#4202 = DIRECTION ( 'NONE',  ( 0.000000000000000000, -1.000000000000000000, -8.672620682681688006E-17 ) ) ;
#4203 =( NAMED_UNIT ( * ) SI_UNIT ( $, .STERADIAN. ) SOLID_ANGLE_UNIT ( ) );
#4204 = VERTEX_POINT ( 'NONE', #9478 ) ;
#4205 = DIRECTION ( 'NONE',  ( 0.000000000000000000, -0.8547410349098599758, 0.5190546823227987216 ) ) ;
#4206 = DIRECTION ( 'NONE',  ( 0.000000000000000000, 0.000000000000000000, -1.000000000000000000 ) ) ;
#4207 = VERTEX_POINT ( 'NONE', #7887 ) ;
#4208 = CARTESIAN_POINT ( 'NONE',  ( -2.140172790808107628, -1.445172790808107122, -0.01154328932550770584 ) ) ;
#4209 = DIRECTION ( 'NONE',  ( 0.000000000000000000, 1.000000000000000000, 0.000000000000000000 ) ) ;
#4210 = CARTESIAN_POINT ( 'NONE',  ( -0.5249999999999999112, -1.949999999999999512, -0.1000000000000000056 ) ) ;
#4211 = VECTOR ( 'NONE', #7703, 1000.000000000000000 ) ;
#4212 = DIRECTION ( 'NONE',  ( 0.000000000000000000, 1.000000000000000000, 0.000000000000000000 ) ) ;
#4213 = DIRECTION ( 'NONE',  ( 0.000000000000000000, -1.000000000000000000, 0.000000000000000000 ) ) ;
#4214 =( NAMED_UNIT ( * ) PLANE_ANGLE_UNIT ( ) SI_UNIT ( $, .RADIAN. ) );
#4215 = ORIENTED_EDGE ( 'NONE', *, *, #7115, .T. ) ;
#4216 = PRESENTATION_STYLE_ASSIGNMENT (( #886 ) ) ;
#4217 = ORIENTED_EDGE ( 'NONE', *, *, #4792, .T. ) ;
#4218 = EDGE_CURVE ( 'NONE', #6055, #8594, #5287, .T. ) ;
#4219 = VERTEX_POINT ( 'NONE', #4415 ) ;
#4220 = FILL_AREA_STYLE_COLOUR ( '', #1076 ) ;
#4221 = SURFACE_STYLE_USAGE ( .BOTH. , #8513 ) ;
#4222 = ADVANCED_FACE ( 'NONE', ( #2099 ), #6931, .F. ) ;
#4223 =( LENGTH_UNIT ( ) NAMED_UNIT ( * ) SI_UNIT ( .MILLI., .METRE. ) );
#4224 = CARTESIAN_POINT ( 'NONE',  ( 2.075000000000000178, -3.000000000000000000, -0.6000000000000000888 ) ) ;
#4225 = MECHANICAL_DESIGN_GEOMETRIC_PRESENTATION_REPRESENTATION (  '', ( #3354 ), #9838 ) ;
#4226 =( NAMED_UNIT ( * ) SI_UNIT ( $, .STERADIAN. ) SOLID_ANGLE_UNIT ( ) );
#4227 = VERTEX_POINT ( 'NONE', #407 ) ;
#4228 = ORIENTED_EDGE ( 'NONE', *, *, #8027, .T. ) ;
#4229 = EDGE_CURVE ( 'NONE', #5468, #954, #2860, .T. ) ;
#4230 = CARTESIAN_POINT ( 'NONE',  ( -0.1249999999999998890, -1.949999999999999512, -0.1000000000000000056 ) ) ;
#4231 = AXIS2_PLACEMENT_3D ( 'NONE', #1154, #3663, #5363 ) ;
#4232 = PRESENTATION_STYLE_ASSIGNMENT (( #5777 ) ) ;
#4233 = DIRECTION ( 'NONE',  ( -1.000000000000000000, -0.000000000000000000, -0.000000000000000000 ) ) ;
#4234 = ORIENTED_EDGE ( 'NONE', *, *, #3683, .T. ) ;
#4235 = SURFACE_STYLE_FILL_AREA ( #9252 ) ;
#4236 = VECTOR ( 'NONE', #4734, 1000.000000000000114 ) ;
#4237 = ORIENTED_EDGE ( 'NONE', *, *, #6362, .T. ) ;
#4238 = FILL_AREA_STYLE_COLOUR ( '', #7830 ) ;
#4239 = ADVANCED_FACE ( 'NONE', ( #1208 ), #3751, .T. ) ;
#4240 = LINE ( 'NONE', #2645, #4875 ) ;
#4241 = COLOUR_RGB ( '',0.8039215686274510109, 0.8039215686274510109, 0.8039215686274510109 ) ;
#4242 = VERTEX_POINT ( 'NONE', #5621 ) ;
#4243 = STYLED_ITEM ( 'NONE', ( #9017 ), #10803 ) ;
#4244 = DIRECTION ( 'NONE',  ( 0.000000000000000000, 1.000000000000000000, 0.000000000000000000 ) ) ;
#4245 = FACE_OUTER_BOUND ( 'NONE', #8415, .T. ) ;
#4246 = MECHANICAL_DESIGN_GEOMETRIC_PRESENTATION_REPRESENTATION (  '', ( #10222 ), #1665 ) ;
#4247 = LINE ( 'NONE', #3434, #6212 ) ;
#4248 = CARTESIAN_POINT ( 'NONE',  ( 2.075000000000000178, -3.000000000000000000, -0.3995116203837655866 ) ) ;
#4249 = ORIENTED_EDGE ( 'NONE', *, *, #5201, .T. ) ;
#4250 =( BOUNDED_CURVE ( )  B_SPLINE_CURVE ( 3, ( #8986, #1487, #9754, #2275 ),
 .UNSPECIFIED., .F., .F. ) 
 B_SPLINE_CURVE_WITH_KNOTS ( ( 4, 4 ),
 ( 3.136129445068236876, 3.141592653589816209 ),
 .UNSPECIFIED. ) 
 CURVE ( )  GEOMETRIC_REPRESENTATION_ITEM ( )  RATIONAL_B_SPLINE_CURVE ( ( 1.000000000000000000, 0.9999975127809339615, 0.9999975127809339615, 1.000000000000000000 ) ) 
 REPRESENTATION_ITEM ( '' )  );
#4251 = CIRCLE ( 'NONE', #7589, 0.1000000000000000194 ) ;
#4252 = PRESENTATION_LAYER_ASSIGNMENT (  '', '', ( #777 ) ) ;
#4253 = DIRECTION ( 'NONE',  ( 0.000000000000000000, 1.000000000000000000, -8.672620682681688006E-17 ) ) ;
#4254 = ADVANCED_FACE ( 'NONE', ( #6543 ), #4034, .T. ) ;
#4255 = EDGE_CURVE ( 'NONE', #4340, #2141, #8984, .T. ) ;
#4256 = DIRECTION ( 'NONE',  ( 0.000000000000000000, 0.000000000000000000, -1.000000000000000000 ) ) ;
#4257 = PRESENTATION_LAYER_ASSIGNMENT (  '', '', ( #4779 ) ) ;
#4258 = SURFACE_SIDE_STYLE ('',( #3393 ) ) ;
#4259 =( NAMED_UNIT ( * ) PLANE_ANGLE_UNIT ( ) SI_UNIT ( $, .RADIAN. ) );
#4260 = ORIENTED_EDGE ( 'NONE', *, *, #9262, .T. ) ;
#4261 = VERTEX_POINT ( 'NONE', #5567 ) ;
#4262 = MECHANICAL_DESIGN_GEOMETRIC_PRESENTATION_REPRESENTATION (  '', ( #7430 ), #2383 ) ;
#4263 = CIRCLE ( 'NONE', #948, 0.2000000000000000389 ) ;
#4264 = STYLED_ITEM ( 'NONE', ( #10566 ), #889 ) ;
#4265 = ORIENTED_EDGE ( 'NONE', *, *, #6158, .T. ) ;
#4266 = PRESENTATION_STYLE_ASSIGNMENT (( #4884 ) ) ;
#4267 = PRESENTATION_STYLE_ASSIGNMENT (( #1414 ) ) ;
#4268 = DIRECTION ( 'NONE',  ( 1.000000000000000000, 0.000000000000000000, 0.000000000000000000 ) ) ;
#4269 = VECTOR ( 'NONE', #4138, 1000.000000000000000 ) ;
#4270 = LINE ( 'NONE', #6133, #6400 ) ;
#4271 = CARTESIAN_POINT ( 'NONE',  ( -0.1249999999999998890, 2.049999999999999822, -0.2000000000000000111 ) ) ;
#4272 = DIRECTION ( 'NONE',  ( 0.000000000000000000, 0.000000000000000000, -1.000000000000000000 ) ) ;
#4273 = ORIENTED_EDGE ( 'NONE', *, *, #5487, .F. ) ;
#4274 = SHAPE_DEFINITION_REPRESENTATION ( #8514, #6651 ) ;
#4275 = LINE ( 'NONE', #7583, #617 ) ;
#4276 = STYLED_ITEM ( 'NONE', ( #427 ), #6660 ) ;
#4277 = ADVANCED_FACE ( 'NONE', ( #4684 ), #707, .T. ) ;
#4278 = AXIS2_PLACEMENT_3D ( 'NONE', #9285, #2773, #8456 ) ;
#4279 = CARTESIAN_POINT ( 'NONE',  ( -1.424999999999999822, -2.552580984647486062, -0.3682250350372596737 ) ) ;
#4280 = DIRECTION ( 'NONE',  ( 0.000000000000000000, 0.8547410349098599758, 0.5190546823227987216 ) ) ;
#4281 = ADVANCED_FACE ( 'NONE', ( #8157 ), #9854, .T. ) ;
#4282 = COLOUR_RGB ( '',0.8039215686274510109, 0.8039215686274510109, 0.8039215686274510109 ) ;
#4283 = CARTESIAN_POINT ( 'NONE',  ( 1.824999999999999956, 2.500948206981972177, -0.3646145195033222430 ) ) ;
#4284 = FILL_AREA_STYLE_COLOUR ( '', #8597 ) ;
#4285 = PRESENTATION_LAYER_ASSIGNMENT (  '', '', ( #9912 ) ) ;
#4286 = DIRECTION ( 'NONE',  ( -1.000000000000000000, 0.000000000000000000, 0.000000000000000000 ) ) ;
#4287 = ORIENTED_EDGE ( 'NONE', *, *, #6647, .F. ) ;
#4288 = FILL_AREA_STYLE ('',( #3418 ) ) ;
#4289 = PRESENTATION_STYLE_ASSIGNMENT (( #2577 ) ) ;
#4290 = VERTEX_POINT ( 'NONE', #10519 ) ;
#4291 = AXIS2_PLACEMENT_3D ( 'NONE', #3642, #3531, #6859 ) ;
#4292 = FILL_AREA_STYLE ('',( #2580 ) ) ;
#4293 = VECTOR ( 'NONE', #6740, 1000.000000000000000 ) ;
#4294 = PRESENTATION_LAYER_ASSIGNMENT (  '', '', ( #7081 ) ) ;
#4295 = DIRECTION ( 'NONE',  ( 1.000000000000000000, 0.000000000000000000, 0.000000000000000000 ) ) ;
#4296 = VECTOR ( 'NONE', #4202, 1000.000000000000000 ) ;
#4297 = PRESENTATION_LAYER_ASSIGNMENT (  '', '', ( #1346 ) ) ;
#4298 = VECTOR ( 'NONE', #6922, 1000.000000000000114 ) ;
#4299 = UNCERTAINTY_MEASURE_WITH_UNIT (LENGTH_MEASURE( 1.000000000000000082E-05 ), #7329, 'distance_accuracy_value', 'NONE');
#4300 =( NAMED_UNIT ( * ) SI_UNIT ( $, .STERADIAN. ) SOLID_ANGLE_UNIT ( ) );
#4301 = ORIENTED_EDGE ( 'NONE', *, *, #8788, .F. ) ;
#4302 = PRESENTATION_STYLE_ASSIGNMENT (( #3485 ) ) ;
#4303 = VECTOR ( 'NONE', #321, 1000.000000000000000 ) ;
#4304 = CARTESIAN_POINT ( 'NONE',  ( 2.075000000000000178, -1.949999999999999512, 0.1000000000000000056 ) ) ;
#4305 = AXIS2_PLACEMENT_3D ( 'NONE', #822, #4159, #7394 ) ;
#4306 = STYLED_ITEM ( 'NONE', ( #5909 ), #8376 ) ;
#4307 = PLANE ( 'NONE',  #408 ) ;
#4308 = LINE ( 'NONE', #10189, #2231 ) ;
#4309 = PLANE ( 'NONE',  #2016 ) ;
#4310 = ORIENTED_EDGE ( 'NONE', *, *, #7342, .T. ) ;
#4311 = COLOUR_RGB ( '',0.8039215686274510109, 0.8039215686274510109, 0.8039215686274510109 ) ;
#4312 = PRESENTATION_LAYER_ASSIGNMENT (  '', '', ( #8173 ) ) ;
#4313 = CARTESIAN_POINT ( 'NONE',  ( -2.074999999999999734, 3.000000000000000000, -0.6000000000000000888 ) ) ;
#4314 = DIRECTION ( 'NONE',  ( 0.000000000000000000, 0.000000000000000000, -1.000000000000000000 ) ) ;
#4315 = DIRECTION ( 'NONE',  ( 1.000000000000000000, 0.000000000000000000, 0.000000000000000000 ) ) ;
#4316 =( GEOMETRIC_REPRESENTATION_CONTEXT ( 3 ) GLOBAL_UNCERTAINTY_ASSIGNED_CONTEXT ( ( #2468 ) ) GLOBAL_UNIT_ASSIGNED_CONTEXT ( ( #31, #10023, #10145 ) ) REPRESENTATION_CONTEXT ( 'NONE', 'WORKASPACE' ) );
#4317 = FILL_AREA_STYLE_COLOUR ( '', #236 ) ;
#4318 = COLOUR_RGB ( '',0.8039215686274510109, 0.8039215686274510109, 0.8039215686274510109 ) ;
#4319 = PRESENTATION_LAYER_ASSIGNMENT (  '', '', ( #10293 ) ) ;
#4320 = CARTESIAN_POINT ( 'NONE',  ( -2.074999999999999734, -2.559556632021898537, -0.2684686300112771873 ) ) ;
#4321 = PRESENTATION_LAYER_ASSIGNMENT (  '', '', ( #1904 ) ) ;
#4322 = CIRCLE ( 'NONE', #1370, 0.09999999999999982514 ) ;
#4323 = CARTESIAN_POINT ( 'NONE',  ( -1.945172790808107344, -1.445172790808107122, 0.5399999999999999245 ) ) ;
#4324 = LINE ( 'NONE', #7676, #2940 ) ;
#4325 = SURFACE_SIDE_STYLE ('',( #5392 ) ) ;
#4326 = DIRECTION ( 'NONE',  ( 0.000000000000000000, 0.8547410349098599758, 0.5190546823227987216 ) ) ;
#4327 = PLANE ( 'NONE',  #3579 ) ;
#4328 =( BOUNDED_CURVE ( )  B_SPLINE_CURVE ( 3, ( #4507, #2947, #7004, #4394 ),
 .UNSPECIFIED., .F., .T. ) 
 B_SPLINE_CURVE_WITH_KNOTS ( ( 4, 4 ),
 ( 6.277722098658046868, 6.283185307179586232 ),
 .UNSPECIFIED. ) 
 CURVE ( )  GEOMETRIC_REPRESENTATION_ITEM ( )  RATIONAL_B_SPLINE_CURVE ( ( 1.000000000000000000, 0.9999975127809339615, 0.9999975127809339615, 1.000000000000000000 ) ) 
 REPRESENTATION_ITEM ( '' )  );
#4329 = ADVANCED_FACE ( 'NONE', ( #2372 ), #3025, .T. ) ;
#4330 = VERTEX_POINT ( 'NONE', #964 ) ;
#4331 = MECHANICAL_DESIGN_GEOMETRIC_PRESENTATION_REPRESENTATION (  '', ( #9765 ), #2439 ) ;
#4332 = SURFACE_STYLE_FILL_AREA ( #6672 ) ;
#4333 = ORIENTED_EDGE ( 'NONE', *, *, #9605, .F. ) ;
#4334 = ADVANCED_FACE ( 'NONE', ( #2696 ), #811, .T. ) ;
#4335 = CIRCLE ( 'NONE', #5203, 0.07499999999999998335 ) ;
#4336 = FACE_OUTER_BOUND ( 'NONE', #9168, .T. ) ;
#4337 = SURFACE_STYLE_USAGE ( .BOTH. , #10049 ) ;
#4338 =( NAMED_UNIT ( * ) PLANE_ANGLE_UNIT ( ) SI_UNIT ( $, .RADIAN. ) );
#4339 = FILL_AREA_STYLE ('',( #9339 ) ) ;
#4340 = VERTEX_POINT ( 'NONE', #5994 ) ;
#4341 = ORIENTED_EDGE ( 'NONE', *, *, #1727, .F. ) ;
#4342 =( NAMED_UNIT ( * ) PLANE_ANGLE_UNIT ( ) SI_UNIT ( $, .RADIAN. ) );
#4343 = FACE_OUTER_BOUND ( 'NONE', #3375, .T. ) ;
#4344 = AXIS2_PLACEMENT_3D ( 'NONE', #8667, #113, #6027 ) ;
#4345 = PRESENTATION_LAYER_ASSIGNMENT (  '', '', ( #6791 ) ) ;
#4346 = FILL_AREA_STYLE_COLOUR ( '', #931 ) ;
#4347 = CYLINDRICAL_SURFACE ( 'NONE', #8354, 0.07499999999999998335 ) ;
#4348 = VERTEX_POINT ( 'NONE', #10079 ) ;
#4349 =( NAMED_UNIT ( * ) PLANE_ANGLE_UNIT ( ) SI_UNIT ( $, .RADIAN. ) );
#4350 = EDGE_LOOP ( 'NONE', ( #7324, #3561, #8580, #9129 ) ) ;
#4351 = CARTESIAN_POINT ( 'NONE',  ( 2.449999999999998845, 1.875000000000000444, -0.1000000000000000056 ) ) ;
#4352 = ADVANCED_FACE ( 'NONE', ( #7438 ), #10187, .T. ) ;
#4353 = EDGE_CURVE ( 'NONE', #7665, #5381, #10279, .T. ) ;
#4354 = COLOUR_RGB ( '',0.8039215686274510109, 0.8039215686274510109, 0.8039215686274510109 ) ;
#4355 = ORIENTED_EDGE ( 'NONE', *, *, #1106, .T. ) ;
#4356 = SURFACE_SIDE_STYLE ('',( #6155 ) ) ;
#4357 = SURFACE_STYLE_USAGE ( .BOTH. , #1023 ) ;
#4358 = SURFACE_STYLE_FILL_AREA ( #6813 ) ;
#4359 = EDGE_CURVE ( 'NONE', #6912, #5627, #7549, .T. ) ;
#4360 = CARTESIAN_POINT ( 'NONE',  ( -1.945172790808107344, -1.445172790808107122, 0.5499999999999999334 ) ) ;
#4361 = ORIENTED_EDGE ( 'NONE', *, *, #9759, .F. ) ;
#4362 = FILL_AREA_STYLE_COLOUR ( '', #623 ) ;
#4363 =( GEOMETRIC_REPRESENTATION_CONTEXT ( 3 ) GLOBAL_UNCERTAINTY_ASSIGNED_CONTEXT ( ( #982 ) ) GLOBAL_UNIT_ASSIGNED_CONTEXT ( ( #6309, #2139, #9678 ) ) REPRESENTATION_CONTEXT ( 'NONE', 'WORKASPACE' ) );
#4364 = ORIENTED_EDGE ( 'NONE', *, *, #7694, .T. ) ;
#4365 = LINE ( 'NONE', #7557, #3773 ) ;
#4366 =( NAMED_UNIT ( * ) SI_UNIT ( $, .STERADIAN. ) SOLID_ANGLE_UNIT ( ) );
#4367 = DIRECTION ( 'NONE',  ( 0.000000000000000000, 1.000000000000000000, 0.000000000000000000 ) ) ;
#4368 = UNCERTAINTY_MEASURE_WITH_UNIT (LENGTH_MEASURE( 1.000000000000000082E-05 ), #7283, 'distance_accuracy_value', 'NONE');
#4369 = DIRECTION ( 'NONE',  ( 0.000000000000000000, 0.000000000000000000, -1.000000000000000000 ) ) ;
#4370 = DIRECTION ( 'NONE',  ( 0.000000000000000000, 0.000000000000000000, -1.000000000000000000 ) ) ;
#4371 = ORIENTED_EDGE ( 'NONE', *, *, #10730, .F. ) ;
#4372 = ADVANCED_FACE ( 'NONE', ( #10786 ), #3286, .T. ) ;
#4373 = EDGE_LOOP ( 'NONE', ( #1813, #233, #8249, #4128 ) ) ;
#4374 =( LENGTH_UNIT ( ) NAMED_UNIT ( * ) SI_UNIT ( .MILLI., .METRE. ) );
#4375 = FILL_AREA_STYLE_COLOUR ( '', #10636 ) ;
#4376 = EDGE_CURVE ( 'NONE', #10599, #2768, #1974, .T. ) ;
#4377 = SURFACE_STYLE_FILL_AREA ( #8 ) ;
#4378 = PRESENTATION_STYLE_ASSIGNMENT (( #10166 ) ) ;
#4379 =( NAMED_UNIT ( * ) SI_UNIT ( $, .STERADIAN. ) SOLID_ANGLE_UNIT ( ) );
#4380 = ADVANCED_FACE ( 'NONE', ( #7073 ), #8546, .T. ) ;
#4381 = CARTESIAN_POINT ( 'NONE',  ( -1.424999999999999822, 2.486996912233147228, -0.5641273295552871048 ) ) ;
#4382 = VECTOR ( 'NONE', #9249, 1000.000000000000000 ) ;
#4383 = LINE ( 'NONE', #6945, #7135 ) ;
#4384 = ORIENTED_EDGE ( 'NONE', *, *, #6354, .F. ) ;
#4385 = SURFACE_STYLE_FILL_AREA ( #1959 ) ;
#4386 = PRESENTATION_STYLE_ASSIGNMENT (( #5151 ) ) ;
#4387 = EDGE_LOOP ( 'NONE', ( #9251, #7349, #6504, #9506 ) ) ;
#4388 = EDGE_CURVE ( 'NONE', #8105, #6030, #10092, .T. ) ;
#4389 = CIRCLE ( 'NONE', #9654, 0.07499999999999998335 ) ;
#4390 = FACE_OUTER_BOUND ( 'NONE', #9470, .T. ) ;
#4391 = ADVANCED_FACE ( 'NONE', ( #7713 ), #2899, .T. ) ;
#4392 =( LENGTH_UNIT ( ) NAMED_UNIT ( * ) SI_UNIT ( .MILLI., .METRE. ) );
#4393 = PLANE ( 'NONE',  #703 ) ;
#4394 = CARTESIAN_POINT ( 'NONE',  ( -2.449999999999999289, 1.875000000000000444, 0.1000000000000000056 ) ) ;
#4395 = VERTEX_POINT ( 'NONE', #514 ) ;
#4396 = ORIENTED_EDGE ( 'NONE', *, *, #1716, .T. ) ;
#4397 = SURFACE_STYLE_FILL_AREA ( #3734 ) ;
#4398 = SURFACE_SIDE_STYLE ('',( #9465 ) ) ;
#4399 = DIRECTION ( 'NONE',  ( -1.000000000000000000, -0.000000000000000000, -0.000000000000000000 ) ) ;
#4400 = UNCERTAINTY_MEASURE_WITH_UNIT (LENGTH_MEASURE( 1.000000000000000082E-05 ), #7191, 'distance_accuracy_value', 'NONE');
#4401 = SURFACE_SIDE_STYLE ('',( #8633 ) ) ;
#4402 = ORIENTED_EDGE ( 'NONE', *, *, #9395, .T. ) ;
#4403 = SURFACE_SIDE_STYLE ('',( #397 ) ) ;
#4404 = VECTOR ( 'NONE', #7771, 1000.000000000000000 ) ;
#4405 =( NAMED_UNIT ( * ) SI_UNIT ( $, .STERADIAN. ) SOLID_ANGLE_UNIT ( ) );
#4406 = DIRECTION ( 'NONE',  ( 0.000000000000000000, -1.000000000000000000, 0.000000000000000000 ) ) ;
#4407 = CARTESIAN_POINT ( 'NONE',  ( -1.174999999999999822, -2.552580984647486062, -0.3682250350372596737 ) ) ;
#4408 = PLANE ( 'NONE',  #1312 ) ;
#4409 = DIRECTION ( 'NONE',  ( -1.000000000000000000, 0.000000000000000000, 0.000000000000000000 ) ) ;
#4410 = SURFACE_STYLE_USAGE ( .BOTH. , #6657 ) ;
#4411 = ORIENTED_EDGE ( 'NONE', *, *, #7499, .F. ) ;
#4412 = FACE_OUTER_BOUND ( 'NONE', #2130, .T. ) ;
#4413 = DIRECTION ( 'NONE',  ( 0.000000000000000000, -1.000000000000000000, -8.672620682681688006E-17 ) ) ;
#4414 =( NAMED_UNIT ( * ) PLANE_ANGLE_UNIT ( ) SI_UNIT ( $, .RADIAN. ) );
#4415 = CARTESIAN_POINT ( 'NONE',  ( -0.1249999999999998890, 3.000000000000000000, -0.3995116203837655866 ) ) ;
#4416 = FACE_OUTER_BOUND ( 'NONE', #8675, .T. ) ;
#4417 = CARTESIAN_POINT ( 'NONE',  ( -2.000000000000000000, 1.325000000000000400, -0.4499999999999999556 ) ) ;
#4418 = MECHANICAL_DESIGN_GEOMETRIC_PRESENTATION_REPRESENTATION (  '', ( #10595 ), #2176 ) ;
#4419 = EDGE_CURVE ( 'NONE', #6355, #4522, #10644, .T. ) ;
#4420 = DIRECTION ( 'NONE',  ( 0.000000000000000000, 0.000000000000000000, -1.000000000000000000 ) ) ;
#4421 = VECTOR ( 'NONE', #3206, 1000.000000000000000 ) ;
#4422 =( NAMED_UNIT ( * ) SI_UNIT ( $, .STERADIAN. ) SOLID_ANGLE_UNIT ( ) );
#4423 = ORIENTED_EDGE ( 'NONE', *, *, #1015, .T. ) ;
#4424 = CARTESIAN_POINT ( 'NONE',  ( -1.174999999999999822, -2.049999999999999822, -0.1000000000000000056 ) ) ;
#4425 = VERTEX_POINT ( 'NONE', #8858 ) ;
#4426 = PRESENTATION_LAYER_ASSIGNMENT (  '', '', ( #3553 ) ) ;
#4427 = CARTESIAN_POINT ( 'NONE',  ( -1.174999999999999822, -2.049999999999999822, -0.2000000000000000111 ) ) ;
#4428 = STYLED_ITEM ( 'NONE', ( #1873 ), #3748 ) ;
#4429 = FILL_AREA_STYLE_COLOUR ( '', #6882 ) ;
#4430 = DIRECTION ( 'NONE',  ( 1.000000000000000000, -0.000000000000000000, 0.000000000000000000 ) ) ;
#4431 = FILL_AREA_STYLE_COLOUR ( '', #9044 ) ;
#4432 = STYLED_ITEM ( 'NONE', ( #8283 ), #1333 ) ;
#4433 = STYLED_ITEM ( 'NONE', ( #3797 ), #1633 ) ;
#4434 = ORIENTED_EDGE ( 'NONE', *, *, #2539, .F. ) ;
#4435 = DIRECTION ( 'NONE',  ( 0.000000000000000000, 0.5190546823227987216, -0.8547410349098599758 ) ) ;
#4436 = STYLED_ITEM ( 'NONE', ( #771 ), #4028 ) ;
#4437 = ADVANCED_FACE ( 'NONE', ( #6367 ), #3011, .T. ) ;
#4438 = ORIENTED_EDGE ( 'NONE', *, *, #5658, .T. ) ;
#4439 = SURFACE_STYLE_FILL_AREA ( #3627 ) ;
#4440 =( GEOMETRIC_REPRESENTATION_CONTEXT ( 3 ) GLOBAL_UNCERTAINTY_ASSIGNED_CONTEXT ( ( #5619 ) ) GLOBAL_UNIT_ASSIGNED_CONTEXT ( ( #9399, #1703, #5011 ) ) REPRESENTATION_CONTEXT ( 'NONE', 'WORKASPACE' ) );
#4441 = PLANE ( 'NONE',  #4122 ) ;
#4442 = VECTOR ( 'NONE', #8715, 1000.000000000000000 ) ;
#4443 = EDGE_LOOP ( 'NONE', ( #6520, #9561, #7654, #5742 ) ) ;
#4444 = FILL_AREA_STYLE ('',( #5023 ) ) ;
#4445 = DIRECTION ( 'NONE',  ( 1.000000000000000000, 0.000000000000000000, 0.000000000000000000 ) ) ;
#4446 = LINE ( 'NONE', #2682, #5960 ) ;
#4447 = CARTESIAN_POINT ( 'NONE',  ( 0.5250000000000000222, -2.500948206981972177, -0.3646145195033222430 ) ) ;
#4448 = ORIENTED_EDGE ( 'NONE', *, *, #1316, .F. ) ;
#4449 = VECTOR ( 'NONE', #5096, 1000.000000000000000 ) ;
#4450 = FILL_AREA_STYLE ('',( #9353 ) ) ;
#4451 =( NAMED_UNIT ( * ) PLANE_ANGLE_UNIT ( ) SI_UNIT ( $, .RADIAN. ) );
#4452 = EDGE_LOOP ( 'NONE', ( #2782, #9609, #9147, #4849 ) ) ;
#4453 = DIRECTION ( 'NONE',  ( 0.000000000000000000, 0.000000000000000000, -1.000000000000000000 ) ) ;
#4454 = CARTESIAN_POINT ( 'NONE',  ( -0.5249999999999999112, 2.049999999999999822, -0.1000000000000000056 ) ) ;
#4455 = EDGE_CURVE ( 'NONE', #4155, #4290, #4727, .T. ) ;
#4456 =( NAMED_UNIT ( * ) SI_UNIT ( $, .STERADIAN. ) SOLID_ANGLE_UNIT ( ) );
#4457 = VECTOR ( 'NONE', #5482, 1000.000000000000000 ) ;
#4458 = AXIS2_PLACEMENT_3D ( 'NONE', #1602, #4091, #7506 ) ;
#4459 = FILL_AREA_STYLE_COLOUR ( '', #2084 ) ;
#4460 = ORIENTED_EDGE ( 'NONE', *, *, #4647, .T. ) ;
#4461 =( GEOMETRIC_REPRESENTATION_CONTEXT ( 3 ) GLOBAL_UNCERTAINTY_ASSIGNED_CONTEXT ( ( #3739 ) ) GLOBAL_UNIT_ASSIGNED_CONTEXT ( ( #1752, #6086, #7688 ) ) REPRESENTATION_CONTEXT ( 'NONE', 'WORKASPACE' ) );
#4462 = FACE_OUTER_BOUND ( 'NONE', #8166, .T. ) ;
#4463 = PRESENTATION_LAYER_ASSIGNMENT (  '', '', ( #653 ) ) ;
#4464 = DIRECTION ( 'NONE',  ( 1.000000000000000000, 0.000000000000000000, 0.000000000000000000 ) ) ;
#4465 = EDGE_LOOP ( 'NONE', ( #10229, #6762, #9878, #9711 ) ) ;
#4466 = VECTOR ( 'NONE', #5936, 1000.000000000000000 ) ;
#4467 = MECHANICAL_DESIGN_GEOMETRIC_PRESENTATION_REPRESENTATION (  '', ( #10440 ), #6047 ) ;
#4468 = VECTOR ( 'NONE', #3691, 1000.000000000000000 ) ;
#4469 =( GEOMETRIC_REPRESENTATION_CONTEXT ( 3 ) GLOBAL_UNCERTAINTY_ASSIGNED_CONTEXT ( ( #5602 ) ) GLOBAL_UNIT_ASSIGNED_CONTEXT ( ( #10720, #6588, #5155 ) ) REPRESENTATION_CONTEXT ( 'NONE', 'WORKASPACE' ) );
#4470 = CARTESIAN_POINT ( 'NONE',  ( -2.323257295734052263, 1.823257295734051819, -0.5883683627870630595 ) ) ;
#4471 = COLOUR_RGB ( '',0.8039215686274510109, 0.8039215686274510109, 0.8039215686274510109 ) ;
#4472 = DIRECTION ( 'NONE',  ( 1.000000000000000000, 0.000000000000000000, 0.000000000000000000 ) ) ;
#4473 = PRESENTATION_LAYER_ASSIGNMENT (  '', '', ( #1535 ) ) ;
#4474 = CARTESIAN_POINT ( 'NONE',  ( 0.5250000000000000222, 2.049999999999999822, -0.2000000000000000111 ) ) ;
#4475 = UNCERTAINTY_MEASURE_WITH_UNIT (LENGTH_MEASURE( 1.000000000000000082E-05 ), #3875, 'distance_accuracy_value', 'NONE');
#4476 =( GEOMETRIC_REPRESENTATION_CONTEXT ( 3 ) GLOBAL_UNCERTAINTY_ASSIGNED_CONTEXT ( ( #2694 ) ) GLOBAL_UNIT_ASSIGNED_CONTEXT ( ( #6296, #2179, #10445 ) ) REPRESENTATION_CONTEXT ( 'NONE', 'WORKASPACE' ) );
#4477 =( NAMED_UNIT ( * ) PLANE_ANGLE_UNIT ( ) SI_UNIT ( $, .RADIAN. ) );
#4478 = CARTESIAN_POINT ( 'NONE',  ( -0.1249999999999998890, 2.135474103490985875, -0.1480945317677201667 ) ) ;
#4479 = CARTESIAN_POINT ( 'NONE',  ( -0.7749999999999999112, 3.000000000000000000, -0.6000000000000000888 ) ) ;
#4480 = VECTOR ( 'NONE', #9336, 1000.000000000000000 ) ;
#4481 = DIRECTION ( 'NONE',  ( 1.000000000000000000, 0.000000000000000000, 0.000000000000000000 ) ) ;
#4482 = DIRECTION ( 'NONE',  ( 0.000000000000000000, 0.000000000000000000, -1.000000000000000000 ) ) ;
#4483 = EDGE_CURVE ( 'NONE', #1918, #9897, #6307, .T. ) ;
#4484 = VERTEX_POINT ( 'NONE', #6474 ) ;
#4485 = VECTOR ( 'NONE', #7605, 1000.000000000000000 ) ;
#4486 = FILL_AREA_STYLE ('',( #1148 ) ) ;
#4487 = ORIENTED_EDGE ( 'NONE', *, *, #2453, .T. ) ;
#4488 = AXIS2_PLACEMENT_3D ( 'NONE', #4427, #10207, #6021 ) ;
#4489 = CIRCLE ( 'NONE', #2250, 0.07499999999999980294 ) ;
#4490 = ADVANCED_FACE ( 'NONE', ( #1418 ), #7369, .T. ) ;
#4491 =( NAMED_UNIT ( * ) SI_UNIT ( $, .STERADIAN. ) SOLID_ANGLE_UNIT ( ) );
#4492 = CARTESIAN_POINT ( 'NONE',  ( -0.1249999999999998890, 2.049999999999999822, -0.1000000000000000056 ) ) ;
#4493 = ADVANCED_FACE ( 'NONE', ( #2191 ), #5494, .T. ) ;
#4494 =( GEOMETRIC_REPRESENTATION_CONTEXT ( 3 ) GLOBAL_UNCERTAINTY_ASSIGNED_CONTEXT ( ( #688 ) ) GLOBAL_UNIT_ASSIGNED_CONTEXT ( ( #1068, #4518, #10303 ) ) REPRESENTATION_CONTEXT ( 'NONE', 'WORKASPACE' ) );
#4495 = FACE_OUTER_BOUND ( 'NONE', #34, .T. ) ;
#4496 = CIRCLE ( 'NONE', #10646, 0.09999999999999982514 ) ;
#4497 = CARTESIAN_POINT ( 'NONE',  ( -0.1249999999999998890, -2.474082528530912928, -0.3203740982435569484 ) ) ;
#4498 = VECTOR ( 'NONE', #1625, 1000.000000000000000 ) ;
#4499 = SURFACE_SIDE_STYLE ('',( #8948 ) ) ;
#4500 = EDGE_CURVE ( 'NONE', #5317, #1074, #8611, .T. ) ;
#4501 = ORIENTED_EDGE ( 'NONE', *, *, #3767, .F. ) ;
#4502 = CARTESIAN_POINT ( 'NONE',  ( 0.5250000000000000222, 1.949999999999999512, 0.1000000000000000056 ) ) ;
#4503 = VECTOR ( 'NONE', #6443, 1000.000000000000000 ) ;
#4504 = ORIENTED_EDGE ( 'NONE', *, *, #10338, .F. ) ;
#4505 = ORIENTED_EDGE ( 'NONE', *, *, #1765, .T. ) ;
#4506 = CARTESIAN_POINT ( 'NONE',  ( -2.449999999999999289, 1.950000000000000400, 0.1000000000000000056 ) ) ;
#4507 = CARTESIAN_POINT ( 'NONE',  ( -2.449998880753507802, 1.875409738600888110, 0.1000106489190369929 ) ) ;
#4508 = ORIENTED_EDGE ( 'NONE', *, *, #10032, .F. ) ;
#4509 = AXIS2_PLACEMENT_3D ( 'NONE', #4699, #421, #3148 ) ;
#4510 = PLANE ( 'NONE',  #7265 ) ;
#4511 = DIRECTION ( 'NONE',  ( 0.000000000000000000, 0.000000000000000000, -1.000000000000000000 ) ) ;
#4512 = ORIENTED_EDGE ( 'NONE', *, *, #210, .T. ) ;
#4513 = FILL_AREA_STYLE_COLOUR ( '', #805 ) ;
#4514 = DIRECTION ( 'NONE',  ( -1.000000000000000000, -0.000000000000000000, -0.000000000000000000 ) ) ;
#4515 = UNCERTAINTY_MEASURE_WITH_UNIT (LENGTH_MEASURE( 1.000000000000000082E-05 ), #6729, 'distance_accuracy_value', 'NONE');
#4516 = ADVANCED_FACE ( 'NONE', ( #1901 ), #3364, .T. ) ;
#4517 = ORIENTED_EDGE ( 'NONE', *, *, #1915, .T. ) ;
#4518 =( NAMED_UNIT ( * ) PLANE_ANGLE_UNIT ( ) SI_UNIT ( $, .RADIAN. ) );
#4519 = SURFACE_STYLE_FILL_AREA ( #1195 ) ;
#4520 = SURFACE_SIDE_STYLE ('',( #8704 ) ) ;
#4521 = LINE ( 'NONE', #2901, #440 ) ;
#4522 = VERTEX_POINT ( 'NONE', #5209 ) ;
#4523 = CARTESIAN_POINT ( 'NONE',  ( 2.000000000000000000, 1.325000000000000400, -0.4499999999999999556 ) ) ;
#4524 = CARTESIAN_POINT ( 'NONE',  ( 0.7750000000000001332, 1.949999999999999512, -0.1000000000000000056 ) ) ;
#4525 = VECTOR ( 'NONE', #4472, 1000.000000000000000 ) ;
#4526 = ORIENTED_EDGE ( 'NONE', *, *, #8499, .F. ) ;
#4527 = SURFACE_SIDE_STYLE ('',( #2096 ) ) ;
#4528 = DIRECTION ( 'NONE',  ( 0.000000000000000000, 0.000000000000000000, -1.000000000000000000 ) ) ;
#4529 = EDGE_CURVE ( 'NONE', #1058, #672, #7630, .T. ) ;
#4530 = FILL_AREA_STYLE_COLOUR ( '', #6361 ) ;
#4531 = LINE ( 'NONE', #2150, #7473 ) ;
#4532 = PLANE ( 'NONE',  #7620 ) ;
#4533 = CARTESIAN_POINT ( 'NONE',  ( 0.5250000000000000222, -2.106267956964054999, -0.09999999999999999167 ) ) ;
#4534 = DIRECTION ( 'NONE',  ( 0.000000000000000000, 0.000000000000000000, -1.000000000000000000 ) ) ;
#4535 = FACE_OUTER_BOUND ( 'NONE', #10217, .T. ) ;
#4536 = PRESENTATION_STYLE_ASSIGNMENT (( #8722 ) ) ;
#4537 = ORIENTED_EDGE ( 'NONE', *, *, #10062, .T. ) ;
#4538 = SURFACE_STYLE_USAGE ( .BOTH. , #6395 ) ;
#4539 =( NAMED_UNIT ( * ) SI_UNIT ( $, .STERADIAN. ) SOLID_ANGLE_UNIT ( ) );
#4540 = CARTESIAN_POINT ( 'NONE',  ( 0.5250000000000000222, 3.000000000000000000, -0.3995116203837655866 ) ) ;
#4541 = DIRECTION ( 'NONE',  ( 0.9945218953682732899, 0.000000000000000000, -0.1045284632676541231 ) ) ;
#4542 = LINE ( 'NONE', #366, #3432 ) ;
#4543 = CARTESIAN_POINT ( 'NONE',  ( 1.175000000000000044, 2.486996912233147228, -0.5641273295552871048 ) ) ;
#4544 = ORIENTED_EDGE ( 'NONE', *, *, #1283, .F. ) ;
#4545 = EDGE_CURVE ( 'NONE', #10480, #9385, #8370, .T. ) ;
#4546 = PRESENTATION_STYLE_ASSIGNMENT (( #10827 ) ) ;
#4547 = DIRECTION ( 'NONE',  ( 0.000000000000000000, 0.000000000000000000, 1.000000000000000000 ) ) ;
#4548 = FACE_OUTER_BOUND ( 'NONE', #3045, .T. ) ;
#4549 = EDGE_LOOP ( 'NONE', ( #2499, #9287, #2919, #8790 ) ) ;
#4550 = CIRCLE ( 'NONE', #8951, 0.1000000000000000194 ) ;
#4551 = DIRECTION ( 'NONE',  ( 1.000000000000000000, 0.000000000000000000, 0.000000000000000000 ) ) ;
#4552 = ORIENTED_EDGE ( 'NONE', *, *, #4125, .T. ) ;
#4553 =( NAMED_UNIT ( * ) PLANE_ANGLE_UNIT ( ) SI_UNIT ( $, .RADIAN. ) );
#4554 = PLANE ( 'NONE',  #55 ) ;
#4555 = ADVANCED_FACE ( 'NONE', ( #1097 ), #7737, .T. ) ;
#4556 = FILL_AREA_STYLE_COLOUR ( '', #5536 ) ;
#4557 = EDGE_LOOP ( 'NONE', ( #1014, #6682, #37, #13 ) ) ;
#4558 = DIRECTION ( 'NONE',  ( 0.000000000000000000, -1.000000000000000000, -8.672620682681688006E-17 ) ) ;
#4559 = DIRECTION ( 'NONE',  ( -1.000000000000000000, -0.000000000000000000, -0.000000000000000000 ) ) ;
#4560 = ORIENTED_EDGE ( 'NONE', *, *, #4893, .F. ) ;
#4561 = ORIENTED_EDGE ( 'NONE', *, *, #10062, .F. ) ;
#4562 =( LENGTH_UNIT ( ) NAMED_UNIT ( * ) SI_UNIT ( .MILLI., .METRE. ) );
#4563 = DIRECTION ( 'NONE',  ( -1.000000000000000000, -0.000000000000000000, -0.000000000000000000 ) ) ;
#4564 = VERTEX_POINT ( 'NONE', #856 ) ;
#4565 = DIRECTION ( 'NONE',  ( 0.000000000000000000, 0.000000000000000000, -1.000000000000000000 ) ) ;
#4566 = ORIENTED_EDGE ( 'NONE', *, *, #6100, .F. ) ;
#4567 = DIRECTION ( 'NONE',  ( 1.000000000000000000, 0.000000000000000000, 0.000000000000000000 ) ) ;
#4568 = PRESENTATION_LAYER_ASSIGNMENT (  '', '', ( #3354 ) ) ;
#4569 = DIRECTION ( 'NONE',  ( 1.000000000000000000, 0.000000000000000000, 0.000000000000000000 ) ) ;
#4570 = EDGE_CURVE ( 'NONE', #6055, #386, #1151, .T. ) ;
#4571 = FILL_AREA_STYLE ('',( #6972 ) ) ;
#4572 = CARTESIAN_POINT ( 'NONE',  ( 1.425000000000000044, 2.106267956964054999, 0.09999999999999999167 ) ) ;
#4573 = PRESENTATION_LAYER_ASSIGNMENT (  '', '', ( #3697 ) ) ;
#4574 = CIRCLE ( 'NONE', #5440, 0.09999999999999982514 ) ;
#4575 = UNCERTAINTY_MEASURE_WITH_UNIT (LENGTH_MEASURE( 1.000000000000000082E-05 ), #9437, 'distance_accuracy_value', 'NONE');
#4576 = CARTESIAN_POINT ( 'NONE',  ( -0.1249999999999998890, 2.330000000000000071, -0.4684254559678819319 ) ) ;
#4577 = LINE ( 'NONE', #5291, #1913 ) ;
#4578 = SURFACE_STYLE_USAGE ( .BOTH. , #312 ) ;
#4579 = PLANE ( 'NONE',  #4594 ) ;
#4580 = ADVANCED_FACE ( 'NONE', ( #6089 ), #5826, .F. ) ;
#4581 = PRESENTATION_LAYER_ASSIGNMENT (  '', '', ( #9337 ) ) ;
#4582 = ORIENTED_EDGE ( 'NONE', *, *, #8954, .F. ) ;
#4583 = CARTESIAN_POINT ( 'NONE',  ( -2.000000000000000000, 1.325000000000000400, -0.4499999999999999556 ) ) ;
#4584 =( GEOMETRIC_REPRESENTATION_CONTEXT ( 3 ) GLOBAL_UNCERTAINTY_ASSIGNED_CONTEXT ( ( #4924 ) ) GLOBAL_UNIT_ASSIGNED_CONTEXT ( ( #8492, #2602, #10705 ) ) REPRESENTATION_CONTEXT ( 'NONE', 'WORKASPACE' ) );
#4585 = EDGE_CURVE ( 'NONE', #8820, #9171, #4186, .T. ) ;
#4586 = FACE_OUTER_BOUND ( 'NONE', #6107, .T. ) ;
#4587 = SURFACE_STYLE_USAGE ( .BOTH. , #5367 ) ;
#4588 =( NAMED_UNIT ( * ) PLANE_ANGLE_UNIT ( ) SI_UNIT ( $, .RADIAN. ) );
#4589 =( GEOMETRIC_REPRESENTATION_CONTEXT ( 3 ) GLOBAL_UNCERTAINTY_ASSIGNED_CONTEXT ( ( #7828 ) ) GLOBAL_UNIT_ASSIGNED_CONTEXT ( ( #7959, #4451, #1288 ) ) REPRESENTATION_CONTEXT ( 'NONE', 'WORKASPACE' ) );
#4590 = DIRECTION ( 'NONE',  ( 0.000000000000000000, 0.000000000000000000, 1.000000000000000000 ) ) ;
#4591 = CARTESIAN_POINT ( 'NONE',  ( -2.449760935694445418, -1.918963392251840094, -0.1022745449310358962 ) ) ;
#4592 = VECTOR ( 'NONE', #6844, 1000.000000000000000 ) ;
#4593 = ORIENTED_EDGE ( 'NONE', *, *, #1556, .F. ) ;
#4594 = AXIS2_PLACEMENT_3D ( 'NONE', #10524, #3660, #6977 ) ;
#4595 = ORIENTED_EDGE ( 'NONE', *, *, #167, .F. ) ;
#4596 = DIRECTION ( 'NONE',  ( 1.000000000000000000, 0.000000000000000000, 0.000000000000000000 ) ) ;
#4597 =( GEOMETRIC_REPRESENTATION_CONTEXT ( 3 ) GLOBAL_UNCERTAINTY_ASSIGNED_CONTEXT ( ( #9213 ) ) GLOBAL_UNIT_ASSIGNED_CONTEXT ( ( #2563, #895, #4226 ) ) REPRESENTATION_CONTEXT ( 'NONE', 'WORKASPACE' ) );
#4598 = AXIS2_PLACEMENT_3D ( 'NONE', #5769, #3252, #681 ) ;
#4599 = DIRECTION ( 'NONE',  ( 1.000000000000000000, 0.000000000000000000, 0.000000000000000000 ) ) ;
#4600 = VERTEX_POINT ( 'NONE', #5730 ) ;
#4601 = CARTESIAN_POINT ( 'NONE',  ( -2.449999999999999289, -1.874999999999999556, 0.1000000000000000056 ) ) ;
#4602 = VECTOR ( 'NONE', #10245, 1000.000000000000000 ) ;
#4603 =( LENGTH_UNIT ( ) NAMED_UNIT ( * ) SI_UNIT ( .MILLI., .METRE. ) );
#4604 = CARTESIAN_POINT ( 'NONE',  ( -1.824999999999999734, 2.552580984647486062, -0.3682250350372594516 ) ) ;
#4605 = ORIENTED_EDGE ( 'NONE', *, *, #8758, .F. ) ;
#4606 = DIRECTION ( 'NONE',  ( 0.000000000000000000, -0.06975647374412545509, 0.9975640502598243087 ) ) ;
#4607 = ORIENTED_EDGE ( 'NONE', *, *, #10685, .F. ) ;
#4608 = EDGE_CURVE ( 'NONE', #4930, #5148, #9088, .T. ) ;
#4609 = DIRECTION ( 'NONE',  ( 0.1039620511844979306, 0.1039620511844979445, 0.9891328443778538704 ) ) ;
#4610 = VECTOR ( 'NONE', #6298, 1000.000000000000000 ) ;
#4611 =( NAMED_UNIT ( * ) PLANE_ANGLE_UNIT ( ) SI_UNIT ( $, .RADIAN. ) );
#4612 = STYLED_ITEM ( 'NONE', ( #7759 ), #1512 ) ;
#4613 = EDGE_CURVE ( 'NONE', #4425, #3246, #3267, .T. ) ;
#4614 = UNCERTAINTY_MEASURE_WITH_UNIT (LENGTH_MEASURE( 1.000000000000000082E-05 ), #2734, 'distance_accuracy_value', 'NONE');
#4615 = ORIENTED_EDGE ( 'NONE', *, *, #2178, .T. ) ;
#4616 = SURFACE_STYLE_FILL_AREA ( #7319 ) ;
#4617 = STYLED_ITEM ( 'NONE', ( #1644 ), #8022 ) ;
#4618 = PLANE ( 'NONE',  #10860 ) ;
#4619 = ORIENTED_EDGE ( 'NONE', *, *, #2573, .F. ) ;
#4620 = LINE ( 'NONE', #3908, #3915 ) ;
#4622 = SURFACE_STYLE_FILL_AREA ( #2144 ) ;
#4621 = CARTESIAN_POINT ( 'NONE',  ( -2.335172790808107468, 1.835172790808107690, 0.4749999999999998668 ) ) ;
#4623 = PRESENTATION_LAYER_ASSIGNMENT (  '', '', ( #4276 ) ) ;
#4624 = STYLED_ITEM ( 'NONE', ( #1841 ), #5098 ) ;
#4625 = FACE_OUTER_BOUND ( 'NONE', #1558, .T. ) ;
#4626 =( NAMED_UNIT ( * ) SI_UNIT ( $, .STERADIAN. ) SOLID_ANGLE_UNIT ( ) );
#4627 = LINE ( 'NONE', #5506, #7109 ) ;
#4628 = CARTESIAN_POINT ( 'NONE',  ( 1.425000000000000044, 2.106267956964054999, -0.09999999999999999167 ) ) ;
#4629 = VECTOR ( 'NONE', #10516, 1000.000000000000000 ) ;
#4630 = ORIENTED_EDGE ( 'NONE', *, *, #9271, .F. ) ;
#4631 = CARTESIAN_POINT ( 'NONE',  ( -0.7749999999999999112, 2.559556632021898537, -0.2684686300112771873 ) ) ;
#4632 = DIRECTION ( 'NONE',  ( 1.000000000000000000, 0.000000000000000000, 0.000000000000000000 ) ) ;
#4633 = AXIS2_PLACEMENT_3D ( 'NONE', #5492, #6203, #8800 ) ;
#4634 = ORIENTED_EDGE ( 'NONE', *, *, #190, .F. ) ;
#4635 = PRESENTATION_STYLE_ASSIGNMENT (( #4538 ) ) ;
#4636 = VECTOR ( 'NONE', #10170, 1000.000000000000000 ) ;
#4637 = CARTESIAN_POINT ( 'NONE',  ( -1.424999999999999822, 2.500948206981972177, -0.3646145195033222430 ) ) ;
#4638 = MECHANICAL_DESIGN_GEOMETRIC_PRESENTATION_REPRESENTATION (  '', ( #1529 ), #1343 ) ;
#4639 = DIRECTION ( 'NONE',  ( 1.000000000000000000, 0.000000000000000000, 0.000000000000000000 ) ) ;
#4640 = LINE ( 'NONE', #2000, #5348 ) ;
#4641 = CARTESIAN_POINT ( 'NONE',  ( -2.074999999999999734, 2.049999999999999822, -0.2000000000000000111 ) ) ;
#4642 = EDGE_CURVE ( 'NONE', #3651, #3043, #8379, .T. ) ;
#4643 = AXIS2_PLACEMENT_3D ( 'NONE', #9380, #1889, #8600 ) ;
#4644 = SURFACE_STYLE_USAGE ( .BOTH. , #3772 ) ;
#4645 =( GEOMETRIC_REPRESENTATION_CONTEXT ( 3 ) GLOBAL_UNCERTAINTY_ASSIGNED_CONTEXT ( ( #8276 ) ) GLOBAL_UNIT_ASSIGNED_CONTEXT ( ( #1278, #5795, #7951 ) ) REPRESENTATION_CONTEXT ( 'NONE', 'WORKASPACE' ) );
#4646 = EDGE_LOOP ( 'NONE', ( #4785, #9812, #5020, #3102 ) ) ;
#4647 = EDGE_CURVE ( 'NONE', #1636, #10508, #9961, .T. ) ;
#4648 =( GEOMETRIC_REPRESENTATION_CONTEXT ( 3 ) GLOBAL_UNCERTAINTY_ASSIGNED_CONTEXT ( ( #9673 ) ) GLOBAL_UNIT_ASSIGNED_CONTEXT ( ( #9870, #1612, #3938 ) ) REPRESENTATION_CONTEXT ( 'NONE', 'WORKASPACE' ) );
#4649 =( GEOMETRIC_REPRESENTATION_CONTEXT ( 3 ) GLOBAL_UNCERTAINTY_ASSIGNED_CONTEXT ( ( #8038 ) ) GLOBAL_UNIT_ASSIGNED_CONTEXT ( ( #5608, #9737, #4901 ) ) REPRESENTATION_CONTEXT ( 'NONE', 'WORKASPACE' ) );
#4650 = FILL_AREA_STYLE_COLOUR ( '', #3921 ) ;
#4651 = EDGE_LOOP ( 'NONE', ( #7008, #6129, #9343, #9240, #4402, #2489, #5910, #5046, #8046, #2184, #804, #7981 ) ) ;
#4652 =( NAMED_UNIT ( * ) SI_UNIT ( $, .STERADIAN. ) SOLID_ANGLE_UNIT ( ) );
#4653 =( GEOMETRIC_REPRESENTATION_CONTEXT ( 3 ) GLOBAL_UNCERTAINTY_ASSIGNED_CONTEXT ( ( #809 ) ) GLOBAL_UNIT_ASSIGNED_CONTEXT ( ( #5946, #8327, #7599 ) ) REPRESENTATION_CONTEXT ( 'NONE', 'WORKASPACE' ) );
#4654 = COLOUR_RGB ( '',0.8039215686274510109, 0.8039215686274510109, 0.8039215686274510109 ) ;
#4655 = STYLED_ITEM ( 'NONE', ( #3813 ), #6109 ) ;
#4656 =( GEOMETRIC_REPRESENTATION_CONTEXT ( 3 ) GLOBAL_UNCERTAINTY_ASSIGNED_CONTEXT ( ( #8482 ) ) GLOBAL_UNIT_ASSIGNED_CONTEXT ( ( #9325, #7785, #2614 ) ) REPRESENTATION_CONTEXT ( 'NONE', 'WORKASPACE' ) );
#4657 =( NAMED_UNIT ( * ) SI_UNIT ( $, .STERADIAN. ) SOLID_ANGLE_UNIT ( ) );
#4658 = ORIENTED_EDGE ( 'NONE', *, *, #10032, .T. ) ;
#4659 = FACE_OUTER_BOUND ( 'NONE', #10322, .T. ) ;
#4660 = CARTESIAN_POINT ( 'NONE',  ( 0.1250000000000001110, -2.474082528530912928, -0.3203740982435569484 ) ) ;
#4661 = CARTESIAN_POINT ( 'NONE',  ( -0.1249999999999998890, -3.000000000000000000, -0.6000000000000000888 ) ) ;
#4662 = ORIENTED_EDGE ( 'NONE', *, *, #9830, .T. ) ;
#4663 = CARTESIAN_POINT ( 'NONE',  ( -0.5249999999999999112, 2.330000000000000071, -0.4684254559678819319 ) ) ;
#4664 = EDGE_LOOP ( 'NONE', ( #10306, #6692, #5199, #3371 ) ) ;
#4665 = AXIS2_PLACEMENT_3D ( 'NONE', #8957, #10604, #3838 ) ;
#4666 = LINE ( 'NONE', #507, #1707 ) ;
#4667 = CARTESIAN_POINT ( 'NONE',  ( 1.175000000000000044, -2.500948206981972177, -0.3646145195033222430 ) ) ;
#4668 = AXIS2_PLACEMENT_3D ( 'NONE', #9532, #7728, #7847 ) ;
#4669 = DIRECTION ( 'NONE',  ( 0.000000000000000000, 0.9975640502598241977, 0.06975647374412535795 ) ) ;
#4670 = CARTESIAN_POINT ( 'NONE',  ( -2.335172790808107468, 0.000000000000000000, 0.4749999999999999223 ) ) ;
#4671 = ORIENTED_EDGE ( 'NONE', *, *, #4783, .T. ) ;
#4672 = CARTESIAN_POINT ( 'NONE',  ( 2.418963392251840094, 1.949760935694446529, -0.1022745449310358962 ) ) ;
#4673 = PLANE ( 'NONE',  #7279 ) ;
#4674 = ORIENTED_EDGE ( 'NONE', *, *, #6677, .T. ) ;
#4676 = CYLINDRICAL_SURFACE ( 'NONE', #7018, 0.1950000000000000899 ) ;
#4675 = CARTESIAN_POINT ( 'NONE',  ( 2.375409738600887000, 1.949998880753508690, 0.1000106489190369513 ) ) ;
#4677 = ORIENTED_EDGE ( 'NONE', *, *, #2454, .T. ) ;
#4678 = EDGE_CURVE ( 'NONE', #9943, #10710, #1220, .T. ) ;
#4679 = EDGE_CURVE ( 'NONE', #3478, #3832, #7047, .T. ) ;
#4680 =( NAMED_UNIT ( * ) PLANE_ANGLE_UNIT ( ) SI_UNIT ( $, .RADIAN. ) );
#4681 = DIRECTION ( 'NONE',  ( -1.000000000000000000, -0.000000000000000000, -0.000000000000000000 ) ) ;
#4682 =( LENGTH_UNIT ( ) NAMED_UNIT ( * ) SI_UNIT ( .MILLI., .METRE. ) );
#4683 = DIRECTION ( 'NONE',  ( 0.000000000000000000, 1.000000000000000000, -8.672620682681688006E-17 ) ) ;
#4684 = FACE_OUTER_BOUND ( 'NONE', #7901, .T. ) ;
#4685 = ADVANCED_FACE ( 'NONE', ( #10535 ), #7113, .T. ) ;
#4686 = UNCERTAINTY_MEASURE_WITH_UNIT (LENGTH_MEASURE( 1.000000000000000082E-05 ), #10510, 'distance_accuracy_value', 'NONE');
#4687 = DIRECTION ( 'NONE',  ( 0.000000000000000000, -0.5190546823227978335, 0.8547410349098604199 ) ) ;
#4688 = PRESENTATION_STYLE_ASSIGNMENT (( #4746 ) ) ;
#4689 = FILL_AREA_STYLE_COLOUR ( '', #8504 ) ;
#4690 = STYLED_ITEM ( 'NONE', ( #9805 ), #2149 ) ;
#4691 = CARTESIAN_POINT ( 'NONE',  ( -1.174999999999999822, -2.500948206981972177, -0.3646145195033222430 ) ) ;
#4692 = DIRECTION ( 'NONE',  ( 0.000000000000000000, 0.000000000000000000, -1.000000000000000000 ) ) ;
#4693 = DIRECTION ( 'NONE',  ( 1.000000000000000000, -0.000000000000000000, 0.000000000000000000 ) ) ;
#4694 = LINE ( 'NONE', #6606, #2922 ) ;
#4695 = ORIENTED_EDGE ( 'NONE', *, *, #1605, .F. ) ;
#4696 = FACE_OUTER_BOUND ( 'NONE', #790, .T. ) ;
#4697 = DIRECTION ( 'NONE',  ( 0.000000000000000000, 0.000000000000000000, -1.000000000000000000 ) ) ;
#4698 = AXIS2_PLACEMENT_3D ( 'NONE', #9699, #5577, #3764 ) ;
#4699 = CARTESIAN_POINT ( 'NONE',  ( -2.074999999999999734, 2.330000000000000071, -0.4684254559678819319 ) ) ;
#4700 = DIRECTION ( 'NONE',  ( 0.000000000000000000, -0.5190546823227987216, -0.8547410349098599758 ) ) ;
#4701 = UNCERTAINTY_MEASURE_WITH_UNIT (LENGTH_MEASURE( 1.000000000000000082E-05 ), #2693, 'distance_accuracy_value', 'NONE');
#4702 = CARTESIAN_POINT ( 'NONE',  ( 1.824999999999999956, -2.049999999999999822, -0.2000000000000000111 ) ) ;
#4703 = PRESENTATION_STYLE_ASSIGNMENT (( #3094 ) ) ;
#4704 = FILL_AREA_STYLE ('',( #9651 ) ) ;
#4705 = DIRECTION ( 'NONE',  ( 1.000000000000000000, 0.000000000000000000, 0.000000000000000000 ) ) ;
#4706 = ORIENTED_EDGE ( 'NONE', *, *, #9691, .F. ) ;
#4707 = EDGE_LOOP ( 'NONE', ( #2359, #7912, #7800, #3002 ) ) ;
#4708 = CLOSED_SHELL ( 'NONE', ( #2651, #4123, #2490, #10505, #3543, #4016, #1367, #4437, #3154, #8583, #4555, #6747, #8543, #4239 ) ) ;
#4709 = VERTEX_POINT ( 'NONE', #5413 ) ;
#4710 = ADVANCED_FACE ( 'NONE', ( #6334 ), #2988, .F. ) ;
#4711 = DIRECTION ( 'NONE',  ( 1.000000000000000000, 0.000000000000000000, 0.000000000000000000 ) ) ;
#4712 = PRESENTATION_STYLE_ASSIGNMENT (( #8956 ) ) ;
#4713 = DIRECTION ( 'NONE',  ( 0.000000000000000000, -1.000000000000000000, 0.000000000000000000 ) ) ;
#4714 = LINE ( 'NONE', #8076, #5897 ) ;
#4715 = EDGE_LOOP ( 'NONE', ( #1578, #4758, #4434, #3907 ) ) ;
#4716 = PLANE ( 'NONE',  #7050 ) ;
#4717 = ORIENTED_EDGE ( 'NONE', *, *, #9447, .F. ) ;
#4718 = DIRECTION ( 'NONE',  ( 1.000000000000000000, 0.000000000000000000, 0.000000000000000000 ) ) ;
#4719 = EDGE_CURVE ( 'NONE', #2141, #5157, #5304, .T. ) ;
#4720 = CARTESIAN_POINT ( 'NONE',  ( -2.140172790808107628, -1.445172790808107122, 0.5399999999999999245 ) ) ;
#4721 = EDGE_CURVE ( 'NONE', #1645, #1303, #8013, .T. ) ;
#4722 = VECTOR ( 'NONE', #8381, 1000.000000000000000 ) ;
#4723 = EDGE_CURVE ( 'NONE', #9773, #3708, #2056, .T. ) ;
#4724 = UNCERTAINTY_MEASURE_WITH_UNIT (LENGTH_MEASURE( 1.000000000000000082E-05 ), #5207, 'distance_accuracy_value', 'NONE');
#4725 = EDGE_CURVE ( 'NONE', #8820, #9954, #4542, .T. ) ;
#4726 = EDGE_LOOP ( 'NONE', ( #5137, #1729, #3521, #161 ) ) ;
#4727 = LINE ( 'NONE', #4019, #5699 ) ;
#4728 =( BOUNDED_CURVE ( )  B_SPLINE_CURVE ( 3, ( #9316, #142, #3496, #5911 ),
 .UNSPECIFIED., .F., .T. ) 
 B_SPLINE_CURVE_WITH_KNOTS ( ( 4, 4 ),
 ( 5.503250352303687976, 7.063120262055495147 ),
 .UNSPECIFIED. ) 
 CURVE ( )  GEOMETRIC_REPRESENTATION_ITEM ( )  RATIONAL_B_SPLINE_CURVE ( ( 1.000000000000000000, 0.8073061876036338180, 0.8073061876036338180, 1.000000000000000000 ) ) 
 REPRESENTATION_ITEM ( '' )  );
#4729 = DIRECTION ( 'NONE',  ( 0.000000000000000000, 0.000000000000000000, -1.000000000000000000 ) ) ;
#4730 = ORIENTED_EDGE ( 'NONE', *, *, #5025, .F. ) ;
#4731 = DIRECTION ( 'NONE',  ( 0.000000000000000000, -0.5190546823227978335, 0.8547410349098604199 ) ) ;
#4732 = VERTEX_POINT ( 'NONE', #4925 ) ;
#4733 =( NAMED_UNIT ( * ) SI_UNIT ( $, .STERADIAN. ) SOLID_ANGLE_UNIT ( ) );
#4735 = LINE ( 'NONE', #7327, #10211 ) ;
#4734 = DIRECTION ( 'NONE',  ( 0.000000000000000000, 0.9975640502598241977, -0.06975647374412544122 ) ) ;
#4736 = ORIENTED_EDGE ( 'NONE', *, *, #1610, .F. ) ;
#4737 = SURFACE_SIDE_STYLE ('',( #4856 ) ) ;
#4738 =( GEOMETRIC_REPRESENTATION_CONTEXT ( 3 ) GLOBAL_UNCERTAINTY_ASSIGNED_CONTEXT ( ( #9258 ) ) GLOBAL_UNIT_ASSIGNED_CONTEXT ( ( #8618, #6841, #8673 ) ) REPRESENTATION_CONTEXT ( 'NONE', 'WORKASPACE' ) );
#4739 = ORIENTED_EDGE ( 'NONE', *, *, #9204, .F. ) ;
#4740 = DIRECTION ( 'NONE',  ( 0.1039620511844983469, -0.1039620511844978473, 0.9891328443778538704 ) ) ;
#4741 = CARTESIAN_POINT ( 'NONE',  ( 2.335172790808107024, 1.902703094130445693, 0.5499999999999999334 ) ) ;
#4742 = UNCERTAINTY_MEASURE_WITH_UNIT (LENGTH_MEASURE( 1.000000000000000082E-05 ), #8554, 'distance_accuracy_value', 'NONE');
#4743 = CARTESIAN_POINT ( 'NONE',  ( -0.7749999999999999112, -1.949999999999999512, -0.1000000000000000056 ) ) ;
#4744 = EDGE_CURVE ( 'NONE', #7903, #1350, #6616, .T. ) ;
#4745 = LINE ( 'NONE', #1552, #6586 ) ;
#4746 = SURFACE_STYLE_USAGE ( .BOTH. , #9692 ) ;
#4747 = VECTOR ( 'NONE', #4711, 1000.000000000000000 ) ;
#4748 = PRESENTATION_STYLE_ASSIGNMENT (( #5685 ) ) ;
#4749 = CARTESIAN_POINT ( 'NONE',  ( 2.075000000000000178, 2.474082528530912928, -0.3203740982435569484 ) ) ;
#4750 = EDGE_LOOP ( 'NONE', ( #3408, #582, #3946, #2173 ) ) ;
#4751 = AXIS2_PLACEMENT_3D ( 'NONE', #567, #4788, #699 ) ;
#4752 = DIRECTION ( 'NONE',  ( 0.000000000000000000, 0.000000000000000000, 1.000000000000000000 ) ) ;
#4753 = FACE_OUTER_BOUND ( 'NONE', #3299, .T. ) ;
#4754 = EDGE_CURVE ( 'NONE', #904, #794, #5585, .T. ) ;
#4755 = DIRECTION ( 'NONE',  ( -1.000000000000000000, -0.000000000000000000, -0.000000000000000000 ) ) ;
#4756 = DIRECTION ( 'NONE',  ( 1.000000000000000000, 0.000000000000000000, 0.000000000000000000 ) ) ;
#4757 = CARTESIAN_POINT ( 'NONE',  ( 1.425000000000000044, 2.049999999999999822, -0.1000000000000000056 ) ) ;
#4758 = ORIENTED_EDGE ( 'NONE', *, *, #8134, .F. ) ;
#4759 = MECHANICAL_DESIGN_GEOMETRIC_PRESENTATION_REPRESENTATION (  '', ( #9670 ), #8458 ) ;
#4760 = DIRECTION ( 'NONE',  ( 0.000000000000000000, -0.9975640502598241977, 0.06975647374412538571 ) ) ;
#4761 = ORIENTED_EDGE ( 'NONE', *, *, #5120, .T. ) ;
#4762 = EDGE_LOOP ( 'NONE', ( #5811, #1079, #9154, #3048 ) ) ;
#4763 = EDGE_CURVE ( 'NONE', #284, #2716, #10804, .T. ) ;
#4764 = CARTESIAN_POINT ( 'NONE',  ( 2.323257295734051819, -1.897846437886671511, -0.5962079975321372682 ) ) ;
#4765 = STYLED_ITEM ( 'NONE', ( #1966 ), #10736 ) ;
#4766 =( GEOMETRIC_REPRESENTATION_CONTEXT ( 3 ) GLOBAL_UNCERTAINTY_ASSIGNED_CONTEXT ( ( #1311 ) ) GLOBAL_UNIT_ASSIGNED_CONTEXT ( ( #2309, #6261, #69 ) ) REPRESENTATION_CONTEXT ( 'NONE', 'WORKASPACE' ) );
#4767 = PRESENTATION_STYLE_ASSIGNMENT (( #500 ) ) ;
#4768 = DIRECTION ( 'NONE',  ( 1.000000000000000000, 0.000000000000000000, 0.000000000000000000 ) ) ;
#4769 = CIRCLE ( 'NONE', #935, 0.2000000000000000389 ) ;
#4770 = DIRECTION ( 'NONE',  ( -1.000000000000000000, -0.000000000000000000, 0.000000000000000000 ) ) ;
#4771 = DIRECTION ( 'NONE',  ( 0.000000000000000000, 0.000000000000000000, -1.000000000000000000 ) ) ;
#4772 = VERTEX_POINT ( 'NONE', #1447 ) ;
#4773 = DIRECTION ( 'NONE',  ( 0.000000000000000000, -0.8547410349098599758, 0.5190546823227987216 ) ) ;
#4774 =( GEOMETRIC_REPRESENTATION_CONTEXT ( 3 ) GLOBAL_UNCERTAINTY_ASSIGNED_CONTEXT ( ( #2546 ) ) GLOBAL_UNIT_ASSIGNED_CONTEXT ( ( #4603, #2946, #1286 ) ) REPRESENTATION_CONTEXT ( 'NONE', 'WORKASPACE' ) );
#4775 = COLOUR_RGB ( '',0.8039215686274510109, 0.8039215686274510109, 0.8039215686274510109 ) ;
#4776 = CARTESIAN_POINT ( 'NONE',  ( -2.074999999999999734, -3.000000000000000000, -0.6000000000000000888 ) ) ;
#4777 = CARTESIAN_POINT ( 'NONE',  ( -2.000000000000000000, -1.324999999999999512, -0.4499999999999999556 ) ) ;
#4778 = FACE_OUTER_BOUND ( 'NONE', #4373, .T. ) ;
#4779 = STYLED_ITEM ( 'NONE', ( #4703 ), #3856 ) ;
#4780 = EDGE_LOOP ( 'NONE', ( #3303, #2393, #9289, #7649 ) ) ;
#4781 = DIRECTION ( 'NONE',  ( 0.000000000000000000, -0.06975647374412545509, 0.9975640502598243087 ) ) ;
#4782 =( NAMED_UNIT ( * ) SI_UNIT ( $, .STERADIAN. ) SOLID_ANGLE_UNIT ( ) );
#4783 = EDGE_CURVE ( 'NONE', #6001, #1454, #2334, .T. ) ;
#4784 = DIRECTION ( 'NONE',  ( 0.000000000000000000, 0.06975647374412545509, 0.9975640502598243087 ) ) ;
#4785 = ORIENTED_EDGE ( 'NONE', *, *, #7234, .F. ) ;
#4786 = SURFACE_STYLE_FILL_AREA ( #6372 ) ;
#4788 = DIRECTION ( 'NONE',  ( 1.000000000000000000, 0.000000000000000000, 0.000000000000000000 ) ) ;
#4787 = PLANE ( 'NONE',  #9853 ) ;
#4789 = EDGE_LOOP ( 'NONE', ( #9977, #9714, #7853, #8438 ) ) ;
#4790 =( GEOMETRIC_REPRESENTATION_CONTEXT ( 3 ) GLOBAL_UNCERTAINTY_ASSIGNED_CONTEXT ( ( #6777 ) ) GLOBAL_UNIT_ASSIGNED_CONTEXT ( ( #1493, #7343, #10033 ) ) REPRESENTATION_CONTEXT ( 'NONE', 'WORKASPACE' ) );
#4791 = COLOUR_RGB ( '',0.8039215686274510109, 0.8039215686274510109, 0.8039215686274510109 ) ;
#4792 = EDGE_CURVE ( 'NONE', #8308, #1276, #833, .T. ) ;
#4793 = DIRECTION ( 'NONE',  ( 1.000000000000000000, 0.000000000000000000, 0.000000000000000000 ) ) ;
#4794 = PRESENTATION_LAYER_ASSIGNMENT (  '', '', ( #4436 ) ) ;
#4795 = CARTESIAN_POINT ( 'NONE',  ( 0.5250000000000000222, 1.949999999999999512, -0.1000000000000000056 ) ) ;
#4796 = SURFACE_SIDE_STYLE ('',( #9198 ) ) ;
#4797 = CARTESIAN_POINT ( 'NONE',  ( 1.824999999999999956, -1.949999999999999512, 0.1000000000000000056 ) ) ;
#4798 = PRESENTATION_LAYER_ASSIGNMENT (  '', '', ( #10241 ) ) ;
#4799 = ORIENTED_EDGE ( 'NONE', *, *, #6721, .T. ) ;
#4800 = CARTESIAN_POINT ( 'NONE',  ( -2.074999999999999734, -2.552580984647486062, -0.3682250350372596737 ) ) ;
#4801 = CARTESIAN_POINT ( 'NONE',  ( 0.5250000000000000222, 2.486996912233147228, -0.5641273295552871048 ) ) ;
#4802 = LINE ( 'NONE', #2376, #6003 ) ;
#4803 = EDGE_LOOP ( 'NONE', ( #909, #6420, #8920, #2215, #1803, #8529, #7062, #4619, #4730, #10494, #5968, #3347 ) ) ;
#4804 =( GEOMETRIC_REPRESENTATION_CONTEXT ( 3 ) GLOBAL_UNCERTAINTY_ASSIGNED_CONTEXT ( ( #7918 ) ) GLOBAL_UNIT_ASSIGNED_CONTEXT ( ( #1326, #3714, #7049 ) ) REPRESENTATION_CONTEXT ( 'NONE', 'WORKASPACE' ) );
#4805 = CARTESIAN_POINT ( 'NONE',  ( -0.5249999999999999112, 3.000000000000000000, -0.6000000000000000888 ) ) ;
#4806 = ORIENTED_EDGE ( 'NONE', *, *, #3545, .F. ) ;
#4807 = AXIS2_PLACEMENT_3D ( 'NONE', #108, #7628, #8359 ) ;
#4808 = CARTESIAN_POINT ( 'NONE',  ( -2.000000000000000000, 1.325000000000000400, -0.4499999999999999556 ) ) ;
#4809 = DIRECTION ( 'NONE',  ( 1.000000000000000000, -0.000000000000000000, 0.000000000000000000 ) ) ;
#4810 = FACE_OUTER_BOUND ( 'NONE', #5272, .T. ) ;
#4811 = AXIS2_PLACEMENT_3D ( 'NONE', #383, #2182, #8962 ) ;
#4812 = DIRECTION ( 'NONE',  ( 0.000000000000000000, -0.06975647374412545509, 0.9975640502598243087 ) ) ;
#4813 = UNCERTAINTY_MEASURE_WITH_UNIT (LENGTH_MEASURE( 1.000000000000000082E-05 ), #3322, 'distance_accuracy_value', 'NONE');
#4814 = STYLED_ITEM ( 'NONE', ( #5197 ), #6826 ) ;
#4815 = DIRECTION ( 'NONE',  ( 1.000000000000000000, 0.000000000000000000, 0.000000000000000000 ) ) ;
#4816 = FILL_AREA_STYLE_COLOUR ( '', #3902 ) ;
#4817 = FILL_AREA_STYLE_COLOUR ( '', #4471 ) ;
#4818 = PRESENTATION_LAYER_ASSIGNMENT (  '', '', ( #5327 ) ) ;
#4819 = CARTESIAN_POINT ( 'NONE',  ( 1.824999999999999956, 1.949999999999999512, 0.1000000000000000056 ) ) ;
#4820 = ORIENTED_EDGE ( 'NONE', *, *, #9959, .T. ) ;
#4821 = DIRECTION ( 'NONE',  ( 0.000000000000000000, 0.000000000000000000, -1.000000000000000000 ) ) ;
#4822 = MECHANICAL_DESIGN_GEOMETRIC_PRESENTATION_REPRESENTATION (  '', ( #1182 ), #3420 ) ;
#4823 = MECHANICAL_DESIGN_GEOMETRIC_PRESENTATION_REPRESENTATION (  '', ( #2408 ), #1339 ) ;
#4824 = ORIENTED_EDGE ( 'NONE', *, *, #3201, .T. ) ;
#4825 = VECTOR ( 'NONE', #7280, 1000.000000000000000 ) ;
#4826 = EDGE_CURVE ( 'NONE', #848, #6829, #6560, .T. ) ;
#4827 = EDGE_CURVE ( 'NONE', #6248, #3170, #9063, .T. ) ;
#4828 = ORIENTED_EDGE ( 'NONE', *, *, #4158, .T. ) ;
#4829 = STYLED_ITEM ( 'NONE', ( #3105 ), #5378 ) ;
#4830 = DIRECTION ( 'NONE',  ( 0.000000000000000000, 0.000000000000000000, -1.000000000000000000 ) ) ;
#4831 = CARTESIAN_POINT ( 'NONE',  ( -1.750172790808107282, -1.445172790808107122, 0.5399999999999999245 ) ) ;
#4832 = STYLED_ITEM ( 'NONE', ( #1078 ), #8421 ) ;
#4833 = EDGE_CURVE ( 'NONE', #5484, #3055, #9000, .T. ) ;
#4834 = VECTOR ( 'NONE', #1701, 1000.000000000000000 ) ;
#4835 = DIRECTION ( 'NONE',  ( 0.000000000000000000, 0.000000000000000000, -1.000000000000000000 ) ) ;
#4836 = LINE ( 'NONE', #9078, #396 ) ;
#4837 = COLOUR_RGB ( '',0.8039215686274510109, 0.8039215686274510109, 0.8039215686274510109 ) ;
#4838 = ORIENTED_EDGE ( 'NONE', *, *, #4158, .F. ) ;
#4839 = ORIENTED_EDGE ( 'NONE', *, *, #6051, .F. ) ;
#4840 = AXIS2_PLACEMENT_3D ( 'NONE', #2205, #5682, #5505 ) ;
#4841 = CARTESIAN_POINT ( 'NONE',  ( 2.334065403820538620, 1.834065403820539730, -0.4855360833915847163 ) ) ;
#4842 = PRESENTATION_LAYER_ASSIGNMENT (  '', '', ( #2432 ) ) ;
#4843 = UNCERTAINTY_MEASURE_WITH_UNIT (LENGTH_MEASURE( 1.000000000000000082E-05 ), #4562, 'distance_accuracy_value', 'NONE');
#4844 = CIRCLE ( 'NONE', #10119, 0.2000000000000000389 ) ;
#4845 = DIRECTION ( 'NONE',  ( 0.000000000000000000, 0.000000000000000000, -1.000000000000000000 ) ) ;
#4846 = MECHANICAL_DESIGN_GEOMETRIC_PRESENTATION_REPRESENTATION (  '', ( #8365 ), #4656 ) ;
#4847 = UNCERTAINTY_MEASURE_WITH_UNIT (LENGTH_MEASURE( 1.000000000000000082E-05 ), #2207, 'distance_accuracy_value', 'NONE');
#4848 = ORIENTED_EDGE ( 'NONE', *, *, #10437, .T. ) ;
#4849 = ORIENTED_EDGE ( 'NONE', *, *, #7320, .T. ) ;
#4850 = PRESENTATION_LAYER_ASSIGNMENT (  '', '', ( #9949 ) ) ;
#4851 = CARTESIAN_POINT ( 'NONE',  ( -0.5249999999999999112, 3.000000000000000000, -0.6000000000000000888 ) ) ;
#4853 = DIRECTION ( 'NONE',  ( 0.000000000000000000, 0.000000000000000000, -1.000000000000000000 ) ) ;
#4852 = FILL_AREA_STYLE_COLOUR ( '', #2351 ) ;
#4854 = EDGE_LOOP ( 'NONE', ( #5433, #9653, #8628, #6312 ) ) ;
#4855 = VECTOR ( 'NONE', #2661, 1000.000000000000227 ) ;
#4856 = SURFACE_STYLE_FILL_AREA ( #1594 ) ;
#4857 = CARTESIAN_POINT ( 'NONE',  ( 2.335172790808107024, -1.835172790808107024, -0.4749999999999998668 ) ) ;
#4858 = EDGE_CURVE ( 'NONE', #10161, #517, #7972, .T. ) ;
#4859 = CARTESIAN_POINT ( 'NONE',  ( 0.5250000000000000222, -2.049999999999999822, -0.1000000000000000056 ) ) ;
#4860 = UNCERTAINTY_MEASURE_WITH_UNIT (LENGTH_MEASURE( 1.000000000000000082E-05 ), #8300, 'distance_accuracy_value', 'NONE');
#4861 = SURFACE_SIDE_STYLE ('',( #3137 ) ) ;
#4862 = COLOUR_RGB ( '',0.8039215686274510109, 0.8039215686274510109, 0.8039215686274510109 ) ;
#4863 = DIRECTION ( 'NONE',  ( 0.000000000000000000, -0.5190546823227987216, -0.8547410349098599758 ) ) ;
#4864 = PRESENTATION_STYLE_ASSIGNMENT (( #3184 ) ) ;
#4865 =( NAMED_UNIT ( * ) SI_UNIT ( $, .STERADIAN. ) SOLID_ANGLE_UNIT ( ) );
#4866 = ORIENTED_EDGE ( 'NONE', *, *, #6488, .T. ) ;
#4867 = SURFACE_SIDE_STYLE ('',( #713 ) ) ;
#4868 = DIRECTION ( 'NONE',  ( 0.000000000000000000, 0.000000000000000000, -1.000000000000000000 ) ) ;
#4869 = ADVANCED_FACE ( 'NONE', ( #4877 ), #10701, .T. ) ;
#4870 = DIRECTION ( 'NONE',  ( 1.000000000000000000, 0.000000000000000000, 0.000000000000000000 ) ) ;
#4871 = CYLINDRICAL_SURFACE ( 'NONE', #3118, 0.09999999999999982514 ) ;
#4872 = AXIS2_PLACEMENT_3D ( 'NONE', #1222, #491, #9652 ) ;
#4873 = SURFACE_STYLE_FILL_AREA ( #9932 ) ;
#4874 = MANIFOLD_SOLID_BREP ( 'LPattern1[8]', #6276 ) ;
#4875 = VECTOR ( 'NONE', #5948, 1000.000000000000227 ) ;
#4876 = CARTESIAN_POINT ( 'NONE',  ( 1.175000000000000044, 3.000000000000000000, -0.6000000000000000888 ) ) ;
#4877 = FACE_OUTER_BOUND ( 'NONE', #6476, .T. ) ;
#4878 = CARTESIAN_POINT ( 'NONE',  ( 0.7750000000000001332, 3.000000000000000000, -0.6000000000000000888 ) ) ;
#4879 = ORIENTED_EDGE ( 'NONE', *, *, #6855, .T. ) ;
#4880 = VERTEX_POINT ( 'NONE', #3503 ) ;
#4881 = PRESENTATION_STYLE_ASSIGNMENT (( #5590 ) ) ;
#4882 = ORIENTED_EDGE ( 'NONE', *, *, #3274, .T. ) ;
#4883 = AXIS2_PLACEMENT_3D ( 'NONE', #9985, #95, #5195 ) ;
#4884 = SURFACE_STYLE_USAGE ( .BOTH. , #890 ) ;
#4885 = VECTOR ( 'NONE', #8142, 1000.000000000000114 ) ;
#4886 = SURFACE_STYLE_FILL_AREA ( #10052 ) ;
#4887 = EDGE_CURVE ( 'NONE', #2640, #10180, #5638, .T. ) ;
#4888 = CARTESIAN_POINT ( 'NONE',  ( 1.425000000000000044, 3.000000000000000000, -0.3995116203837655866 ) ) ;
#4889 = PRESENTATION_STYLE_ASSIGNMENT (( #2462 ) ) ;
#4890 = ORIENTED_EDGE ( 'NONE', *, *, #135, .T. ) ;
#4891 = AXIS2_PLACEMENT_3D ( 'NONE', #5732, #5006, #3319 ) ;
#4892 = EDGE_LOOP ( 'NONE', ( #958, #1509, #4981, #8700 ) ) ;
#4893 = EDGE_CURVE ( 'NONE', #9954, #7954, #1830, .T. ) ;
#4894 = CARTESIAN_POINT ( 'NONE',  ( -1.424999999999999822, -1.949999999999999512, 0.1000000000000000056 ) ) ;
#4895 = DIRECTION ( 'NONE',  ( 0.000000000000000000, 0.000000000000000000, -1.000000000000000000 ) ) ;
#4896 = ORIENTED_EDGE ( 'NONE', *, *, #6837, .F. ) ;
#4897 = DIRECTION ( 'NONE',  ( 1.000000000000000000, 0.000000000000000000, 0.000000000000000000 ) ) ;
#4898 = EDGE_CURVE ( 'NONE', #9484, #3043, #5919, .T. ) ;
#4899 = DIRECTION ( 'NONE',  ( 1.000000000000000000, 0.000000000000000000, 0.000000000000000000 ) ) ;
#4900 = DIRECTION ( 'NONE',  ( 0.000000000000000000, -0.9975640502598241977, -0.06975647374412544122 ) ) ;
#4901 =( NAMED_UNIT ( * ) SI_UNIT ( $, .STERADIAN. ) SOLID_ANGLE_UNIT ( ) );
#4902 = ORIENTED_EDGE ( 'NONE', *, *, #7499, .T. ) ;
#4903 = DIRECTION ( 'NONE',  ( 1.000000000000000000, 0.000000000000000000, 0.000000000000000000 ) ) ;
#4904 = VERTEX_POINT ( 'NONE', #1942 ) ;
#4905 = FILL_AREA_STYLE_COLOUR ( '', #5722 ) ;
#4906 = DIRECTION ( 'NONE',  ( 0.000000000000000000, 0.000000000000000000, -1.000000000000000000 ) ) ;
#4907 = DIRECTION ( 'NONE',  ( 1.000000000000000000, 0.000000000000000000, 0.000000000000000000 ) ) ;
#4908 = EDGE_LOOP ( 'NONE', ( #5063, #3259, #2379, #6186 ) ) ;
#4909 = PRESENTATION_STYLE_ASSIGNMENT (( #7385 ) ) ;
#4910 = DIRECTION ( 'NONE',  ( 1.000000000000000000, 0.000000000000000000, 0.000000000000000000 ) ) ;
#4911 = AXIS2_PLACEMENT_3D ( 'NONE', #5887, #4233, #2635 ) ;
#4912 = CARTESIAN_POINT ( 'NONE',  ( 0.1250000000000001110, 2.330000000000000071, -0.4684254559678819319 ) ) ;
#4913 = CARTESIAN_POINT ( 'NONE',  ( -1.424999999999999822, -3.000000000000000000, -0.3995116203837655866 ) ) ;
#4914 = ORIENTED_EDGE ( 'NONE', *, *, #9970, .T. ) ;
#4915 = ADVANCED_FACE ( 'NONE', ( #6824 ), #8501, .T. ) ;
#4916 = PRESENTATION_LAYER_ASSIGNMENT (  '', '', ( #5424 ) ) ;
#4917 = DIRECTION ( 'NONE',  ( 0.000000000000000000, -1.000000000000000000, 0.000000000000000000 ) ) ;
#4918 = VERTEX_POINT ( 'NONE', #43 ) ;
#4919 = SPHERICAL_SURFACE ( 'NONE', #6219, 0.07499999999999999722 ) ;
#4920 = DIRECTION ( 'NONE',  ( 1.000000000000000000, 0.000000000000000000, 0.000000000000000000 ) ) ;
#4921 = FACE_OUTER_BOUND ( 'NONE', #5456, .T. ) ;
#4922 = AXIS2_PLACEMENT_3D ( 'NONE', #215, #7700, #6996 ) ;
#4923 = SURFACE_STYLE_FILL_AREA ( #9819 ) ;
#4924 = UNCERTAINTY_MEASURE_WITH_UNIT (LENGTH_MEASURE( 1.000000000000000082E-05 ), #8492, 'distance_accuracy_value', 'NONE');
#4925 = CARTESIAN_POINT ( 'NONE',  ( 2.075000000000000178, 2.277216163946027105, 0.003810936464559766534 ) ) ;
#4926 = LINE ( 'NONE', #6454, #5495 ) ;
#4927 = FILL_AREA_STYLE_COLOUR ( '', #3446 ) ;
#4928 = EDGE_LOOP ( 'NONE', ( #700, #9844, #8215, #4056 ) ) ;
#4929 = MECHANICAL_DESIGN_GEOMETRIC_PRESENTATION_REPRESENTATION (  '', ( #8786 ), #3698 ) ;
#4930 = VERTEX_POINT ( 'NONE', #6012 ) ;
#4931 = ADVANCED_FACE ( 'NONE', ( #3342 ), #6668, .T. ) ;
#4932 = CARTESIAN_POINT ( 'NONE',  ( -0.1249999999999998890, 2.277216163946027105, 0.003810936464559766534 ) ) ;
#4933 = PRESENTATION_LAYER_ASSIGNMENT (  '', '', ( #10034 ) ) ;
#4934 =( NAMED_UNIT ( * ) PLANE_ANGLE_UNIT ( ) SI_UNIT ( $, .RADIAN. ) );
#4935 = DIRECTION ( 'NONE',  ( 1.000000000000000000, 0.000000000000000000, 0.000000000000000000 ) ) ;
#4936 = MANIFOLD_SOLID_BREP ( 'LPattern1[9]', #1596 ) ;
#4937 = CARTESIAN_POINT ( 'NONE',  ( -1.424999999999999822, 2.330000000000000071, -0.4684254559678819319 ) ) ;
#4938 = ORIENTED_EDGE ( 'NONE', *, *, #6665, .F. ) ;
#4939 = FILL_AREA_STYLE_COLOUR ( '', #9349 ) ;
#4940 = ORIENTED_EDGE ( 'NONE', *, *, #2999, .F. ) ;
#4941 = AXIS2_PLACEMENT_3D ( 'NONE', #3113, #2243, #5550 ) ;
#4942 = SURFACE_SIDE_STYLE ('',( #1631 ) ) ;
#4943 = FACE_OUTER_BOUND ( 'NONE', #10446, .T. ) ;
#4944 = VERTEX_POINT ( 'NONE', #1210 ) ;
#4945 = PRESENTATION_LAYER_ASSIGNMENT (  '', '', ( #8632 ) ) ;
#4946 =( LENGTH_UNIT ( ) NAMED_UNIT ( * ) SI_UNIT ( .MILLI., .METRE. ) );
#4947 = FACE_OUTER_BOUND ( 'NONE', #8310, .T. ) ;
#4948 = VECTOR ( 'NONE', #8247, 1000.000000000000000 ) ;
#4949 = DIRECTION ( 'NONE',  ( 0.000000000000000000, 0.000000000000000000, 1.000000000000000000 ) ) ;
#4950 = EDGE_CURVE ( 'NONE', #10816, #8320, #5196, .T. ) ;
#4951 = CARTESIAN_POINT ( 'NONE',  ( 1.175000000000000044, -2.277216163946027105, 0.003810936464559820311 ) ) ;
#4952 = ORIENTED_EDGE ( 'NONE', *, *, #7138, .F. ) ;
#4953 = DIRECTION ( 'NONE',  ( 1.000000000000000000, 0.000000000000000000, 0.000000000000000000 ) ) ;
#4955 = LINE ( 'NONE', #803, #4269 ) ;
#4954 =( NAMED_UNIT ( * ) PLANE_ANGLE_UNIT ( ) SI_UNIT ( $, .RADIAN. ) );
#4956 = ORIENTED_EDGE ( 'NONE', *, *, #3201, .F. ) ;
#4957 = COLOUR_RGB ( '',0.8039215686274510109, 0.8039215686274510109, 0.8039215686274510109 ) ;
#4958 = SURFACE_STYLE_FILL_AREA ( #75 ) ;
#4959 = ADVANCED_FACE ( 'NONE', ( #9596 ), #4532, .T. ) ;
#4960 = SURFACE_SIDE_STYLE ('',( #10139 ) ) ;
#4961 = VECTOR ( 'NONE', #5364, 1000.000000000000000 ) ;
#4962 = UNCERTAINTY_MEASURE_WITH_UNIT (LENGTH_MEASURE( 1.000000000000000082E-05 ), #3720, 'distance_accuracy_value', 'NONE');
#4963 = VERTEX_POINT ( 'NONE', #10317 ) ;
#4964 = FILL_AREA_STYLE ('',( #1654 ) ) ;
#4965 =( NAMED_UNIT ( * ) SI_UNIT ( $, .STERADIAN. ) SOLID_ANGLE_UNIT ( ) );
#4966 =( NAMED_UNIT ( * ) PLANE_ANGLE_UNIT ( ) SI_UNIT ( $, .RADIAN. ) );
#4967 = PRESENTATION_LAYER_ASSIGNMENT (  '', '', ( #2732 ) ) ;
#4968 = EDGE_CURVE ( 'NONE', #447, #6355, #2912, .T. ) ;
#4969 = PRESENTATION_LAYER_ASSIGNMENT (  '', '', ( #4090 ) ) ;
#4970 = DIRECTION ( 'NONE',  ( 1.000000000000000000, 0.000000000000000000, 0.000000000000000000 ) ) ;
#4971 = ORIENTED_EDGE ( 'NONE', *, *, #6074, .T. ) ;
#4972 = PLANE ( 'NONE',  #4305 ) ;
#4973 = LINE ( 'NONE', #4210, #9956 ) ;
#4974 =( GEOMETRIC_REPRESENTATION_CONTEXT ( 3 ) GLOBAL_UNCERTAINTY_ASSIGNED_CONTEXT ( ( #9021 ) ) GLOBAL_UNIT_ASSIGNED_CONTEXT ( ( #7777, #2813, #7930 ) ) REPRESENTATION_CONTEXT ( 'NONE', 'WORKASPACE' ) );
#4975 = CARTESIAN_POINT ( 'NONE',  ( 0.1250000000000001110, 3.000000000000000000, -0.3995116203837655866 ) ) ;
#4976 = PLANE ( 'NONE',  #2814 ) ;
#4977 = PRESENTATION_STYLE_ASSIGNMENT (( #1670 ) ) ;
#4978 = CARTESIAN_POINT ( 'NONE',  ( -0.7749999999999999112, 2.552580984647486062, -0.3682250350372594516 ) ) ;
#4979 = AXIS2_PLACEMENT_3D ( 'NONE', #97, #44, #6718 ) ;
#4980 = FILL_AREA_STYLE ('',( #7518 ) ) ;
#4981 = ORIENTED_EDGE ( 'NONE', *, *, #866, .F. ) ;
#4982 = LINE ( 'NONE', #9991, #2391 ) ;
#4983 = ORIENTED_EDGE ( 'NONE', *, *, #4174, .F. ) ;
#4984 = ORIENTED_EDGE ( 'NONE', *, *, #2214, .T. ) ;
#4985 = ORIENTED_EDGE ( 'NONE', *, *, #7225, .F. ) ;
#4986 = LINE ( 'NONE', #6626, #3518 ) ;
#4987 = STYLED_ITEM ( 'NONE', ( #6604 ), #6946 ) ;
#4988 = EDGE_CURVE ( 'NONE', #6710, #1921, #7933, .T. ) ;
#4989 = CIRCLE ( 'NONE', #4807, 0.2000000000000000389 ) ;
#4990 = CARTESIAN_POINT ( 'NONE',  ( -0.1249999999999998890, -2.486996912233147228, -0.5641273295552871048 ) ) ;
#4991 = COLOUR_RGB ( '',0.8039215686274510109, 0.8039215686274510109, 0.8039215686274510109 ) ;
#4992 = CARTESIAN_POINT ( 'NONE',  ( -1.824999999999999734, 2.474082528530912928, -0.3203740982435569484 ) ) ;
#4993 = FACE_OUTER_BOUND ( 'NONE', #8225, .T. ) ;
#4994 = ORIENTED_EDGE ( 'NONE', *, *, #2549, .T. ) ;
#4995 = ORIENTED_EDGE ( 'NONE', *, *, #2662, .T. ) ;
#4996 = ORIENTED_EDGE ( 'NONE', *, *, #2981, .F. ) ;
#4997 = CARTESIAN_POINT ( 'NONE',  ( -1.424999999999999822, 2.106267956964054999, 0.09999999999999999167 ) ) ;
#4998 = COLOUR_RGB ( '',0.8039215686274510109, 0.8039215686274510109, 0.8039215686274510109 ) ;
#4999 = ADVANCED_FACE ( 'NONE', ( #6273 ), #1990, .T. ) ;
#5000 =( GEOMETRIC_REPRESENTATION_CONTEXT ( 3 ) GLOBAL_UNCERTAINTY_ASSIGNED_CONTEXT ( ( #8154 ) ) GLOBAL_UNIT_ASSIGNED_CONTEXT ( ( #1318, #1213, #6130 ) ) REPRESENTATION_CONTEXT ( 'NONE', 'WORKASPACE' ) );
#5001 = VECTOR ( 'NONE', #5380, 1000.000000000000000 ) ;
#5002 = DIRECTION ( 'NONE',  ( 0.000000000000000000, -0.06975647374412539958, -0.9975640502598243087 ) ) ;
#5003 = ORIENTED_EDGE ( 'NONE', *, *, #1202, .T. ) ;
#5004 = DIRECTION ( 'NONE',  ( 1.000000000000000000, 0.000000000000000000, 0.000000000000000000 ) ) ;
#5005 = CARTESIAN_POINT ( 'NONE',  ( 2.449998880753507358, -1.875409738600887222, 0.1000106489190369929 ) ) ;
#5006 = DIRECTION ( 'NONE',  ( 1.000000000000000000, 0.000000000000000000, -0.000000000000000000 ) ) ;
#5007 = CARTESIAN_POINT ( 'NONE',  ( 2.376217025357842516, 1.876217025357843848, 0.08449019374921866443 ) ) ;
#5008 = ORIENTED_EDGE ( 'NONE', *, *, #6180, .T. ) ;
#5009 = AXIS2_PLACEMENT_3D ( 'NONE', #7885, #7150, #10518 ) ;
#5011 =( NAMED_UNIT ( * ) SI_UNIT ( $, .STERADIAN. ) SOLID_ANGLE_UNIT ( ) );
#5010 = DIRECTION ( 'NONE',  ( 0.000000000000000000, 0.9975640502598241977, 0.06975647374412538571 ) ) ;
#5012 = MECHANICAL_DESIGN_GEOMETRIC_PRESENTATION_REPRESENTATION (  '', ( #5893 ), #10635 ) ;
#5013 = ORIENTED_EDGE ( 'NONE', *, *, #9764, .T. ) ;
#5014 = VECTOR ( 'NONE', #7453, 1000.000000000000000 ) ;
#5015 = AXIS2_PLACEMENT_3D ( 'NONE', #2374, #9105, #9045 ) ;
#5016 = AXIS2_PLACEMENT_3D ( 'NONE', #8823, #342, #8588 ) ;
#5017 = SURFACE_STYLE_USAGE ( .BOTH. , #4960 ) ;
#5018 = LINE ( 'NONE', #8275, #3153 ) ;
#5019 = AXIS2_PLACEMENT_3D ( 'NONE', #8261, #1955, #9450 ) ;
#5020 = ORIENTED_EDGE ( 'NONE', *, *, #1187, .T. ) ;
#5021 = CIRCLE ( 'NONE', #1378, 0.2000000000000000389 ) ;
#5022 = VECTOR ( 'NONE', #5213, 1000.000000000000227 ) ;
#5023 = FILL_AREA_STYLE_COLOUR ( '', #5361 ) ;
#5024 = LINE ( 'NONE', #2485, #1922 ) ;
#5025 = EDGE_CURVE ( 'NONE', #2108, #888, #9209, .T. ) ;
#5026 = FILL_AREA_STYLE_COLOUR ( '', #8118 ) ;
#5027 = EDGE_LOOP ( 'NONE', ( #6735, #4508, #1042, #5817 ) ) ;
#5028 = ADVANCED_FACE ( 'NONE', ( #7155 ), #8653, .T. ) ;
#5029 = PLANE ( 'NONE',  #7637 ) ;
#5030 = FACE_OUTER_BOUND ( 'NONE', #9184, .T. ) ;
#5031 = EDGE_LOOP ( 'NONE', ( #159, #4018, #5970, #256 ) ) ;
#5032 = LINE ( 'NONE', #10151, #9223 ) ;
#5033 = AXIS2_PLACEMENT_3D ( 'NONE', #10269, #1160, #9451 ) ;
#5034 = SURFACE_SIDE_STYLE ('',( #1732 ) ) ;
#5035 =( NAMED_UNIT ( * ) SI_UNIT ( $, .STERADIAN. ) SOLID_ANGLE_UNIT ( ) );
#5036 = VECTOR ( 'NONE', #3864, 1000.000000000000227 ) ;
#5037 = DIRECTION ( 'NONE',  ( 1.000000000000000000, 0.000000000000000000, 0.000000000000000000 ) ) ;
#5038 = UNCERTAINTY_MEASURE_WITH_UNIT (LENGTH_MEASURE( 1.000000000000000082E-05 ), #3622, 'distance_accuracy_value', 'NONE');
#5039 = SPHERICAL_SURFACE ( 'NONE', #6743, 0.07499999999999999722 ) ;
#5040 = CARTESIAN_POINT ( 'NONE',  ( 1.175000000000000044, 2.330000000000000071, -0.4684254559678819319 ) ) ;
#5041 = CARTESIAN_POINT ( 'NONE',  ( -0.1249999999999998890, -2.106267956964054999, 0.09999999999999999167 ) ) ;
#5042 =( NAMED_UNIT ( * ) PLANE_ANGLE_UNIT ( ) SI_UNIT ( $, .RADIAN. ) );
#5043 = ORIENTED_EDGE ( 'NONE', *, *, #327, .F. ) ;
#5044 = DIRECTION ( 'NONE',  ( 0.000000000000000000, 1.000000000000000000, -8.672620682681688006E-17 ) ) ;
#5045 = ORIENTED_EDGE ( 'NONE', *, *, #1119, .T. ) ;
#5046 = ORIENTED_EDGE ( 'NONE', *, *, #10581, .T. ) ;
#5047 = FILL_AREA_STYLE_COLOUR ( '', #3029 ) ;
#5048 = SURFACE_STYLE_FILL_AREA ( #9448 ) ;
#5049 = DIRECTION ( 'NONE',  ( 0.000000000000000000, 0.000000000000000000, -1.000000000000000000 ) ) ;
#5050 = LINE ( 'NONE', #1574, #657 ) ;
#5051 = DIRECTION ( 'NONE',  ( -0.9945218953682732899, 0.000000000000000000, -0.1045284632676541231 ) ) ;
#5052 = SURFACE_SIDE_STYLE ('',( #5872 ) ) ;
#5053 = AXIS2_PLACEMENT_3D ( 'NONE', #3024, #8934, #8816 ) ;
#5054 = EDGE_LOOP ( 'NONE', ( #7194, #222, #8595, #3905 ) ) ;
#5055 = EDGE_CURVE ( 'NONE', #4395, #5534, #8882, .T. ) ;
#5056 = ORIENTED_EDGE ( 'NONE', *, *, #9772, .F. ) ;
#5057 = DIRECTION ( 'NONE',  ( 0.000000000000000000, -0.5190546823227987216, -0.8547410349098599758 ) ) ;
#5058 =( NAMED_UNIT ( * ) PLANE_ANGLE_UNIT ( ) SI_UNIT ( $, .RADIAN. ) );
#5059 = DIRECTION ( 'NONE',  ( 0.000000000000000000, 0.000000000000000000, -1.000000000000000000 ) ) ;
#5060 = DIRECTION ( 'NONE',  ( 0.000000000000000000, 0.000000000000000000, -1.000000000000000000 ) ) ;
#5061 = ORIENTED_EDGE ( 'NONE', *, *, #167, .T. ) ;
#5062 = DIRECTION ( 'NONE',  ( 0.000000000000000000, -0.5190546823227979445, 0.8547410349098604199 ) ) ;
#5063 = ORIENTED_EDGE ( 'NONE', *, *, #1436, .F. ) ;
#5064 = SURFACE_STYLE_FILL_AREA ( #4292 ) ;
#5065 = MANIFOLD_SOLID_BREP ( 'LPattern1[1]', #3327 ) ;
#5066 = ADVANCED_FACE ( 'NONE', ( #6788 ), #7525, .F. ) ;
#5067 = DIRECTION ( 'NONE',  ( 0.000000000000000000, 0.000000000000000000, -1.000000000000000000 ) ) ;
#5068 = LINE ( 'NONE', #8429, #2104 ) ;
#5069 = UNCERTAINTY_MEASURE_WITH_UNIT (LENGTH_MEASURE( 1.000000000000000082E-05 ), #1043, 'distance_accuracy_value', 'NONE');
#5070 = ORIENTED_EDGE ( 'NONE', *, *, #4754, .F. ) ;
#5071 = DIRECTION ( 'NONE',  ( 1.000000000000000000, 0.000000000000000000, 0.000000000000000000 ) ) ;
#5072 = CARTESIAN_POINT ( 'NONE',  ( -0.1249999999999998890, -2.277216163946027105, 0.003810936464559766534 ) ) ;
#5073 = SURFACE_STYLE_FILL_AREA ( #7767 ) ;
#5074 = CARTESIAN_POINT ( 'NONE',  ( 0.5250000000000000222, -1.949999999999999512, -0.1000000000000000056 ) ) ;
#5075 = ORIENTED_EDGE ( 'NONE', *, *, #8850, .T. ) ;
#5076 = FACE_OUTER_BOUND ( 'NONE', #10785, .T. ) ;
#5077 = PRESENTATION_STYLE_ASSIGNMENT (( #7668 ) ) ;
#5078 = ORIENTED_EDGE ( 'NONE', *, *, #1831, .T. ) ;
#5079 = DIRECTION ( 'NONE',  ( 1.000000000000000000, 0.000000000000000000, 0.000000000000000000 ) ) ;
#5080 = SURFACE_STYLE_FILL_AREA ( #4045 ) ;
#5081 = AXIS2_PLACEMENT_3D ( 'NONE', #8422, #797, #2572 ) ;
#5082 = CARTESIAN_POINT ( 'NONE',  ( -1.424999999999999822, -2.330000000000000071, -0.4684254559678819319 ) ) ;
#5083 =( NAMED_UNIT ( * ) PLANE_ANGLE_UNIT ( ) SI_UNIT ( $, .RADIAN. ) );
#5084 = DIRECTION ( 'NONE',  ( 0.000000000000000000, 0.000000000000000000, -1.000000000000000000 ) ) ;
#5085 =( BOUNDED_CURVE ( )  B_SPLINE_CURVE ( 3, ( #7472, #10820, #892, #732 ),
 .UNSPECIFIED., .F., .F. ) 
 B_SPLINE_CURVE_WITH_KNOTS ( ( 4, 4 ),
 ( 6.277722098658041538, 6.283185307179586232 ),
 .UNSPECIFIED. ) 
 CURVE ( )  GEOMETRIC_REPRESENTATION_ITEM ( )  RATIONAL_B_SPLINE_CURVE ( ( 1.000000000000000000, 0.9999975127809339615, 0.9999975127809339615, 1.000000000000000000 ) ) 
 REPRESENTATION_ITEM ( '' )  );
#5086 = VERTEX_POINT ( 'NONE', #54 ) ;
#5087 = CARTESIAN_POINT ( 'NONE',  ( -1.424999999999999822, 2.049999999999999822, -0.2000000000000000111 ) ) ;
#5088 = EDGE_CURVE ( 'NONE', #9200, #4904, #936, .T. ) ;
#5089 = EDGE_LOOP ( 'NONE', ( #9035, #2363, #9498, #2046 ) ) ;
#5090 = DIRECTION ( 'NONE',  ( 0.000000000000000000, 1.000000000000000000, 0.000000000000000000 ) ) ;
#5091 = ORIENTED_EDGE ( 'NONE', *, *, #3570, .F. ) ;
#5092 = EDGE_LOOP ( 'NONE', ( #3131, #6901, #1133, #8032 ) ) ;
#5093 = EDGE_CURVE ( 'NONE', #8395, #3535, #4989, .T. ) ;
#5094 = LINE ( 'NONE', #6727, #5799 ) ;
#5095 = FILL_AREA_STYLE_COLOUR ( '', #10413 ) ;
#5096 = DIRECTION ( 'NONE',  ( 1.000000000000000000, 0.000000000000000000, 0.000000000000000000 ) ) ;
#5097 = PRESENTATION_LAYER_ASSIGNMENT (  '', '', ( #2338 ) ) ;
#5098 = MANIFOLD_SOLID_BREP ( 'LPattern1[11]', #6969 ) ;
#5099 = CARTESIAN_POINT ( 'NONE',  ( 1.425000000000000044, -2.552580984647486062, -0.3682250350372596737 ) ) ;
#5100 = ORIENTED_EDGE ( 'NONE', *, *, #7380, .F. ) ;
#5101 =( NAMED_UNIT ( * ) PLANE_ANGLE_UNIT ( ) SI_UNIT ( $, .RADIAN. ) );
#5102 = EDGE_LOOP ( 'NONE', ( #5703, #8447, #6680, #3623, #9718, #6955 ) ) ;
#5103 = DIRECTION ( 'NONE',  ( 0.000000000000000000, -0.5190546823227978335, 0.8547410349098604199 ) ) ;
#5104 = DIRECTION ( 'NONE',  ( 0.000000000000000000, -8.672620682681688006E-17, 1.000000000000000000 ) ) ;
#5105 = PRESENTATION_LAYER_ASSIGNMENT (  '', '', ( #10728 ) ) ;
#5106 = FILL_AREA_STYLE ('',( #1807 ) ) ;
#5107 = CARTESIAN_POINT ( 'NONE',  ( 1.824999999999999956, 1.949999999999999512, 0.1000000000000000056 ) ) ;
#5108 = SURFACE_STYLE_FILL_AREA ( #3571 ) ;
#5109 = CARTESIAN_POINT ( 'NONE',  ( -2.074999999999999734, -2.330000000000000071, -0.4684254559678819319 ) ) ;
#5110 = ORIENTED_EDGE ( 'NONE', *, *, #6287, .F. ) ;
#5111 = CARTESIAN_POINT ( 'NONE',  ( -1.174999999999999822, 2.106267956964054999, 0.09999999999999999167 ) ) ;
#5112 =( NAMED_UNIT ( * ) PLANE_ANGLE_UNIT ( ) SI_UNIT ( $, .RADIAN. ) );
#5113 = COLOUR_RGB ( '',0.8039215686274510109, 0.8039215686274510109, 0.8039215686274510109 ) ;
#5114 = ORIENTED_EDGE ( 'NONE', *, *, #8647, .T. ) ;
#5115 = DIRECTION ( 'NONE',  ( 1.000000000000000000, 0.000000000000000000, 0.000000000000000000 ) ) ;
#5116 = STYLED_ITEM ( 'NONE', ( #5850 ), #788 ) ;
#5117 = EDGE_CURVE ( 'NONE', #335, #9763, #10263, .T. ) ;
#5118 = ORIENTED_EDGE ( 'NONE', *, *, #4229, .T. ) ;
#5119 = DIRECTION ( 'NONE',  ( 0.000000000000000000, 0.000000000000000000, -1.000000000000000000 ) ) ;
#5120 = EDGE_CURVE ( 'NONE', #1074, #7866, #205, .T. ) ;
#5121 = CARTESIAN_POINT ( 'NONE',  ( 0.7750000000000001332, 2.474082528530912928, -0.3203740982435569484 ) ) ;
#5122 = DIRECTION ( 'NONE',  ( 1.000000000000000000, 0.000000000000000000, 0.000000000000000000 ) ) ;
#5123 = PRESENTATION_STYLE_ASSIGNMENT (( #7664 ) ) ;
#5124 = ORIENTED_EDGE ( 'NONE', *, *, #5658, .F. ) ;
#5125 = EDGE_CURVE ( 'NONE', #2158, #5238, #5603, .T. ) ;
#5126 = PRESENTATION_STYLE_ASSIGNMENT (( #596 ) ) ;
#5127 = VECTOR ( 'NONE', #313, 1000.000000000000000 ) ;
#5128 = PRESENTATION_LAYER_ASSIGNMENT (  '', '', ( #5297 ) ) ;
#5129 = DIRECTION ( 'NONE',  ( 0.000000000000000000, 0.000000000000000000, -1.000000000000000000 ) ) ;
#5130 = AXIS2_PLACEMENT_3D ( 'NONE', #2298, #2240, #6351 ) ;
#5131 = DIRECTION ( 'NONE',  ( 0.000000000000000000, 0.000000000000000000, -1.000000000000000000 ) ) ;
#5132 = MANIFOLD_SOLID_BREP ( 'Boss-Extrude4', #1045 ) ;
#5133 = UNCERTAINTY_MEASURE_WITH_UNIT (LENGTH_MEASURE( 1.000000000000000082E-05 ), #1880, 'distance_accuracy_value', 'NONE');
#5134 = FILL_AREA_STYLE_COLOUR ( '', #8353 ) ;
#5135 =( NAMED_UNIT ( * ) SI_UNIT ( $, .STERADIAN. ) SOLID_ANGLE_UNIT ( ) );
#5136 = DIRECTION ( 'NONE',  ( 1.000000000000000000, 0.000000000000000000, 0.000000000000000000 ) ) ;
#5137 = ORIENTED_EDGE ( 'NONE', *, *, #8155, .F. ) ;
#5138 =( NAMED_UNIT ( * ) SI_UNIT ( $, .STERADIAN. ) SOLID_ANGLE_UNIT ( ) );
#5139 = ORIENTED_EDGE ( 'NONE', *, *, #8623, .F. ) ;
#5140 = VECTOR ( 'NONE', #9466, 1000.000000000000114 ) ;
#5141 = MECHANICAL_DESIGN_GEOMETRIC_PRESENTATION_REPRESENTATION (  '', ( #4436 ), #8491 ) ;
#5142 = EDGE_LOOP ( 'NONE', ( #6674, #9791, #10302, #4761, #10186, #10835, #317, #7132, #3756, #10239, #2335, #138 ) ) ;
#5143 =( GEOMETRIC_REPRESENTATION_CONTEXT ( 3 ) GLOBAL_UNCERTAINTY_ASSIGNED_CONTEXT ( ( #232 ) ) GLOBAL_UNIT_ASSIGNED_CONTEXT ( ( #7172, #2064, #546 ) ) REPRESENTATION_CONTEXT ( 'NONE', 'WORKASPACE' ) );
#5144 = FACE_OUTER_BOUND ( 'NONE', #9396, .T. ) ;
#5145 = FILL_AREA_STYLE_COLOUR ( '', #1753 ) ;
#5146 = CARTESIAN_POINT ( 'NONE',  ( -0.5249999999999999112, -2.049999999999999822, -0.2000000000000000111 ) ) ;
#5147 = ADVANCED_FACE ( 'NONE', ( #4778 ), #9732, .T. ) ;
#5148 = VERTEX_POINT ( 'NONE', #3740 ) ;
#5149 = EDGE_CURVE ( 'NONE', #2617, #2263, #8133, .T. ) ;
#5150 = ORIENTED_EDGE ( 'NONE', *, *, #5125, .T. ) ;
#5151 = SURFACE_STYLE_USAGE ( .BOTH. , #1226 ) ;
#5152 = VECTOR ( 'NONE', #1503, 1000.000000000000000 ) ;
#5153 = CYLINDRICAL_SURFACE ( 'NONE', #8260, 0.1000000000000000194 ) ;
#5154 = ADVANCED_FACE ( 'NONE', ( #7071 ), #619, .T. ) ;
#5155 =( NAMED_UNIT ( * ) SI_UNIT ( $, .STERADIAN. ) SOLID_ANGLE_UNIT ( ) );
#5156 = MECHANICAL_DESIGN_GEOMETRIC_PRESENTATION_REPRESENTATION (  '', ( #3755 ), #9388 ) ;
#5157 = VERTEX_POINT ( 'NONE', #3058 ) ;
#5158 = LINE ( 'NONE', #7749, #6685 ) ;
#5159 = FILL_AREA_STYLE_COLOUR ( '', #10004 ) ;
#5160 = VECTOR ( 'NONE', #2790, 1000.000000000000000 ) ;
#5161 = SURFACE_SIDE_STYLE ('',( #7648 ) ) ;
#5162 = ORIENTED_EDGE ( 'NONE', *, *, #849, .F. ) ;
#5163 = ORIENTED_EDGE ( 'NONE', *, *, #4763, .T. ) ;
#5164 = STYLED_ITEM ( 'NONE', ( #7398 ), #4874 ) ;
#5165 = CARTESIAN_POINT ( 'NONE',  ( 1.175000000000000044, 2.049999999999999822, -0.2000000000000000111 ) ) ;
#5166 =( GEOMETRIC_REPRESENTATION_CONTEXT ( 3 ) GLOBAL_UNCERTAINTY_ASSIGNED_CONTEXT ( ( #6486 ) ) GLOBAL_UNIT_ASSIGNED_CONTEXT ( ( #1960, #5257, #3564 ) ) REPRESENTATION_CONTEXT ( 'NONE', 'WORKASPACE' ) );
#5167 = STYLED_ITEM ( 'NONE', ( #4536 ), #8291 ) ;
#5168 = SURFACE_STYLE_FILL_AREA ( #5900 ) ;
#5169 = AXIS2_PLACEMENT_3D ( 'NONE', #7236, #4599, #7953 ) ;
#5170 =( GEOMETRIC_REPRESENTATION_CONTEXT ( 3 ) GLOBAL_UNCERTAINTY_ASSIGNED_CONTEXT ( ( #3092 ) ) GLOBAL_UNIT_ASSIGNED_CONTEXT ( ( #5395, #7882, #3647 ) ) REPRESENTATION_CONTEXT ( 'NONE', 'WORKASPACE' ) );
#5171 = UNCERTAINTY_MEASURE_WITH_UNIT (LENGTH_MEASURE( 1.000000000000000082E-05 ), #3930, 'distance_accuracy_value', 'NONE');
#5172 = SURFACE_STYLE_FILL_AREA ( #6910 ) ;
#5173 = ORIENTED_EDGE ( 'NONE', *, *, #8727, .F. ) ;
#5174 = COLOUR_RGB ( '',0.8039215686274510109, 0.8039215686274510109, 0.8039215686274510109 ) ;
#5175 = DIRECTION ( 'NONE',  ( 1.000000000000000000, 0.000000000000000000, 0.000000000000000000 ) ) ;
#5176 = STYLED_ITEM ( 'NONE', ( #5470 ), #9071 ) ;
#5177 =( LENGTH_UNIT ( ) NAMED_UNIT ( * ) SI_UNIT ( .MILLI., .METRE. ) );
#5178 = DIRECTION ( 'NONE',  ( 0.000000000000000000, 0.9975640502598241977, -0.06975647374412544122 ) ) ;
#5179 = ORIENTED_EDGE ( 'NONE', *, *, #8481, .F. ) ;
#5180 = AXIS2_PLACEMENT_3D ( 'NONE', #10096, #10253, #4369 ) ;
#5181 = VECTOR ( 'NONE', #10550, 1000.000000000000000 ) ;
#5182 = LINE ( 'NONE', #10405, #5708 ) ;
#5183 =( NAMED_UNIT ( * ) SI_UNIT ( $, .STERADIAN. ) SOLID_ANGLE_UNIT ( ) );
#5184 = EDGE_CURVE ( 'NONE', #613, #8105, #2136, .T. ) ;
#5185 = DIRECTION ( 'NONE',  ( 0.1039620511844979167, 0.1039620511844979583, 0.9891328443778538704 ) ) ;
#5186 = STYLED_ITEM ( 'NONE', ( #910 ), #4334 ) ;
#5187 = CARTESIAN_POINT ( 'NONE',  ( 0.5250000000000000222, 2.049999999999999822, -0.2000000000000000111 ) ) ;
#5188 = AXIS2_PLACEMENT_3D ( 'NONE', #5340, #1204, #1254 ) ;
#5189 = COLOUR_RGB ( '',0.8039215686274510109, 0.8039215686274510109, 0.8039215686274510109 ) ;
#5190 = CARTESIAN_POINT ( 'NONE',  ( -0.7749999999999999112, -2.474082528530912928, -0.3203740982435569484 ) ) ;
#5191 = CIRCLE ( 'NONE', #6233, 0.09999999999999982514 ) ;
#5192 =( NAMED_UNIT ( * ) PLANE_ANGLE_UNIT ( ) SI_UNIT ( $, .RADIAN. ) );
#5193 = MANIFOLD_SOLID_BREP ( 'Mirror2', #2307 ) ;
#5194 = DIRECTION ( 'NONE',  ( 1.000000000000000000, 0.000000000000000000, 0.000000000000000000 ) ) ;
#5195 = DIRECTION ( 'NONE',  ( 0.000000000000000000, 0.000000000000000000, -1.000000000000000000 ) ) ;
#5196 = LINE ( 'NONE', #4479, #1892 ) ;
#5197 = PRESENTATION_STYLE_ASSIGNMENT (( #7680 ) ) ;
#5198 = CARTESIAN_POINT ( 'NONE',  ( -2.335172790808107468, -1.909761932960727382, 0.4828396347450739645 ) ) ;
#5199 = ORIENTED_EDGE ( 'NONE', *, *, #5770, .T. ) ;
#5200 = AXIS2_PLACEMENT_3D ( 'NONE', #8678, #10024, #1777 ) ;
#5201 = EDGE_CURVE ( 'NONE', #7705, #7443, #1241, .T. ) ;
#5202 = ORIENTED_EDGE ( 'NONE', *, *, #68, .F. ) ;
#5203 = AXIS2_PLACEMENT_3D ( 'NONE', #3027, #10577, #5570 ) ;
#5204 = PRESENTATION_STYLE_ASSIGNMENT (( #6020 ) ) ;
#5205 = CARTESIAN_POINT ( 'NONE',  ( 2.075000000000000178, 3.000000000000000000, -0.6000000000000000888 ) ) ;
#5206 = ADVANCED_FACE ( 'NONE', ( #2188 ), #10616, .T. ) ;
#5207 =( LENGTH_UNIT ( ) NAMED_UNIT ( * ) SI_UNIT ( .MILLI., .METRE. ) );
#5208 = DIRECTION ( 'NONE',  ( 0.000000000000000000, 1.000000000000000000, -8.672620682681688006E-17 ) ) ;
#5209 = CARTESIAN_POINT ( 'NONE',  ( 2.335172790808106580, 1.909761932960728270, 0.4828396347450739645 ) ) ;
#5210 = VECTOR ( 'NONE', #7829, 1000.000000000000000 ) ;
#5211 = MANIFOLD_SOLID_BREP ( 'LPattern1[3]', #2826 ) ;
#5212 = EDGE_LOOP ( 'NONE', ( #9946, #3199, #7016, #3311 ) ) ;
#5213 = DIRECTION ( 'NONE',  ( 0.000000000000000000, 0.9975640502598241977, 0.06975647374412535795 ) ) ;
#5214 = ORIENTED_EDGE ( 'NONE', *, *, #2218, .F. ) ;
#5215 = CARTESIAN_POINT ( 'NONE',  ( 2.000000000000000000, -1.324999999999999512, -0.4499999999999999556 ) ) ;
#5216 = ORIENTED_EDGE ( 'NONE', *, *, #6195, .T. ) ;
#5217 = FILL_AREA_STYLE_COLOUR ( '', #358 ) ;
#5218 = EDGE_CURVE ( 'NONE', #9015, #1909, #1694, .T. ) ;
#5219 = DIRECTION ( 'NONE',  ( 0.000000000000000000, 1.000000000000000000, -8.672620682681688006E-17 ) ) ;
#5220 = VECTOR ( 'NONE', #6317, 1000.000000000000000 ) ;
#5221 =( LENGTH_UNIT ( ) NAMED_UNIT ( * ) SI_UNIT ( .MILLI., .METRE. ) );
#5222 = ORIENTED_EDGE ( 'NONE', *, *, #10338, .T. ) ;
#5223 = SURFACE_STYLE_FILL_AREA ( #6105 ) ;
#5224 = SURFACE_STYLE_USAGE ( .BOTH. , #2132 ) ;
#5225 = EDGE_LOOP ( 'NONE', ( #8102, #8025, #1360, #3114 ) ) ;
#5226 =( LENGTH_UNIT ( ) NAMED_UNIT ( * ) SI_UNIT ( .MILLI., .METRE. ) );
#5227 = DIRECTION ( 'NONE',  ( -1.000000000000000000, -0.000000000000000000, -0.000000000000000000 ) ) ;
#5228 =( GEOMETRIC_REPRESENTATION_CONTEXT ( 3 ) GLOBAL_UNCERTAINTY_ASSIGNED_CONTEXT ( ( #410 ) ) GLOBAL_UNIT_ASSIGNED_CONTEXT ( ( #7162, #1268, #9767 ) ) REPRESENTATION_CONTEXT ( 'NONE', 'WORKASPACE' ) );
#5229 = EDGE_CURVE ( 'NONE', #851, #1868, #9896, .T. ) ;
#5230 = DIRECTION ( 'NONE',  ( 0.000000000000000000, 0.5190546823227978335, 0.8547410349098604199 ) ) ;
#5231 = VERTEX_POINT ( 'NONE', #8210 ) ;
#5232 = CARTESIAN_POINT ( 'NONE',  ( -0.1249999999999998890, -2.049999999999999822, -0.2000000000000000111 ) ) ;
#5233 = SURFACE_SIDE_STYLE ('',( #4358 ) ) ;
#5234 = CARTESIAN_POINT ( 'NONE',  ( -1.424999999999999822, 2.135474103490985875, -0.1480945317677201667 ) ) ;
#5235 = ORIENTED_EDGE ( 'NONE', *, *, #10768, .T. ) ;
#5236 = PRESENTATION_STYLE_ASSIGNMENT (( #1249 ) ) ;
#5237 = EDGE_CURVE ( 'NONE', #3762, #3397, #9086, .T. ) ;
#5238 = VERTEX_POINT ( 'NONE', #4127 ) ;
#5239 = CARTESIAN_POINT ( 'NONE',  ( 0.7750000000000001332, -2.500948206981972177, -0.3646145195033222430 ) ) ;
#5240 = SURFACE_SIDE_STYLE ('',( #10357 ) ) ;
#5241 = CARTESIAN_POINT ( 'NONE',  ( -1.174999999999999822, -2.049999999999999822, -0.2000000000000000111 ) ) ;
#5242 =( LENGTH_UNIT ( ) NAMED_UNIT ( * ) SI_UNIT ( .MILLI., .METRE. ) );
#5243 = PRESENTATION_STYLE_ASSIGNMENT (( #96 ) ) ;
#5244 = ADVANCED_FACE ( 'NONE', ( #4943 ), #2516, .T. ) ;
#5245 = PLANE ( 'NONE',  #8634 ) ;
#5246 = ORIENTED_EDGE ( 'NONE', *, *, #98, .F. ) ;
#5247 = VERTEX_POINT ( 'NONE', #8621 ) ;
#5248 = FILL_AREA_STYLE ('',( #4375 ) ) ;
#5249 = DIRECTION ( 'NONE',  ( 0.000000000000000000, -1.000000000000000000, -8.672620682681688006E-17 ) ) ;
#5250 = CARTESIAN_POINT ( 'NONE',  ( 1.824999999999999956, -1.949999999999999512, -0.1000000000000000056 ) ) ;
#5251 = FILL_AREA_STYLE ('',( #4431 ) ) ;
#5252 =( LENGTH_UNIT ( ) NAMED_UNIT ( * ) SI_UNIT ( .MILLI., .METRE. ) );
#5253 = EDGE_LOOP ( 'NONE', ( #9281, #7156, #5332, #9924 ) ) ;
#5254 = EDGE_CURVE ( 'NONE', #5438, #9484, #9454, .T. ) ;
#5255 = CARTESIAN_POINT ( 'NONE',  ( -1.424999999999999822, 2.277216163946027105, 0.003810936464559820311 ) ) ;
#5256 = PRESENTATION_LAYER_ASSIGNMENT (  '', '', ( #8959 ) ) ;
#5257 =( NAMED_UNIT ( * ) PLANE_ANGLE_UNIT ( ) SI_UNIT ( $, .RADIAN. ) );
#5258 = CARTESIAN_POINT ( 'NONE',  ( -1.174999999999999822, 1.949999999999999512, -0.1000000000000000056 ) ) ;
#5259 = FILL_AREA_STYLE ('',( #217 ) ) ;
#5260 = SURFACE_STYLE_USAGE ( .BOTH. , #10175 ) ;
#5261 = CARTESIAN_POINT ( 'NONE',  ( 2.449998880753507358, -1.875409738600887222, 0.1000106489190369929 ) ) ;
#5262 = ORIENTED_EDGE ( 'NONE', *, *, #4419, .T. ) ;
#5263 = CARTESIAN_POINT ( 'NONE',  ( -2.000000000000000000, -1.324999999999999512, -0.5499999999999999334 ) ) ;
#5264 =( NAMED_UNIT ( * ) PLANE_ANGLE_UNIT ( ) SI_UNIT ( $, .RADIAN. ) );
#5265 = ORIENTED_EDGE ( 'NONE', *, *, #8058, .T. ) ;
#5266 = CARTESIAN_POINT ( 'NONE',  ( -1.750172790808107282, -1.445172790808107122, 0.5499999999999999334 ) ) ;
#5267 = MECHANICAL_DESIGN_GEOMETRIC_PRESENTATION_REPRESENTATION (  '', ( #3034 ), #8977 ) ;
#5268 = DIRECTION ( 'NONE',  ( 0.000000000000000000, 0.000000000000000000, -1.000000000000000000 ) ) ;
#5269 = FILL_AREA_STYLE_COLOUR ( '', #3735 ) ;
#5270 = UNCERTAINTY_MEASURE_WITH_UNIT (LENGTH_MEASURE( 1.000000000000000082E-05 ), #9202, 'distance_accuracy_value', 'NONE');
#5271 = CARTESIAN_POINT ( 'NONE',  ( -1.424999999999999822, 2.474082528530912928, -0.3203740982435569484 ) ) ;
#5272 = EDGE_LOOP ( 'NONE', ( #2450, #887, #6637, #6503 ) ) ;
#5273 = EDGE_CURVE ( 'NONE', #3112, #4732, #1855, .T. ) ;
#5274 = FILL_AREA_STYLE_COLOUR ( '', #4862 ) ;
#5275 = STYLED_ITEM ( 'NONE', ( #6477 ), #10505 ) ;
#5276 =( NAMED_UNIT ( * ) PLANE_ANGLE_UNIT ( ) SI_UNIT ( $, .RADIAN. ) );
#5277 = CARTESIAN_POINT ( 'NONE',  ( -1.945172790808107344, -1.445172790808107122, -0.01154328932550770584 ) ) ;
#5278 = ORIENTED_EDGE ( 'NONE', *, *, #5511, .T. ) ;
#5279 = LINE ( 'NONE', #8709, #9052 ) ;
#5280 = CARTESIAN_POINT ( 'NONE',  ( 2.374999999999999112, 1.875000000000000444, 0.1000000000000000056 ) ) ;
#5281 = ADVANCED_FACE ( 'NONE', ( #4343 ), #4441, .T. ) ;
#5282 = EDGE_CURVE ( 'NONE', #4033, #10585, #2835, .T. ) ;
#5283 = VERTEX_POINT ( 'NONE', #166 ) ;
#5284 =( NAMED_UNIT ( * ) SI_UNIT ( $, .STERADIAN. ) SOLID_ANGLE_UNIT ( ) );
#5285 = VECTOR ( 'NONE', #3477, 1000.000000000000000 ) ;
#5286 = DIRECTION ( 'NONE',  ( 0.000000000000000000, 0.000000000000000000, -1.000000000000000000 ) ) ;
#5287 = LINE ( 'NONE', #8759, #7791 ) ;
#5289 = EDGE_CURVE ( 'NONE', #1539, #904, #3629, .T. ) ;
#5288 = VECTOR ( 'NONE', #7002, 1000.000000000000000 ) ;
#5290 = DIRECTION ( 'NONE',  ( 1.000000000000000000, 0.000000000000000000, 0.000000000000000000 ) ) ;
#5291 = CARTESIAN_POINT ( 'NONE',  ( 1.824999999999999956, 2.486996912233147228, -0.5641273295552871048 ) ) ;
#5292 = CARTESIAN_POINT ( 'NONE',  ( 2.408654545973158978, 1.834065403820540174, 0.4933757181366588696 ) ) ;
#5293 = LINE ( 'NONE', #6491, #10433 ) ;
#5294 = DIRECTION ( 'NONE',  ( 0.000000000000000000, -0.9975640502598241977, 0.06975647374412538571 ) ) ;
#5295 = VECTOR ( 'NONE', #8230, 1000.000000000000114 ) ;
#5296 = ORIENTED_EDGE ( 'NONE', *, *, #7862, .T. ) ;
#5297 = STYLED_ITEM ( 'NONE', ( #4889 ), #496 ) ;
#5298 =( NAMED_UNIT ( * ) PLANE_ANGLE_UNIT ( ) SI_UNIT ( $, .RADIAN. ) );
#5299 = ORIENTED_EDGE ( 'NONE', *, *, #4359, .F. ) ;
#5300 = CARTESIAN_POINT ( 'NONE',  ( 2.374999999999997335, -1.949999999999999512, 0.1000000000000000056 ) ) ;
#5301 = AXIS2_PLACEMENT_3D ( 'NONE', #9704, #8728, #1218 ) ;
#5302 = CYLINDRICAL_SURFACE ( 'NONE', #1491, 0.07500000000000002498 ) ;
#5303 = DIRECTION ( 'NONE',  ( 1.000000000000000000, -0.000000000000000000, 0.000000000000000000 ) ) ;
#5304 = LINE ( 'NONE', #6988, #5342 ) ;
#5305 = FILL_AREA_STYLE ('',( #111 ) ) ;
#5306 = CARTESIAN_POINT ( 'NONE',  ( -2.074999999999999734, -2.277216163946027105, 0.003810936464559820311 ) ) ;
#5307 = VECTOR ( 'NONE', #2440, 1000.000000000000000 ) ;
#5308 = VECTOR ( 'NONE', #6151, 1000.000000000000000 ) ;
#5309 = ORIENTED_EDGE ( 'NONE', *, *, #2253, .T. ) ;
#5310 = ADVANCED_FACE ( 'NONE', ( #3517 ), #10223, .T. ) ;
#5311 = SURFACE_STYLE_USAGE ( .BOTH. , #2008 ) ;
#5312 = STYLED_ITEM ( 'NONE', ( #2367 ), #1476 ) ;
#5313 = SURFACE_STYLE_FILL_AREA ( #7747 ) ;
#5314 = ORIENTED_EDGE ( 'NONE', *, *, #4163, .T. ) ;
#5315 = CARTESIAN_POINT ( 'NONE',  ( 1.175000000000000044, 3.000000000000000000, -0.3995116203837655866 ) ) ;
#5316 = LINE ( 'NONE', #952, #7896 ) ;
#5317 = VERTEX_POINT ( 'NONE', #1228 ) ;
#5318 =( GEOMETRIC_REPRESENTATION_CONTEXT ( 3 ) GLOBAL_UNCERTAINTY_ASSIGNED_CONTEXT ( ( #454 ) ) GLOBAL_UNIT_ASSIGNED_CONTEXT ( ( #10487, #8730, #10429 ) ) REPRESENTATION_CONTEXT ( 'NONE', 'WORKASPACE' ) );
#5319 = VERTEX_POINT ( 'NONE', #9612 ) ;
#5320 = COLOUR_RGB ( '',0.8039215686274510109, 0.8039215686274510109, 0.8039215686274510109 ) ;
#5321 = ADVANCED_FACE ( 'NONE', ( #10545 ), #6191, .T. ) ;
#5322 = FACE_OUTER_BOUND ( 'NONE', #5876, .T. ) ;
#5323 =( LENGTH_UNIT ( ) NAMED_UNIT ( * ) SI_UNIT ( .MILLI., .METRE. ) );
#5324 = COLOUR_RGB ( '',0.8039215686274510109, 0.8039215686274510109, 0.8039215686274510109 ) ;
#5325 = CARTESIAN_POINT ( 'NONE',  ( -0.1249999999999998890, 3.000000000000000000, -0.6000000000000000888 ) ) ;
#5326 = EDGE_LOOP ( 'NONE', ( #10540, #2230, #6952, #2889 ) ) ;
#5327 = STYLED_ITEM ( 'NONE', ( #6895 ), #5310 ) ;
#5328 = SURFACE_STYLE_USAGE ( .BOTH. , #1070 ) ;
#5329 = CARTESIAN_POINT ( 'NONE',  ( 1.824999999999999956, -2.106267956964054999, -0.09999999999999999167 ) ) ;
#5330 = PRESENTATION_LAYER_ASSIGNMENT (  '', '', ( #5902 ) ) ;
#5331 = LINE ( 'NONE', #10512, #10274 ) ;
#5332 = ORIENTED_EDGE ( 'NONE', *, *, #10155, .F. ) ;
#5333 = VECTOR ( 'NONE', #1762, 1000.000000000000000 ) ;
#5334 = SURFACE_STYLE_USAGE ( .BOTH. , #6708 ) ;
#5335 = PRESENTATION_STYLE_ASSIGNMENT (( #10308 ) ) ;
#5336 =( GEOMETRIC_REPRESENTATION_CONTEXT ( 3 ) GLOBAL_UNCERTAINTY_ASSIGNED_CONTEXT ( ( #7137 ) ) GLOBAL_UNIT_ASSIGNED_CONTEXT ( ( #462, #1368, #7880 ) ) REPRESENTATION_CONTEXT ( 'NONE', 'WORKASPACE' ) );
#5337 = SURFACE_STYLE_USAGE ( .BOTH. , #8644 ) ;
#5338 = ORIENTED_EDGE ( 'NONE', *, *, #8373, .F. ) ;
#5339 =( GEOMETRIC_REPRESENTATION_CONTEXT ( 3 ) GLOBAL_UNCERTAINTY_ASSIGNED_CONTEXT ( ( #2352 ) ) GLOBAL_UNIT_ASSIGNED_CONTEXT ( ( #7905, #6245, #375 ) ) REPRESENTATION_CONTEXT ( 'NONE', 'WORKASPACE' ) );
#5340 = CARTESIAN_POINT ( 'NONE',  ( -2.074999999999999734, -3.000000000000000000, -0.6000000000000000888 ) ) ;
#5341 = FILL_AREA_STYLE ('',( #9633 ) ) ;
#5342 = VECTOR ( 'NONE', #8729, 1000.000000000000000 ) ;
#5343 = CARTESIAN_POINT ( 'NONE',  ( -0.7749999999999999112, -2.049999999999999822, -0.2000000000000000111 ) ) ;
#5344 = VECTOR ( 'NONE', #9926, 1000.000000000000000 ) ;
#5345 = VECTOR ( 'NONE', #3992, 1000.000000000000000 ) ;
#5346 = UNCERTAINTY_MEASURE_WITH_UNIT (LENGTH_MEASURE( 1.000000000000000082E-05 ), #9486, 'distance_accuracy_value', 'NONE');
#5347 = EDGE_CURVE ( 'NONE', #4880, #329, #9717, .T. ) ;
#5348 = VECTOR ( 'NONE', #7221, 1000.000000000000000 ) ;
#5349 = DIRECTION ( 'NONE',  ( 0.000000000000000000, 0.000000000000000000, -1.000000000000000000 ) ) ;
#5350 =( NAMED_UNIT ( * ) SI_UNIT ( $, .STERADIAN. ) SOLID_ANGLE_UNIT ( ) );
#5351 = FILL_AREA_STYLE ('',( #1262 ) ) ;
#5352 = CARTESIAN_POINT ( 'NONE',  ( -1.945172790808107344, -1.445172790808107122, 0.5399999999999999245 ) ) ;
#5353 = ORIENTED_EDGE ( 'NONE', *, *, #5093, .F. ) ;
#5354 = PRESENTATION_LAYER_ASSIGNMENT (  '', '', ( #8701 ) ) ;
#5355 = LINE ( 'NONE', #257, #1721 ) ;
#5356 = VECTOR ( 'NONE', #2529, 1000.000000000000000 ) ;
#5357 = ORIENTED_EDGE ( 'NONE', *, *, #307, .T. ) ;
#5358 = CIRCLE ( 'NONE', #645, 0.1000000000000000194 ) ;
#5359 = EDGE_CURVE ( 'NONE', #2806, #3708, #10100, .T. ) ;
#5360 = VECTOR ( 'NONE', #2305, 1000.000000000000000 ) ;
#5361 = COLOUR_RGB ( '',0.8039215686274510109, 0.8039215686274510109, 0.8039215686274510109 ) ;
#5362 = VECTOR ( 'NONE', #2801, 1000.000000000000000 ) ;
#5363 = DIRECTION ( 'NONE',  ( 0.000000000000000000, 0.000000000000000000, -1.000000000000000000 ) ) ;
#5364 = DIRECTION ( 'NONE',  ( 1.000000000000000000, 0.000000000000000000, 0.000000000000000000 ) ) ;
#5365 = EDGE_CURVE ( 'NONE', #3458, #7215, #328, .T. ) ;
#5366 = AXIS2_PLACEMENT_3D ( 'NONE', #10561, #3060, #3619 ) ;
#5367 = SURFACE_SIDE_STYLE ('',( #6987 ) ) ;
#5368 =( NAMED_UNIT ( * ) PLANE_ANGLE_UNIT ( ) SI_UNIT ( $, .RADIAN. ) );
#5369 = CARTESIAN_POINT ( 'NONE',  ( 2.075000000000000178, 1.949999999999999512, 0.1000000000000000056 ) ) ;
#5370 = PRESENTATION_LAYER_ASSIGNMENT (  '', '', ( #8890 ) ) ;
#5371 = ORIENTED_EDGE ( 'NONE', *, *, #866, .T. ) ;
#5372 = FILL_AREA_STYLE_COLOUR ( '', #6713 ) ;
#5373 = LINE ( 'NONE', #1170, #7183 ) ;
#5374 = STYLED_ITEM ( 'NONE', ( #10654 ), #5821 ) ;
#5375 = DIRECTION ( 'NONE',  ( 0.000000000000000000, 0.000000000000000000, -1.000000000000000000 ) ) ;
#5376 = VERTEX_POINT ( 'NONE', #10438 ) ;
#5377 = DIRECTION ( 'NONE',  ( 0.000000000000000000, 0.000000000000000000, -1.000000000000000000 ) ) ;
#5378 = ADVANCED_FACE ( 'NONE', ( #4548 ), #8784, .T. ) ;
#5379 = DIRECTION ( 'NONE',  ( 0.000000000000000000, 1.000000000000000000, -8.672620682681688006E-17 ) ) ;
#5380 = DIRECTION ( 'NONE',  ( 1.000000000000000000, 0.000000000000000000, 0.000000000000000000 ) ) ;
#5381 = VERTEX_POINT ( 'NONE', #435 ) ;
#5382 = DIRECTION ( 'NONE',  ( 0.000000000000000000, 0.8547410349098599758, 0.5190546823227987216 ) ) ;
#5383 = CARTESIAN_POINT ( 'NONE',  ( -2.074999999999999734, 2.559556632021898537, -0.2684686300112771873 ) ) ;
#5384 = ORIENTED_EDGE ( 'NONE', *, *, #197, .T. ) ;
#5385 = CARTESIAN_POINT ( 'NONE',  ( 1.175000000000000044, 2.106267956964054999, -0.09999999999999999167 ) ) ;
#5386 = FILL_AREA_STYLE ('',( #7070 ) ) ;
#5387 = UNCERTAINTY_MEASURE_WITH_UNIT (LENGTH_MEASURE( 1.000000000000000082E-05 ), #5252, 'distance_accuracy_value', 'NONE');
#5388 = ORIENTED_EDGE ( 'NONE', *, *, #7451, .T. ) ;
#5389 = CARTESIAN_POINT ( 'NONE',  ( -0.1249999999999998890, 2.330000000000000071, -0.4684254559678819319 ) ) ;
#5390 = FILL_AREA_STYLE_COLOUR ( '', #8208 ) ;
#5391 = EDGE_CURVE ( 'NONE', #9771, #2108, #10493, .T. ) ;
#5392 = SURFACE_STYLE_FILL_AREA ( #3086 ) ;
#5393 = PRESENTATION_STYLE_ASSIGNMENT (( #8862 ) ) ;
#5394 = VERTEX_POINT ( 'NONE', #9233 ) ;
#5395 =( LENGTH_UNIT ( ) NAMED_UNIT ( * ) SI_UNIT ( .MILLI., .METRE. ) );
#5396 = DIRECTION ( 'NONE',  ( 0.000000000000000000, 0.000000000000000000, -1.000000000000000000 ) ) ;
#5397 = PRESENTATION_LAYER_ASSIGNMENT (  '', '', ( #9789 ) ) ;
#5398 = EDGE_CURVE ( 'NONE', #6649, #4709, #9882, .T. ) ;
#5399 = PRESENTATION_STYLE_ASSIGNMENT (( #2035 ) ) ;
#5400 = ORIENTED_EDGE ( 'NONE', *, *, #8647, .F. ) ;
#5401 =( NAMED_UNIT ( * ) SI_UNIT ( $, .STERADIAN. ) SOLID_ANGLE_UNIT ( ) );
#5402 = DIRECTION ( 'NONE',  ( 0.000000000000000000, -0.9975640502598241977, 0.06975647374412535795 ) ) ;
#5403 = DIRECTION ( 'NONE',  ( 0.000000000000000000, 0.5190546823227978335, 0.8547410349098604199 ) ) ;
#5404 = CARTESIAN_POINT ( 'NONE',  ( 2.075000000000000178, -2.049999999999999822, -0.2000000000000000111 ) ) ;
#5405 =( NAMED_UNIT ( * ) SI_UNIT ( $, .STERADIAN. ) SOLID_ANGLE_UNIT ( ) );
#5406 =( LENGTH_UNIT ( ) NAMED_UNIT ( * ) SI_UNIT ( .MILLI., .METRE. ) );
#5407 = CARTESIAN_POINT ( 'NONE',  ( -2.449999999999999289, -1.949999999999999512, -0.1000000000000000056 ) ) ;
#5408 = PLANE ( 'NONE',  #267 ) ;
#5409 = ORIENTED_EDGE ( 'NONE', *, *, #6280, .F. ) ;
#5410 = DIRECTION ( 'NONE',  ( 0.000000000000000000, 0.000000000000000000, -1.000000000000000000 ) ) ;
#5411 = CARTESIAN_POINT ( 'NONE',  ( -2.335172790808107468, -1.909761932960727382, -0.4828396347450739645 ) ) ;
#5412 = DIRECTION ( 'NONE',  ( 0.000000000000000000, 0.000000000000000000, 1.000000000000000000 ) ) ;
#5413 = CARTESIAN_POINT ( 'NONE',  ( -0.7749999999999999112, -1.949999999999999512, 0.1000000000000000056 ) ) ;
#5414 = EDGE_CURVE ( 'NONE', #7906, #969, #8303, .T. ) ;
#5415 = CYLINDRICAL_SURFACE ( 'NONE', #1322, 0.09999999999999982514 ) ;
#5416 = VERTEX_POINT ( 'NONE', #4990 ) ;
#5417 = EDGE_CURVE ( 'NONE', #152, #2822, #2344, .T. ) ;
#5418 = LINE ( 'NONE', #10432, #5711 ) ;
#5419 = CARTESIAN_POINT ( 'NONE',  ( -2.000000000000000000, 1.325000000000000400, -0.4499999999999999556 ) ) ;
#5420 = VERTEX_POINT ( 'NONE', #9174 ) ;
#5421 = AXIS2_PLACEMENT_3D ( 'NONE', #3728, #3840, #7128 ) ;
#5422 = CARTESIAN_POINT ( 'NONE',  ( -2.074999999999999734, 2.049999999999999822, -0.1000000000000000056 ) ) ;
#5423 = DIRECTION ( 'NONE',  ( 1.000000000000000000, 0.000000000000000000, 0.000000000000000000 ) ) ;
#5424 = STYLED_ITEM ( 'NONE', ( #326 ), #9721 ) ;
#5425 = ORIENTED_EDGE ( 'NONE', *, *, #8309, .F. ) ;
#5426 = FACE_OUTER_BOUND ( 'NONE', #1468, .T. ) ;
#5427 = ORIENTED_EDGE ( 'NONE', *, *, #722, .T. ) ;
#5428 = CARTESIAN_POINT ( 'NONE',  ( 2.449999999999998845, 1.875000000000000444, 0.1000000000000000056 ) ) ;
#5429 = LINE ( 'NONE', #8797, #9313 ) ;
#5430 = DIRECTION ( 'NONE',  ( 0.000000000000000000, 1.000000000000000000, 0.000000000000000000 ) ) ;
#5431 =( GEOMETRIC_REPRESENTATION_CONTEXT ( 3 ) GLOBAL_UNCERTAINTY_ASSIGNED_CONTEXT ( ( #3329 ) ) GLOBAL_UNIT_ASSIGNED_CONTEXT ( ( #433, #3156, #4652 ) ) REPRESENTATION_CONTEXT ( 'NONE', 'WORKASPACE' ) );
#5432 = DIRECTION ( 'NONE',  ( -0.000000000000000000, -0.000000000000000000, 1.000000000000000000 ) ) ;
#5433 = ORIENTED_EDGE ( 'NONE', *, *, #7971, .F. ) ;
#5434 = CARTESIAN_POINT ( 'NONE',  ( -1.424999999999999822, -2.277216163946027105, 0.003810936464559820311 ) ) ;
#5435 = DIRECTION ( 'NONE',  ( -1.000000000000000000, -0.000000000000000000, -0.000000000000000000 ) ) ;
#5436 = EDGE_LOOP ( 'NONE', ( #1590, #3733, #6967, #1003 ) ) ;
#5437 = DIRECTION ( 'NONE',  ( 0.000000000000000000, 0.000000000000000000, 1.000000000000000000 ) ) ;
#5438 = VERTEX_POINT ( 'NONE', #4932 ) ;
#5439 = SURFACE_SIDE_STYLE ('',( #4622 ) ) ;
#5440 = AXIS2_PLACEMENT_3D ( 'NONE', #1495, #4809, #7344 ) ;
#5441 = CARTESIAN_POINT ( 'NONE',  ( 0.1250000000000001110, -1.949999999999999512, -0.1000000000000000056 ) ) ;
#5442 =( NAMED_UNIT ( * ) PLANE_ANGLE_UNIT ( ) SI_UNIT ( $, .RADIAN. ) );
#5443 = ADVANCED_FACE ( 'NONE', ( #10819 ), #10051, .T. ) ;
#5444 = PLANE ( 'NONE',  #141 ) ;
#5445 = COLOUR_RGB ( '',0.8039215686274510109, 0.8039215686274510109, 0.8039215686274510109 ) ;
#5446 =( LENGTH_UNIT ( ) NAMED_UNIT ( * ) SI_UNIT ( .MILLI., .METRE. ) );
#5447 = UNCERTAINTY_MEASURE_WITH_UNIT (LENGTH_MEASURE( 1.000000000000000082E-05 ), #9976, 'distance_accuracy_value', 'NONE');
#5448 = ADVANCED_FACE ( 'NONE', ( #7357 ), #604, .T. ) ;
#5449 = CARTESIAN_POINT ( 'NONE',  ( -2.074999999999999734, 2.106267956964054999, -0.09999999999999999167 ) ) ;
#5450 = CYLINDRICAL_SURFACE ( 'NONE', #4668, 0.09999999999999982514 ) ;
#5451 =( NAMED_UNIT ( * ) SI_UNIT ( $, .STERADIAN. ) SOLID_ANGLE_UNIT ( ) );
#5452 =( NAMED_UNIT ( * ) SI_UNIT ( $, .STERADIAN. ) SOLID_ANGLE_UNIT ( ) );
#5453 = DIRECTION ( 'NONE',  ( 0.000000000000000000, -0.06975647374412539958, -0.9975640502598243087 ) ) ;
#5454 = CARTESIAN_POINT ( 'NONE',  ( 0.5250000000000000222, 3.000000000000000000, -0.6000000000000000888 ) ) ;
#5455 = VECTOR ( 'NONE', #5499, 1000.000000000000000 ) ;
#5456 = EDGE_LOOP ( 'NONE', ( #9801, #4739, #533, #187 ) ) ;
#5457 = PRESENTATION_STYLE_ASSIGNMENT (( #6281 ) ) ;
#5458 = CARTESIAN_POINT ( 'NONE',  ( -1.424999999999999822, 2.330000000000000071, -0.4684254559678819319 ) ) ;
#5459 =( GEOMETRIC_REPRESENTATION_CONTEXT ( 3 ) GLOBAL_UNCERTAINTY_ASSIGNED_CONTEXT ( ( #10533 ) ) GLOBAL_UNIT_ASSIGNED_CONTEXT ( ( #9267, #1506, #9206 ) ) REPRESENTATION_CONTEXT ( 'NONE', 'WORKASPACE' ) );
#5460 = AXIS2_PLACEMENT_3D ( 'NONE', #3497, #2760, #1985 ) ;
#5461 = LINE ( 'NONE', #6236, #9179 ) ;
#5462 =( LENGTH_UNIT ( ) NAMED_UNIT ( * ) SI_UNIT ( .MILLI., .METRE. ) );
#5463 = DIRECTION ( 'NONE',  ( 0.000000000000000000, -0.5190546823227987216, -0.8547410349098599758 ) ) ;
#5464 = AXIS2_PLACEMENT_3D ( 'NONE', #2349, #9080, #7188 ) ;
#5465 = DIRECTION ( 'NONE',  ( -1.000000000000000000, 0.000000000000000000, -0.000000000000000000 ) ) ;
#5466 = LINE ( 'NONE', #2930, #6611 ) ;
#5467 = VECTOR ( 'NONE', #2634, 1000.000000000000000 ) ;
#5468 = VERTEX_POINT ( 'NONE', #4831 ) ;
#5469 = ORIENTED_EDGE ( 'NONE', *, *, #9890, .T. ) ;
#5470 = PRESENTATION_STYLE_ASSIGNMENT (( #2169 ) ) ;
#5471 = CARTESIAN_POINT ( 'NONE',  ( 2.374999999999997335, 1.950000000000000400, -0.1000000000000000056 ) ) ;
#5472 =( NAMED_UNIT ( * ) PLANE_ANGLE_UNIT ( ) SI_UNIT ( $, .RADIAN. ) );
#5473 = ORIENTED_EDGE ( 'NONE', *, *, #5237, .T. ) ;
#5474 = EDGE_CURVE ( 'NONE', #3962, #9771, #6512, .T. ) ;
#5475 = CIRCLE ( 'NONE', #6870, 0.1950000000000000899 ) ;
#5476 = FACE_OUTER_BOUND ( 'NONE', #3514, .T. ) ;
#5477 = EDGE_CURVE ( 'NONE', #5645, #1058, #4270, .T. ) ;
#5478 = CARTESIAN_POINT ( 'NONE',  ( -2.449998880753507802, 1.875409738600888332, -0.1000106489190370068 ) ) ;
#5479 = DIRECTION ( 'NONE',  ( 0.000000000000000000, -1.000000000000000000, -8.672620682681688006E-17 ) ) ;
#5480 = FILL_AREA_STYLE ('',( #2550 ) ) ;
#5481 = ORIENTED_EDGE ( 'NONE', *, *, #3038, .F. ) ;
#5482 = DIRECTION ( 'NONE',  ( 1.000000000000000000, 0.000000000000000000, 0.000000000000000000 ) ) ;
#5483 = DIRECTION ( 'NONE',  ( 0.000000000000000000, 0.000000000000000000, -1.000000000000000000 ) ) ;
#5484 = VERTEX_POINT ( 'NONE', #265 ) ;
#5485 = AXIS2_PLACEMENT_3D ( 'NONE', #9140, #2419, #10215 ) ;
#5486 = COLOUR_RGB ( '',0.8039215686274510109, 0.8039215686274510109, 0.8039215686274510109 ) ;
#5487 = EDGE_CURVE ( 'NONE', #1804, #3143, #2721, .T. ) ;
#5488 = PLANE ( 'NONE',  #7729 ) ;
#5489 = MECHANICAL_DESIGN_GEOMETRIC_PRESENTATION_REPRESENTATION (  '', ( #1684 ), #1121 ) ;
#5490 =( NAMED_UNIT ( * ) PLANE_ANGLE_UNIT ( ) SI_UNIT ( $, .RADIAN. ) );
#5491 = UNCERTAINTY_MEASURE_WITH_UNIT (LENGTH_MEASURE( 1.000000000000000082E-05 ), #7258, 'distance_accuracy_value', 'NONE');
#5492 = CARTESIAN_POINT ( 'NONE',  ( -1.945172790808107344, -1.445172790808107122, 0.5399999999999999245 ) ) ;
#5493 = VERTEX_POINT ( 'NONE', #10265 ) ;
#5494 = PLANE ( 'NONE',  #5366 ) ;
#5495 = VECTOR ( 'NONE', #8292, 1000.000000000000000 ) ;
#5496 = FACE_OUTER_BOUND ( 'NONE', #3051, .T. ) ;
#5497 = CARTESIAN_POINT ( 'NONE',  ( 1.175000000000000044, 2.277216163946027105, 0.003810936464559820311 ) ) ;
#5498 = ORIENTED_EDGE ( 'NONE', *, *, #7810, .T. ) ;
#5500 =( LENGTH_UNIT ( ) NAMED_UNIT ( * ) SI_UNIT ( .MILLI., .METRE. ) );
#5499 = DIRECTION ( 'NONE',  ( 0.000000000000000000, 0.000000000000000000, 1.000000000000000000 ) ) ;
#5501 = DIRECTION ( 'NONE',  ( 0.000000000000000000, 0.000000000000000000, 1.000000000000000000 ) ) ;
#5502 = FILL_AREA_STYLE ('',( #9590 ) ) ;
#5503 = MECHANICAL_DESIGN_GEOMETRIC_PRESENTATION_REPRESENTATION (  '', ( #3937 ), #9207 ) ;
#5504 = CARTESIAN_POINT ( 'NONE',  ( 0.5250000000000000222, -2.552580984647486062, -0.3682250350372596737 ) ) ;
#5505 = DIRECTION ( 'NONE',  ( 0.000000000000000000, 0.000000000000000000, 1.000000000000000000 ) ) ;
#5506 = CARTESIAN_POINT ( 'NONE',  ( -0.7749999999999999112, 2.049999999999999822, -0.1000000000000000056 ) ) ;
#5507 = CARTESIAN_POINT ( 'NONE',  ( 0.000000000000000000, 0.000000000000000000, -0.4499999999999999556 ) ) ;
#5508 = CARTESIAN_POINT ( 'NONE',  ( -0.7749999999999999112, -3.000000000000000000, -0.3995116203837655866 ) ) ;
#5509 = CARTESIAN_POINT ( 'NONE',  ( 0.7750000000000001332, -2.330000000000000071, -0.4684254559678819319 ) ) ;
#5510 = CIRCLE ( 'NONE', #618, 0.2000000000000000389 ) ;
#5511 = EDGE_CURVE ( 'NONE', #8348, #4182, #1726, .T. ) ;
#5512 = CARTESIAN_POINT ( 'NONE',  ( 2.450806167510463318, -1.876217025357842960, 0.09232982849429266503 ) ) ;
#5513 = COLOUR_RGB ( '',0.8039215686274510109, 0.8039215686274510109, 0.8039215686274510109 ) ;
#5514 = CARTESIAN_POINT ( 'NONE',  ( 0.1250000000000001110, -2.552580984647486062, -0.3682250350372596737 ) ) ;
#5515 = ORIENTED_EDGE ( 'NONE', *, *, #9856, .T. ) ;
#5516 = VECTOR ( 'NONE', #9873, 1000.000000000000000 ) ;
#5517 = CARTESIAN_POINT ( 'NONE',  ( -0.7749999999999999112, 1.949999999999999512, 0.1000000000000000056 ) ) ;
#5518 = AXIS2_PLACEMENT_3D ( 'NONE', #5239, #9210, #7510 ) ;
#5519 = AXIS2_PLACEMENT_3D ( 'NONE', #3706, #2821, #10479 ) ;
#5520 = LINE ( 'NONE', #5458, #9749 ) ;
#5521 = CIRCLE ( 'NONE', #7084, 0.2000000000000000389 ) ;
#5522 = DIRECTION ( 'NONE',  ( 1.000000000000000000, -0.000000000000000000, -0.000000000000000000 ) ) ;
#5523 = PRESENTATION_STYLE_ASSIGNMENT (( #4587 ) ) ;
#5524 = SURFACE_STYLE_FILL_AREA ( #2223 ) ;
#5525 = FILL_AREA_STYLE ('',( #2829 ) ) ;
#5526 = CARTESIAN_POINT ( 'NONE',  ( 2.323257295734051819, -1.823257295734050931, -0.5883683627870630595 ) ) ;
#5527 = VECTOR ( 'NONE', #2272, 1000.000000000000000 ) ;
#5528 = ORIENTED_EDGE ( 'NONE', *, *, #10425, .T. ) ;
#5529 = AXIS2_PLACEMENT_3D ( 'NONE', #2542, #5079, #5852 ) ;
#5530 = ADVANCED_FACE ( 'NONE', ( #5144 ), #1954, .T. ) ;
#5531 = PRESENTATION_LAYER_ASSIGNMENT (  '', '', ( #5712 ) ) ;
#5532 =( NAMED_UNIT ( * ) PLANE_ANGLE_UNIT ( ) SI_UNIT ( $, .RADIAN. ) );
#5533 = AXIS2_PLACEMENT_3D ( 'NONE', #770, #9161, #5913 ) ;
#5534 = VERTEX_POINT ( 'NONE', #8413 ) ;
#5535 = COLOUR_RGB ( '',0.8039215686274510109, 0.8039215686274510109, 0.8039215686274510109 ) ;
#5536 = COLOUR_RGB ( '',0.8039215686274510109, 0.8039215686274510109, 0.8039215686274510109 ) ;
#5537 = PRESENTATION_STYLE_ASSIGNMENT (( #8734 ) ) ;
#5538 = ORIENTED_EDGE ( 'NONE', *, *, #9719, .T. ) ;
#5539 = EDGE_CURVE ( 'NONE', #7259, #8145, #891, .T. ) ;
#5540 = SURFACE_STYLE_USAGE ( .BOTH. , #549 ) ;
#5541 = AXIS2_PLACEMENT_3D ( 'NONE', #5389, #395, #1022 ) ;
#5542 = PRESENTATION_LAYER_ASSIGNMENT (  '', '', ( #8365 ) ) ;
#5543 = DIRECTION ( 'NONE',  ( -0.000000000000000000, -1.000000000000000000, 0.000000000000000000 ) ) ;
#5544 = ORIENTED_EDGE ( 'NONE', *, *, #6437, .F. ) ;
#5545 = FACE_OUTER_BOUND ( 'NONE', #2962, .T. ) ;
#5546 = DIRECTION ( 'NONE',  ( 0.000000000000000000, 0.000000000000000000, -1.000000000000000000 ) ) ;
#5547 = CARTESIAN_POINT ( 'NONE',  ( 0.1250000000000001110, -3.000000000000000000, -0.3995116203837655866 ) ) ;
#5548 = CARTESIAN_POINT ( 'NONE',  ( 1.175000000000000044, -2.500948206981972177, -0.3646145195033222430 ) ) ;
#5549 = ORIENTED_EDGE ( 'NONE', *, *, #8812, .T. ) ;
#5550 = DIRECTION ( 'NONE',  ( 0.000000000000000000, 0.000000000000000000, -1.000000000000000000 ) ) ;
#5551 = EDGE_CURVE ( 'NONE', #8017, #2366, #10115, .T. ) ;
#5552 = DIRECTION ( 'NONE',  ( 0.000000000000000000, 0.000000000000000000, -1.000000000000000000 ) ) ;
#5553 = CARTESIAN_POINT ( 'NONE',  ( 1.824999999999999956, -2.486996912233147228, -0.5641273295552871048 ) ) ;
#5554 = ORIENTED_EDGE ( 'NONE', *, *, #4255, .F. ) ;
#5555 = LINE ( 'NONE', #8921, #1435 ) ;
#5556 = EDGE_CURVE ( 'NONE', #6542, #3942, #6745, .T. ) ;
#5557 = ORIENTED_EDGE ( 'NONE', *, *, #4188, .T. ) ;
#5558 =( NAMED_UNIT ( * ) PLANE_ANGLE_UNIT ( ) SI_UNIT ( $, .RADIAN. ) );
#5560 = SURFACE_STYLE_USAGE ( .BOTH. , #466 ) ;
#5559 = FACE_OUTER_BOUND ( 'NONE', #5031, .T. ) ;
#5561 = ORIENTED_EDGE ( 'NONE', *, *, #3790, .F. ) ;
#5562 = SURFACE_STYLE_FILL_AREA ( #6315 ) ;
#5563 = EDGE_CURVE ( 'NONE', #9352, #2820, #2624, .T. ) ;
#5564 = LINE ( 'NONE', #8980, #836 ) ;
#5565 = SURFACE_STYLE_USAGE ( .BOTH. , #1376 ) ;
#5566 = LINE ( 'NONE', #4741, #689 ) ;
#5567 = CARTESIAN_POINT ( 'NONE',  ( 1.175000000000000044, 2.552580984647486062, -0.3682250350372594516 ) ) ;
#5568 = UNCERTAINTY_MEASURE_WITH_UNIT (LENGTH_MEASURE( 1.000000000000000082E-05 ), #5323, 'distance_accuracy_value', 'NONE');
#5569 = CARTESIAN_POINT ( 'NONE',  ( -1.424999999999999822, 1.949999999999999512, -0.1000000000000000056 ) ) ;
#5570 = DIRECTION ( 'NONE',  ( -5.782411586589358033E-15, 0.000000000000000000, -1.000000000000000000 ) ) ;
#5571 = VECTOR ( 'NONE', #9913, 1000.000000000000000 ) ;
#5572 = CARTESIAN_POINT ( 'NONE',  ( -2.449999999999999289, -1.949999999999999512, 0.1000000000000000056 ) ) ;
#5573 = CARTESIAN_POINT ( 'NONE',  ( 2.075000000000000178, 2.106267956964054999, -0.09999999999999999167 ) ) ;
#5574 = ORIENTED_EDGE ( 'NONE', *, *, #6031, .F. ) ;
#5575 = DIRECTION ( 'NONE',  ( 0.000000000000000000, -0.9975640502598241977, -0.06975647374412544122 ) ) ;
#5576 = VERTEX_POINT ( 'NONE', #7796 ) ;
#5577 = DIRECTION ( 'NONE',  ( 1.000000000000000000, -0.000000000000000000, 0.000000000000000000 ) ) ;
#5578 = DIRECTION ( 'NONE',  ( 0.000000000000000000, 8.672620682681688006E-17, 1.000000000000000000 ) ) ;
#5579 = STYLED_ITEM ( 'NONE', ( #4635 ), #2412 ) ;
#5580 = CARTESIAN_POINT ( 'NONE',  ( 1.824999999999999956, 3.000000000000000000, -0.3995116203837655866 ) ) ;
#5581 = CARTESIAN_POINT ( 'NONE',  ( -0.5249999999999999112, 2.049999999999999822, -0.1000000000000000056 ) ) ;
#5582 = UNCERTAINTY_MEASURE_WITH_UNIT (LENGTH_MEASURE( 1.000000000000000082E-05 ), #5221, 'distance_accuracy_value', 'NONE');
#5583 = DIRECTION ( 'NONE',  ( 0.000000000000000000, 0.000000000000000000, -1.000000000000000000 ) ) ;
#5584 =( NAMED_UNIT ( * ) PLANE_ANGLE_UNIT ( ) SI_UNIT ( $, .RADIAN. ) );
#5585 = LINE ( 'NONE', #9820, #2927 ) ;
#5586 = PRESENTATION_STYLE_ASSIGNMENT (( #4644 ) ) ;
#5587 = ORIENTED_EDGE ( 'NONE', *, *, #3873, .F. ) ;
#5588 = FILL_AREA_STYLE_COLOUR ( '', #8568 ) ;
#5589 = EDGE_LOOP ( 'NONE', ( #2502, #6473, #4061, #2637 ) ) ;
#5590 = SURFACE_STYLE_USAGE ( .BOTH. , #780 ) ;
#5591 = EDGE_LOOP ( 'NONE', ( #7351, #1398, #7021, #2152, #5647, #9087, #4181, #8545, #9259, #1606, #4051, #8538 ) ) ;
#5592 = CARTESIAN_POINT ( 'NONE',  ( -0.1249999999999998890, -1.949999999999999512, 0.1000000000000000056 ) ) ;
#5593 = DIRECTION ( 'NONE',  ( 1.000000000000000000, 0.000000000000000000, 0.000000000000000000 ) ) ;
#5594 = EDGE_CURVE ( 'NONE', #8565, #7895, #3508, .T. ) ;
#5595 = CARTESIAN_POINT ( 'NONE',  ( 0.7750000000000001332, -2.330000000000000071, -0.4684254559678819319 ) ) ;
#5596 = ORIENTED_EDGE ( 'NONE', *, *, #6689, .T. ) ;
#5597 =( LENGTH_UNIT ( ) NAMED_UNIT ( * ) SI_UNIT ( .MILLI., .METRE. ) );
#5598 = VERTEX_POINT ( 'NONE', #1900 ) ;
#5599 = CARTESIAN_POINT ( 'NONE',  ( 0.7750000000000001332, -2.277216163946027105, 0.003810936464559820311 ) ) ;
#5600 = LINE ( 'NONE', #739, #1622 ) ;
#5601 = PRESENTATION_LAYER_ASSIGNMENT (  '', '', ( #4037 ) ) ;
#5602 = UNCERTAINTY_MEASURE_WITH_UNIT (LENGTH_MEASURE( 1.000000000000000082E-05 ), #10720, 'distance_accuracy_value', 'NONE');
#5603 = LINE ( 'NONE', #9576, #1325 ) ;
#5604 = ORIENTED_EDGE ( 'NONE', *, *, #2985, .F. ) ;
#5605 = UNCERTAINTY_MEASURE_WITH_UNIT (LENGTH_MEASURE( 1.000000000000000082E-05 ), #9342, 'distance_accuracy_value', 'NONE');
#5606 = CARTESIAN_POINT ( 'NONE',  ( -0.7749999999999999112, -2.049999999999999822, -0.2000000000000000111 ) ) ;
#5607 = DIRECTION ( 'NONE',  ( 1.000000000000000000, 0.000000000000000000, 0.000000000000000000 ) ) ;
#5608 =( LENGTH_UNIT ( ) NAMED_UNIT ( * ) SI_UNIT ( .MILLI., .METRE. ) );
#5609 = EDGE_LOOP ( 'NONE', ( #244, #6535, #6619, #9627 ) ) ;
#5610 = LINE ( 'NONE', #4851, #3482 ) ;
#5611 = LINE ( 'NONE', #3172, #3707 ) ;
#5612 = VERTEX_POINT ( 'NONE', #9286 ) ;
#5613 = DIRECTION ( 'NONE',  ( 1.000000000000000000, 0.000000000000000000, 0.000000000000000000 ) ) ;
#5614 = MECHANICAL_DESIGN_GEOMETRIC_PRESENTATION_REPRESENTATION (  '', ( #2332 ), #1263 ) ;
#5615 = DIRECTION ( 'NONE',  ( 1.000000000000000000, -0.000000000000000000, -0.000000000000000000 ) ) ;
#5616 = FILL_AREA_STYLE ('',( #1479 ) ) ;
#5617 = ADVANCED_FACE ( 'NONE', ( #3463 ), #10209, .F. ) ;
#5618 = DIRECTION ( 'NONE',  ( 0.000000000000000000, 1.000000000000000000, -8.672620682681688006E-17 ) ) ;
#5619 = UNCERTAINTY_MEASURE_WITH_UNIT (LENGTH_MEASURE( 1.000000000000000082E-05 ), #9399, 'distance_accuracy_value', 'NONE');
#5620 = ORIENTED_EDGE ( 'NONE', *, *, #6134, .T. ) ;
#5621 = CARTESIAN_POINT ( 'NONE',  ( -2.074999999999999734, 2.330000000000000071, -0.4684254559678819319 ) ) ;
#5622 = LINE ( 'NONE', #7335, #5896 ) ;
#5623 = CARTESIAN_POINT ( 'NONE',  ( 1.425000000000000044, 1.949999999999999512, -0.1000000000000000056 ) ) ;
#5624 = COLOUR_RGB ( '',0.8039215686274510109, 0.8039215686274510109, 0.8039215686274510109 ) ;
#5625 = EDGE_CURVE ( 'NONE', #1090, #5238, #1540, .T. ) ;
#5626 =( LENGTH_UNIT ( ) NAMED_UNIT ( * ) SI_UNIT ( .MILLI., .METRE. ) );
#5627 = VERTEX_POINT ( 'NONE', #7944 ) ;
#5628 = EDGE_CURVE ( 'NONE', #3478, #6912, #3827, .T. ) ;
#5629 =( NAMED_UNIT ( * ) SI_UNIT ( $, .STERADIAN. ) SOLID_ANGLE_UNIT ( ) );
#5630 = VERTEX_POINT ( 'NONE', #2164 ) ;
#5631 = PLANE ( 'NONE',  #3315 ) ;
#5632 = AXIS2_PLACEMENT_3D ( 'NONE', #8993, #10650, #3874 ) ;
#5633 = EDGE_CURVE ( 'NONE', #6241, #7078, #2870, .T. ) ;
#5634 = FILL_AREA_STYLE ('',( #2330 ) ) ;
#5635 = DIRECTION ( 'NONE',  ( 0.000000000000000000, 0.000000000000000000, -1.000000000000000000 ) ) ;
#5636 = DIRECTION ( 'NONE',  ( 0.000000000000000000, -0.000000000000000000, -1.000000000000000000 ) ) ;
#5637 = CARTESIAN_POINT ( 'NONE',  ( -2.140172790808107628, -1.445172790808107122, 0.5499999999999999334 ) ) ;
#5638 = LINE ( 'NONE', #10158, #5709 ) ;
#5639 =( NAMED_UNIT ( * ) SI_UNIT ( $, .STERADIAN. ) SOLID_ANGLE_UNIT ( ) );
#5640 = VERTEX_POINT ( 'NONE', #541 ) ;
#5641 =( GEOMETRIC_REPRESENTATION_CONTEXT ( 3 ) GLOBAL_UNCERTAINTY_ASSIGNED_CONTEXT ( ( #5840 ) ) GLOBAL_UNIT_ASSIGNED_CONTEXT ( ( #465, #3648, #7023 ) ) REPRESENTATION_CONTEXT ( 'NONE', 'WORKASPACE' ) );
#5642 = DIRECTION ( 'NONE',  ( 0.000000000000000000, -0.06975647374412539958, -0.9975640502598243087 ) ) ;
#5643 = ORIENTED_EDGE ( 'NONE', *, *, #1407, .T. ) ;
#5644 = DIRECTION ( 'NONE',  ( 0.000000000000000000, -0.06975647374412545509, 0.9975640502598243087 ) ) ;
#5645 = VERTEX_POINT ( 'NONE', #2055 ) ;
#5646 = EDGE_LOOP ( 'NONE', ( #9971, #7058, #3841, #4109, #9491, #8406, #2350, #9674 ) ) ;
#5647 = ORIENTED_EDGE ( 'NONE', *, *, #1436, .T. ) ;
#5648 = CARTESIAN_POINT ( 'NONE',  ( 1.175000000000000044, -3.000000000000000000, -0.3995116203837655866 ) ) ;
#5649 = MECHANICAL_DESIGN_GEOMETRIC_PRESENTATION_REPRESENTATION (  '', ( #4243 ), #926 ) ;
#5650 = EDGE_CURVE ( 'NONE', #2523, #1794, #9648, .T. ) ;
#5651 = CARTESIAN_POINT ( 'NONE',  ( -0.1249999999999998890, 2.500948206981972177, -0.3646145195033222430 ) ) ;
#5652 = CARTESIAN_POINT ( 'NONE',  ( -1.174999999999999822, 2.474082528530912928, -0.3203740982435569484 ) ) ;
#5653 = CARTESIAN_POINT ( 'NONE',  ( -1.824999999999999734, 2.135474103490985875, -0.1480945317677201667 ) ) ;
#5654 = CARTESIAN_POINT ( 'NONE',  ( -0.5249999999999999112, -2.135474103490985875, -0.1480945317677201667 ) ) ;
#5655 = VERTEX_POINT ( 'NONE', #8896 ) ;
#5656 = VECTOR ( 'NONE', #1438, 1000.000000000000000 ) ;
#5657 = FILL_AREA_STYLE_COLOUR ( '', #10085 ) ;
#5658 = EDGE_CURVE ( 'NONE', #7311, #4918, #4640, .T. ) ;
#5659 = FILL_AREA_STYLE ('',( #5718 ) ) ;
#5660 = ORIENTED_EDGE ( 'NONE', *, *, #6920, .T. ) ;
#5661 = DIRECTION ( 'NONE',  ( 0.000000000000000000, -0.5190546823227987216, -0.8547410349098599758 ) ) ;
#5662 = CIRCLE ( 'NONE', #7038, 0.1000000000000000194 ) ;
#5663 = AXIS2_PLACEMENT_3D ( 'NONE', #1626, #9952, #9238 ) ;
#5664 = FILL_AREA_STYLE ('',( #3899 ) ) ;
#5665 = CARTESIAN_POINT ( 'NONE',  ( 0.5250000000000000222, 1.949999999999999512, -0.1000000000000000056 ) ) ;
#5666 = EDGE_LOOP ( 'NONE', ( #5114, #2281, #8982, #10201 ) ) ;
#5667 = FILL_AREA_STYLE ('',( #10562 ) ) ;
#5668 = DIRECTION ( 'NONE',  ( 0.000000000000000000, -0.5190546823227987216, -0.8547410349098599758 ) ) ;
#5669 = ORIENTED_EDGE ( 'NONE', *, *, #7694, .F. ) ;
#5670 = CYLINDRICAL_SURFACE ( 'NONE', #9372, 0.09999999999999982514 ) ;
#5671 = ADVANCED_FACE ( 'NONE', ( #9606 ), #8012, .T. ) ;
#5673 = FILL_AREA_STYLE_COLOUR ( '', #9496 ) ;
#5672 = FILL_AREA_STYLE ('',( #2361 ) ) ;
#5674 = ORIENTED_EDGE ( 'NONE', *, *, #3144, .F. ) ;
#5675 = MECHANICAL_DESIGN_GEOMETRIC_PRESENTATION_REPRESENTATION (  '', ( #9528 ), #4099 ) ;
#5676 = PRESENTATION_LAYER_ASSIGNMENT (  '', '', ( #9367 ) ) ;
#5677 = VECTOR ( 'NONE', #3340, 1000.000000000000114 ) ;
#5678 = LINE ( 'NONE', #4795, #7482 ) ;
#5679 = FACE_OUTER_BOUND ( 'NONE', #3630, .T. ) ;
#5680 =( GEOMETRIC_REPRESENTATION_CONTEXT ( 3 ) GLOBAL_UNCERTAINTY_ASSIGNED_CONTEXT ( ( #6053 ) ) GLOBAL_UNIT_ASSIGNED_CONTEXT ( ( #9610, #2121, #3197 ) ) REPRESENTATION_CONTEXT ( 'NONE', 'WORKASPACE' ) );
#5681 = VERTEX_POINT ( 'NONE', #6331 ) ;
#5682 = DIRECTION ( 'NONE',  ( -1.000000000000000000, 0.000000000000000000, 0.000000000000000000 ) ) ;
#5683 = FACE_OUTER_BOUND ( 'NONE', #10725, .T. ) ;
#5684 = CARTESIAN_POINT ( 'NONE',  ( 1.824999999999999956, -2.330000000000000071, -0.4684254559678819319 ) ) ;
#5685 = SURFACE_STYLE_USAGE ( .BOTH. , #650 ) ;
#5686 = EDGE_LOOP ( 'NONE', ( #10122, #5904, #7922, #3944 ) ) ;
#5687 = VECTOR ( 'NONE', #3297, 1000.000000000000114 ) ;
#5688 = ORIENTED_EDGE ( 'NONE', *, *, #8778, .F. ) ;
#5689 = PRESENTATION_LAYER_ASSIGNMENT (  '', '', ( #2224 ) ) ;
#5690 = SURFACE_STYLE_FILL_AREA ( #2381 ) ;
#5691 = DIRECTION ( 'NONE',  ( 0.000000000000000000, -0.5190546823227987216, -0.8547410349098599758 ) ) ;
#5692 = EDGE_CURVE ( 'NONE', #6459, #2377, #451, .T. ) ;
#5693 = UNCERTAINTY_MEASURE_WITH_UNIT (LENGTH_MEASURE( 1.000000000000000082E-05 ), #5597, 'distance_accuracy_value', 'NONE');
#5694 = MECHANICAL_DESIGN_GEOMETRIC_PRESENTATION_REPRESENTATION (  '', ( #4814 ), #432 ) ;
#5695 =( NAMED_UNIT ( * ) PLANE_ANGLE_UNIT ( ) SI_UNIT ( $, .RADIAN. ) );
#5696 = DIRECTION ( 'NONE',  ( 0.000000000000000000, 0.000000000000000000, -1.000000000000000000 ) ) ;
#5697 = LINE ( 'NONE', #9821, #10251 ) ;
#5698 = ORIENTED_EDGE ( 'NONE', *, *, #10345, .T. ) ;
#5699 = VECTOR ( 'NONE', #1469, 1000.000000000000000 ) ;
#5700 = ORIENTED_EDGE ( 'NONE', *, *, #9999, .F. ) ;
#5701 = CARTESIAN_POINT ( 'NONE',  ( -2.000000000000000000, 1.325000000000000400, -0.5499999999999999334 ) ) ;
#5702 = MECHANICAL_DESIGN_GEOMETRIC_PRESENTATION_REPRESENTATION (  '', ( #3422 ), #3945 ) ;
#5703 = ORIENTED_EDGE ( 'NONE', *, *, #5088, .F. ) ;
#5704 = VERTEX_POINT ( 'NONE', #7046 ) ;
#5705 = ORIENTED_EDGE ( 'NONE', *, *, #9395, .F. ) ;
#5706 = PRESENTATION_LAYER_ASSIGNMENT (  '', '', ( #4829 ) ) ;
#5707 = EDGE_CURVE ( 'NONE', #5468, #9641, #2932, .T. ) ;
#5708 = VECTOR ( 'NONE', #7838, 1000.000000000000000 ) ;
#5709 = VECTOR ( 'NONE', #4167, 1000.000000000000000 ) ;
#5710 =( NAMED_UNIT ( * ) PLANE_ANGLE_UNIT ( ) SI_UNIT ( $, .RADIAN. ) );
#5711 = VECTOR ( 'NONE', #8235, 1000.000000000000000 ) ;
#5712 = STYLED_ITEM ( 'NONE', ( #8056 ), #8339 ) ;
#5713 = FACE_OUTER_BOUND ( 'NONE', #7178, .T. ) ;
#5714 = VECTOR ( 'NONE', #1057, 1000.000000000000114 ) ;
#5715 = CARTESIAN_POINT ( 'NONE',  ( -2.335172790808107468, 1.835172790808107912, -0.4749999999999998668 ) ) ;
#5716 = FILL_AREA_STYLE ('',( #2400 ) ) ;
#5717 = EDGE_LOOP ( 'NONE', ( #4890, #5070, #1663, #10320 ) ) ;
#5718 = FILL_AREA_STYLE_COLOUR ( '', #764 ) ;
#5719 = EDGE_LOOP ( 'NONE', ( #7682, #2784, #5927, #5894 ) ) ;
#5720 = MECHANICAL_DESIGN_GEOMETRIC_PRESENTATION_REPRESENTATION (  '', ( #10290 ), #641 ) ;
#5721 = LINE ( 'NONE', #4997, #4293 ) ;
#5722 = COLOUR_RGB ( '',0.8039215686274510109, 0.8039215686274510109, 0.8039215686274510109 ) ;
#5724 = AXIS2_PLACEMENT_3D ( 'NONE', #6984, #10324, #6132 ) ;
#5723 = CARTESIAN_POINT ( 'NONE',  ( -0.7749999999999999112, -3.000000000000000000, -0.3995116203837655866 ) ) ;
#5725 = UNCERTAINTY_MEASURE_WITH_UNIT (LENGTH_MEASURE( 1.000000000000000082E-05 ), #644, 'distance_accuracy_value', 'NONE');
#5726 = PLANE ( 'NONE',  #10118 ) ;
#5727 =( GEOMETRIC_REPRESENTATION_CONTEXT ( 3 ) GLOBAL_UNCERTAINTY_ASSIGNED_CONTEXT ( ( #9146 ) ) GLOBAL_UNIT_ASSIGNED_CONTEXT ( ( #7851, #4259, #4422 ) ) REPRESENTATION_CONTEXT ( 'NONE', 'WORKASPACE' ) );
#5728 = EDGE_CURVE ( 'NONE', #3822, #8594, #1356, .T. ) ;
#5729 = EDGE_LOOP ( 'NONE', ( #4828, #3317, #3195, #5596 ) ) ;
#5730 = CARTESIAN_POINT ( 'NONE',  ( -0.1249999999999998890, -2.135474103490985875, -0.1480945317677201667 ) ) ;
#5731 = FILL_AREA_STYLE ('',( #1766 ) ) ;
#5732 = CARTESIAN_POINT ( 'NONE',  ( 0.000000000000000000, -1.835172790808106802, 0.4749999999999999223 ) ) ;
#5733 = ORIENTED_EDGE ( 'NONE', *, *, #1957, .T. ) ;
#5734 = COLOUR_RGB ( '',0.8039215686274510109, 0.8039215686274510109, 0.8039215686274510109 ) ;
#5735 = PLANE ( 'NONE',  #45 ) ;
#5737 = SURFACE_SIDE_STYLE ('',( #7428 ) ) ;
#5736 = SURFACE_SIDE_STYLE ('',( #3221 ) ) ;
#5738 = ORIENTED_EDGE ( 'NONE', *, *, #7234, .T. ) ;
#5739 =( GEOMETRIC_REPRESENTATION_CONTEXT ( 3 ) GLOBAL_UNCERTAINTY_ASSIGNED_CONTEXT ( ( #4575 ) ) GLOBAL_UNIT_ASSIGNED_CONTEXT ( ( #9437, #356, #6489 ) ) REPRESENTATION_CONTEXT ( 'NONE', 'WORKASPACE' ) );
#5740 = CARTESIAN_POINT ( 'NONE',  ( -2.074999999999999734, 2.135474103490985875, -0.1480945317677201667 ) ) ;
#5741 = UNCERTAINTY_MEASURE_WITH_UNIT (LENGTH_MEASURE( 1.000000000000000082E-05 ), #9669, 'distance_accuracy_value', 'NONE');
#5742 = ORIENTED_EDGE ( 'NONE', *, *, #3588, .T. ) ;
#5743 =( NAMED_UNIT ( * ) PLANE_ANGLE_UNIT ( ) SI_UNIT ( $, .RADIAN. ) );
#5744 = COLOUR_RGB ( '',0.8039215686274510109, 0.8039215686274510109, 0.8039215686274510109 ) ;
#5745 = LINE ( 'NONE', #6442, #8005 ) ;
#5746 = CARTESIAN_POINT ( 'NONE',  ( -0.1249999999999998890, 2.330000000000000071, -0.4684254559678819319 ) ) ;
#5747 =( NAMED_UNIT ( * ) SI_UNIT ( $, .STERADIAN. ) SOLID_ANGLE_UNIT ( ) );
#5748 = PLANE ( 'NONE',  #7414 ) ;
#5749 = ORIENTED_EDGE ( 'NONE', *, *, #10539, .F. ) ;
#5750 = ADVANCED_FACE ( 'NONE', ( #4495 ), #3770, .T. ) ;
#5751 = FACE_OUTER_BOUND ( 'NONE', #7001, .T. ) ;
#5752 = PLANE ( 'NONE',  #7237 ) ;
#5753 = CARTESIAN_POINT ( 'NONE',  ( -0.7749999999999999112, -2.552580984647486062, -0.3682250350372594516 ) ) ;
#5754 = FACE_OUTER_BOUND ( 'NONE', #4443, .T. ) ;
#5755 = PRESENTATION_LAYER_ASSIGNMENT (  '', '', ( #9444 ) ) ;
#5756 =( LENGTH_UNIT ( ) NAMED_UNIT ( * ) SI_UNIT ( .MILLI., .METRE. ) );
#5757 = PRESENTATION_STYLE_ASSIGNMENT (( #3939 ) ) ;
#5758 =( LENGTH_UNIT ( ) NAMED_UNIT ( * ) SI_UNIT ( .MILLI., .METRE. ) );
#5759 =( LENGTH_UNIT ( ) NAMED_UNIT ( * ) SI_UNIT ( .MILLI., .METRE. ) );
#5760 = CARTESIAN_POINT ( 'NONE',  ( -2.000000000000000000, 1.325000000000000400, -0.5499999999999999334 ) ) ;
#5761 = ORIENTED_EDGE ( 'NONE', *, *, #5417, .F. ) ;
#5762 = EDGE_LOOP ( 'NONE', ( #8397, #5100, #5400, #3573, #4838, #10825, #7353, #5935, #1124, #9228, #3692, #8635 ) ) ;
#5763 = VECTOR ( 'NONE', #1391, 1000.000000000000000 ) ;
#5764 =( NAMED_UNIT ( * ) PLANE_ANGLE_UNIT ( ) SI_UNIT ( $, .RADIAN. ) );
#5765 = MECHANICAL_DESIGN_GEOMETRIC_PRESENTATION_REPRESENTATION (  '', ( #148 ), #2986 ) ;
#5766 = EDGE_CURVE ( 'NONE', #7621, #669, #8341, .T. ) ;
#5767 = SURFACE_STYLE_FILL_AREA ( #9074 ) ;
#5768 = SURFACE_STYLE_USAGE ( .BOTH. , #3204 ) ;
#5769 = CARTESIAN_POINT ( 'NONE',  ( -0.7749999999999999112, 2.106267956964054999, -0.09999999999999999167 ) ) ;
#5770 = EDGE_CURVE ( 'NONE', #5420, #10599, #5912, .T. ) ;
#5771 = EDGE_LOOP ( 'NONE', ( #10610, #209, #916, #864 ) ) ;
#5772 = CLOSED_SHELL ( 'NONE', ( #8567, #260, #333, #5206, #4352, #4685, #2648, #7203, #9266, #6820, #7817, #5244, #2380, #8079 ) ) ;
#5773 = ORIENTED_EDGE ( 'NONE', *, *, #6948, .F. ) ;
#5774 = FILL_AREA_STYLE_COLOUR ( '', #2048 ) ;
#5775 = FACE_OUTER_BOUND ( 'NONE', #950, .T. ) ;
#5776 = EDGE_CURVE ( 'NONE', #2802, #10459, #7347, .T. ) ;
#5777 = SURFACE_STYLE_USAGE ( .BOTH. , #3213 ) ;
#5778 = EDGE_LOOP ( 'NONE', ( #3033, #10294, #8462, #6687 ) ) ;
#5779 = CARTESIAN_POINT ( 'NONE',  ( -2.375273160256224703, -1.949999626916907980, -0.1000035496485075642 ) ) ;
#5780 =( NAMED_UNIT ( * ) PLANE_ANGLE_UNIT ( ) SI_UNIT ( $, .RADIAN. ) );
#5781 = PRESENTATION_STYLE_ASSIGNMENT (( #2474 ) ) ;
#5782 = VERTEX_POINT ( 'NONE', #2444 ) ;
#5783 = DIRECTION ( 'NONE',  ( 0.000000000000000000, 0.000000000000000000, -1.000000000000000000 ) ) ;
#5784 =( NAMED_UNIT ( * ) SI_UNIT ( $, .STERADIAN. ) SOLID_ANGLE_UNIT ( ) );
#5785 = ORIENTED_EDGE ( 'NONE', *, *, #10712, .T. ) ;
#5786 = CARTESIAN_POINT ( 'NONE',  ( 2.402703094130444583, 1.909761932960728270, 0.4828396347450739645 ) ) ;
#5787 = CARTESIAN_POINT ( 'NONE',  ( -2.449999999999999289, -1.949999999999999512, 0.1000000000000000056 ) ) ;
#5788 = ORIENTED_EDGE ( 'NONE', *, *, #10515, .T. ) ;
#5789 = PLANE ( 'NONE',  #6921 ) ;
#5790 = CARTESIAN_POINT ( 'NONE',  ( -2.000000000000000000, 1.325000000000000400, -0.4499999999999999556 ) ) ;
#5791 = FILL_AREA_STYLE_COLOUR ( '', #4120 ) ;
#5792 = MECHANICAL_DESIGN_GEOMETRIC_PRESENTATION_REPRESENTATION (  '', ( #9646 ), #4040 ) ;
#5793 = PLANE ( 'NONE',  #8526 ) ;
#5794 = EDGE_CURVE ( 'NONE', #3896, #1695, #666, .T. ) ;
#5795 =( NAMED_UNIT ( * ) PLANE_ANGLE_UNIT ( ) SI_UNIT ( $, .RADIAN. ) );
#5796 = SURFACE_STYLE_USAGE ( .BOTH. , #7395 ) ;
#5797 = CARTESIAN_POINT ( 'NONE',  ( 0.5250000000000000222, -2.330000000000000071, -0.4684254559678819319 ) ) ;
#5798 = ADVANCED_FACE ( 'NONE', ( #2284 ), #4104, .T. ) ;
#5799 = VECTOR ( 'NONE', #51, 1000.000000000000000 ) ;
#5800 = SURFACE_SIDE_STYLE ('',( #2545 ) ) ;
#5801 = DIRECTION ( 'NONE',  ( 0.000000000000000000, -0.000000000000000000, -1.000000000000000000 ) ) ;
#5802 = DIRECTION ( 'NONE',  ( -1.000000000000000000, -0.000000000000000000, -0.000000000000000000 ) ) ;
#5803 = CARTESIAN_POINT ( 'NONE',  ( 2.450806167510463318, -1.876217025357843182, -0.09232982849429269279 ) ) ;
#5804 = SURFACE_SIDE_STYLE ('',( #4001 ) ) ;
#5805 = ORIENTED_EDGE ( 'NONE', *, *, #1915, .F. ) ;
#5806 = SURFACE_STYLE_USAGE ( .BOTH. , #1744 ) ;
#5807 = VERTEX_POINT ( 'NONE', #3295 ) ;
#5808 = FILL_AREA_STYLE ('',( #10752 ) ) ;
#5809 = ADVANCED_FACE ( 'NONE', ( #7396 ), #6614, .F. ) ;
#5810 = ORIENTED_EDGE ( 'NONE', *, *, #5625, .F. ) ;
#5811 = ORIENTED_EDGE ( 'NONE', *, *, #3993, .T. ) ;
#5812 = FILL_AREA_STYLE_COLOUR ( '', #9229 ) ;
#5813 = COLOUR_RGB ( '',0.8039215686274510109, 0.8039215686274510109, 0.8039215686274510109 ) ;
#5814 = SURFACE_STYLE_USAGE ( .BOTH. , #2507 ) ;
#5815 = CARTESIAN_POINT ( 'NONE',  ( 1.824999999999999956, 2.049999999999999822, -0.2000000000000000111 ) ) ;
#5816 = EDGE_LOOP ( 'NONE', ( #9239, #8906, #4171, #5700 ) ) ;
#5817 = ORIENTED_EDGE ( 'NONE', *, *, #6911, .T. ) ;
#5818 = CARTESIAN_POINT ( 'NONE',  ( -1.424999999999999822, -2.330000000000000071, -0.4684254559678819319 ) ) ;
#5819 = COLOUR_RGB ( '',0.8039215686274510109, 0.8039215686274510109, 0.8039215686274510109 ) ;
#5820 = DIRECTION ( 'NONE',  ( 0.000000000000000000, 0.5190546823227987216, -0.8547410349098599758 ) ) ;
#5821 = ADVANCED_FACE ( 'NONE', ( #9061 ), #8945, .T. ) ;
#5822 = EDGE_CURVE ( 'NONE', #382, #6971, #6666, .T. ) ;
#5823 = FILL_AREA_STYLE ('',( #3363 ) ) ;
#5824 = ORIENTED_EDGE ( 'NONE', *, *, #324, .T. ) ;
#5825 = AXIS2_PLACEMENT_3D ( 'NONE', #7090, #3071, #9745 ) ;
#5826 = PLANE ( 'NONE',  #6411 ) ;
#5827 = CARTESIAN_POINT ( 'NONE',  ( -1.824999999999999734, -2.049999999999999822, -0.2000000000000000111 ) ) ;
#5828 = PRESENTATION_LAYER_ASSIGNMENT (  '', '', ( #2879 ) ) ;
#5829 = LINE ( 'NONE', #9186, #4722 ) ;
#5830 = CARTESIAN_POINT ( 'NONE',  ( -0.7749999999999999112, -2.500948206981972177, -0.3646145195033222430 ) ) ;
#5831 = ORIENTED_EDGE ( 'NONE', *, *, #1285, .F. ) ;
#5832 = SURFACE_STYLE_FILL_AREA ( #10231 ) ;
#5833 = ORIENTED_EDGE ( 'NONE', *, *, #425, .T. ) ;
#5835 = ADVANCED_FACE ( 'NONE', ( #9215 ), #10197, .T. ) ;
#5834 = VECTOR ( 'NONE', #9293, 1000.000000000000000 ) ;
#5836 = FILL_AREA_STYLE ('',( #125 ) ) ;
#5837 = CARTESIAN_POINT ( 'NONE',  ( -2.335172790808107468, 1.835172790808107690, -0.4749999999999999223 ) ) ;
#5838 = COLOUR_RGB ( '',0.8039215686274510109, 0.8039215686274510109, 0.8039215686274510109 ) ;
#5839 = CARTESIAN_POINT ( 'NONE',  ( 0.7750000000000001332, -2.277216163946027105, 0.003810936464559766534 ) ) ;
#5840 = UNCERTAINTY_MEASURE_WITH_UNIT (LENGTH_MEASURE( 1.000000000000000082E-05 ), #465, 'distance_accuracy_value', 'NONE');
#5841 = EDGE_LOOP ( 'NONE', ( #279, #1750, #3552, #7377 ) ) ;
#5842 = FACE_OUTER_BOUND ( 'NONE', #9665, .T. ) ;
#5843 =( LENGTH_UNIT ( ) NAMED_UNIT ( * ) SI_UNIT ( .MILLI., .METRE. ) );
#5844 = AXIS2_PLACEMENT_3D ( 'NONE', #3239, #4209, #6659 ) ;
#5845 = MECHANICAL_DESIGN_GEOMETRIC_PRESENTATION_REPRESENTATION (  '', ( #4090 ), #2892 ) ;
#5846 =( LENGTH_UNIT ( ) NAMED_UNIT ( * ) SI_UNIT ( .MILLI., .METRE. ) );
#5847 = FILL_AREA_STYLE_COLOUR ( '', #10236 ) ;
#5848 = VERTEX_POINT ( 'NONE', #8404 ) ;
#5849 = AXIS2_PLACEMENT_3D ( 'NONE', #10802, #3294, #2219 ) ;
#5850 = PRESENTATION_STYLE_ASSIGNMENT (( #9312 ) ) ;
#5851 = CARTESIAN_POINT ( 'NONE',  ( -1.824999999999999734, -2.559556632021898537, -0.2684686300112771873 ) ) ;
#5852 = DIRECTION ( 'NONE',  ( 0.000000000000000000, 0.000000000000000000, -1.000000000000000000 ) ) ;
#5853 = PLANE ( 'NONE',  #10059 ) ;
#5854 = PRESENTATION_LAYER_ASSIGNMENT (  '', '', ( #4617 ) ) ;
#5855 = PRESENTATION_LAYER_ASSIGNMENT (  '', '', ( #3075 ) ) ;
#5856 = STYLED_ITEM ( 'NONE', ( #10312 ), #4222 ) ;
#5857 = CARTESIAN_POINT ( 'NONE',  ( -2.074999999999999734, -2.559556632021898537, -0.2684686300112771873 ) ) ;
#5858 = EDGE_CURVE ( 'NONE', #3558, #7373, #94, .T. ) ;
#5859 = LINE ( 'NONE', #1567, #5860 ) ;
#5860 = VECTOR ( 'NONE', #1741, 1000.000000000000000 ) ;
#5861 = ORIENTED_EDGE ( 'NONE', *, *, #10475, .T. ) ;
#5862 = DIRECTION ( 'NONE',  ( 0.000000000000000000, -0.000000000000000000, 1.000000000000000000 ) ) ;
#5863 = ORIENTED_EDGE ( 'NONE', *, *, #3413, .T. ) ;
#5864 = DIRECTION ( 'NONE',  ( 0.000000000000000000, 0.06975647374412545509, 0.9975640502598243087 ) ) ;
#5865 = DIRECTION ( 'NONE',  ( 0.000000000000000000, -0.9975640502598241977, 0.06975647374412535795 ) ) ;
#5866 = DIRECTION ( 'NONE',  ( 0.000000000000000000, 0.06975647374412539958, -0.9975640502598243087 ) ) ;
#5867 = EDGE_CURVE ( 'NONE', #1983, #10770, #3501, .T. ) ;
#5868 = CYLINDRICAL_SURFACE ( 'NONE', #8901, 0.09999999999999982514 ) ;
#5869 = CARTESIAN_POINT ( 'NONE',  ( -2.375273160256225591, 1.949999626916908868, -0.1000035496485075087 ) ) ;
#5870 =( GEOMETRIC_REPRESENTATION_CONTEXT ( 3 ) GLOBAL_UNCERTAINTY_ASSIGNED_CONTEXT ( ( #1713 ) ) GLOBAL_UNIT_ASSIGNED_CONTEXT ( ( #5226, #2021, #1062 ) ) REPRESENTATION_CONTEXT ( 'NONE', 'WORKASPACE' ) );
#5871 = EDGE_CURVE ( 'NONE', #6723, #676, #3448, .T. ) ;
#5872 = SURFACE_STYLE_FILL_AREA ( #10054 ) ;
#5873 = ORIENTED_EDGE ( 'NONE', *, *, #2387, .T. ) ;
#5874 = ADVANCED_FACE ( 'NONE', ( #4416 ), #5039, .T. ) ;
#5875 = PRESENTATION_LAYER_ASSIGNMENT (  '', '', ( #7808 ) ) ;
#5876 = EDGE_LOOP ( 'NONE', ( #4736, #2315, #4914, #9859 ) ) ;
#5877 = DIRECTION ( 'NONE',  ( 1.000000000000000000, 0.000000000000000000, 0.000000000000000000 ) ) ;
#5878 = AXIS2_PLACEMENT_3D ( 'NONE', #4641, #6181, #7857 ) ;
#5879 = LINE ( 'NONE', #4279, #8770 ) ;
#5880 = MECHANICAL_DESIGN_GEOMETRIC_PRESENTATION_REPRESENTATION (  '', ( #3264 ), #3595 ) ;
#5881 = PRESENTATION_LAYER_ASSIGNMENT (  '', '', ( #4832 ) ) ;
#5882 = VECTOR ( 'NONE', #1739, 1000.000000000000000 ) ;
#5883 =( GEOMETRIC_REPRESENTATION_CONTEXT ( 3 ) GLOBAL_UNCERTAINTY_ASSIGNED_CONTEXT ( ( #9041 ) ) GLOBAL_UNIT_ASSIGNED_CONTEXT ( ( #10041, #5042, #8346 ) ) REPRESENTATION_CONTEXT ( 'NONE', 'WORKASPACE' ) );
#5884 = SURFACE_SIDE_STYLE ('',( #2571 ) ) ;
#5885 = STYLED_ITEM ( 'NONE', ( #998 ), #5530 ) ;
#5886 = DIRECTION ( 'NONE',  ( -1.000000000000000000, -0.000000000000000000, -0.000000000000000000 ) ) ;
#5887 = CARTESIAN_POINT ( 'NONE',  ( 1.824999999999999956, 2.500948206981972177, -0.3646145195033222430 ) ) ;
#5888 = DIRECTION ( 'NONE',  ( -0.000000000000000000, -1.000000000000000000, -0.000000000000000000 ) ) ;
#5889 = ORIENTED_EDGE ( 'NONE', *, *, #7889, .F. ) ;
#5890 = VECTOR ( 'NONE', #10240, 1000.000000000000000 ) ;
#5891 = STYLED_ITEM ( 'NONE', ( #9685 ), #9187 ) ;
#5892 = CARTESIAN_POINT ( 'NONE',  ( 1.824999999999999956, 1.949999999999999512, 0.1000000000000000056 ) ) ;
#5893 = STYLED_ITEM ( 'NONE', ( #5077 ), #8401 ) ;
#5894 = ORIENTED_EDGE ( 'NONE', *, *, #6662, .T. ) ;
#5895 = STYLED_ITEM ( 'NONE', ( #10262 ), #1796 ) ;
#5896 = VECTOR ( 'NONE', #10693, 1000.000000000000000 ) ;
#5897 = VECTOR ( 'NONE', #8293, 1000.000000000000000 ) ;
#5898 = PRESENTATION_STYLE_ASSIGNMENT (( #2528 ) ) ;
#5899 = CARTESIAN_POINT ( 'NONE',  ( 1.425000000000000044, 2.474082528530912928, -0.3203740982435569484 ) ) ;
#5900 = FILL_AREA_STYLE ('',( #1816 ) ) ;
#5901 =( LENGTH_UNIT ( ) NAMED_UNIT ( * ) SI_UNIT ( .MILLI., .METRE. ) );
#5902 = STYLED_ITEM ( 'NONE', ( #3123 ), #4437 ) ;
#5903 = VECTOR ( 'NONE', #9420, 1000.000000000000000 ) ;
#5904 = ORIENTED_EDGE ( 'NONE', *, *, #254, .F. ) ;
#5905 = MECHANICAL_DESIGN_GEOMETRIC_PRESENTATION_REPRESENTATION (  '', ( #9766 ), #658 ) ;
#5906 = DIRECTION ( 'NONE',  ( 0.000000000000000000, -1.000000000000000000, -8.672620682681688006E-17 ) ) ;
#5907 = PLANE ( 'NONE',  #10481 ) ;
#5908 = EDGE_CURVE ( 'NONE', #2820, #1101, #2611, .T. ) ;
#5909 = PRESENTATION_STYLE_ASSIGNMENT (( #820 ) ) ;
#5910 = ORIENTED_EDGE ( 'NONE', *, *, #7166, .T. ) ;
#5911 = CARTESIAN_POINT ( 'NONE',  ( -2.449998880753507802, 1.875409738600888332, -0.1000106489190370068 ) ) ;
#5912 = CIRCLE ( 'NONE', #7313, 0.1000000000000000194 ) ;
#5913 = DIRECTION ( 'NONE',  ( 0.000000000000000000, 0.000000000000000000, -1.000000000000000000 ) ) ;
#5914 =( GEOMETRIC_REPRESENTATION_CONTEXT ( 3 ) GLOBAL_UNCERTAINTY_ASSIGNED_CONTEXT ( ( #10520 ) ) GLOBAL_UNIT_ASSIGNED_CONTEXT ( ( #7274, #579, #2208 ) ) REPRESENTATION_CONTEXT ( 'NONE', 'WORKASPACE' ) );
#5915 =( NAMED_UNIT ( * ) SI_UNIT ( $, .STERADIAN. ) SOLID_ANGLE_UNIT ( ) );
#5916 = UNCERTAINTY_MEASURE_WITH_UNIT (LENGTH_MEASURE( 1.000000000000000082E-05 ), #9177, 'distance_accuracy_value', 'NONE');
#5917 = DIRECTION ( 'NONE',  ( -0.000000000000000000, -1.000000000000000000, -0.000000000000000000 ) ) ;
#5918 =( NAMED_UNIT ( * ) SI_UNIT ( $, .STERADIAN. ) SOLID_ANGLE_UNIT ( ) );
#5919 = LINE ( 'NONE', #8562, #2593 ) ;
#5920 = CARTESIAN_POINT ( 'NONE',  ( 1.175000000000000044, 1.949999999999999512, 0.1000000000000000056 ) ) ;
#5921 = AXIS2_PLACEMENT_3D ( 'NONE', #5580, #8944, #2162 ) ;
#5922 = PRESENTATION_STYLE_ASSIGNMENT (( #6877 ) ) ;
#5923 = ORIENTED_EDGE ( 'NONE', *, *, #2809, .T. ) ;
#5924 =( LENGTH_UNIT ( ) NAMED_UNIT ( * ) SI_UNIT ( .MILLI., .METRE. ) );
#5925 = ORIENTED_EDGE ( 'NONE', *, *, #5956, .T. ) ;
#5926 = ORIENTED_EDGE ( 'NONE', *, *, #8009, .F. ) ;
#5927 = ORIENTED_EDGE ( 'NONE', *, *, #10403, .F. ) ;
#5928 = CARTESIAN_POINT ( 'NONE',  ( -2.449999999999999289, -1.949999999999999512, 0.1000000000000000056 ) ) ;
#5929 = DIRECTION ( 'NONE',  ( 0.000000000000000000, -1.000000000000000000, 0.000000000000000000 ) ) ;
#5930 = SURFACE_STYLE_FILL_AREA ( #6886 ) ;
#5931 = PRESENTATION_STYLE_ASSIGNMENT (( #1001 ) ) ;
#5932 = FACE_OUTER_BOUND ( 'NONE', #9903, .T. ) ;
#5933 = AXIS2_PLACEMENT_3D ( 'NONE', #8097, #3810, #2271 ) ;
#5934 = ORIENTED_EDGE ( 'NONE', *, *, #3576, .F. ) ;
#5935 = ORIENTED_EDGE ( 'NONE', *, *, #4642, .F. ) ;
#5936 = DIRECTION ( 'NONE',  ( 0.000000000000000000, 0.000000000000000000, 1.000000000000000000 ) ) ;
#5937 = EDGE_CURVE ( 'NONE', #3962, #3904, #984, .T. ) ;
#5938 = SURFACE_STYLE_USAGE ( .BOTH. , #4942 ) ;
#5939 = EDGE_CURVE ( 'NONE', #2990, #800, #6778, .T. ) ;
#5940 = DIRECTION ( 'NONE',  ( 0.000000000000000000, 0.000000000000000000, -1.000000000000000000 ) ) ;
#5941 = CARTESIAN_POINT ( 'NONE',  ( -0.7749999999999999112, 2.049999999999999822, -0.1000000000000000056 ) ) ;
#5942 = ORIENTED_EDGE ( 'NONE', *, *, #8233, .F. ) ;
#5943 = PRESENTATION_STYLE_ASSIGNMENT (( #9297 ) ) ;
#5944 = LINE ( 'NONE', #10837, #10040 ) ;
#5945 = EDGE_LOOP ( 'NONE', ( #9833, #7860, #554, #9007 ) ) ;
#5946 =( LENGTH_UNIT ( ) NAMED_UNIT ( * ) SI_UNIT ( .MILLI., .METRE. ) );
#5947 =( NAMED_UNIT ( * ) SI_UNIT ( $, .STERADIAN. ) SOLID_ANGLE_UNIT ( ) );
#5948 = DIRECTION ( 'NONE',  ( 0.000000000000000000, 0.9975640502598241977, 0.06975647374412535795 ) ) ;
#5949 = UNCERTAINTY_MEASURE_WITH_UNIT (LENGTH_MEASURE( 1.000000000000000082E-05 ), #959, 'distance_accuracy_value', 'NONE');
#5950 = ORIENTED_EDGE ( 'NONE', *, *, #1866, .T. ) ;
#5951 = CARTESIAN_POINT ( 'NONE',  ( -1.824999999999999734, 2.500948206981972177, -0.3646145195033222430 ) ) ;
#5952 = FACE_OUTER_BOUND ( 'NONE', #8473, .T. ) ;
#5953 = DIRECTION ( 'NONE',  ( -1.000000000000000000, -0.000000000000000000, -0.000000000000000000 ) ) ;
#5954 = EDGE_LOOP ( 'NONE', ( #838, #2848, #418, #6479 ) ) ;
#5955 = SURFACE_STYLE_FILL_AREA ( #1781 ) ;
#5956 = EDGE_CURVE ( 'NONE', #7903, #2591, #4324, .T. ) ;
#5957 = PRESENTATION_STYLE_ASSIGNMENT (( #919 ) ) ;
#5958 =( NAMED_UNIT ( * ) PLANE_ANGLE_UNIT ( ) SI_UNIT ( $, .RADIAN. ) );
#5959 = CARTESIAN_POINT ( 'NONE',  ( 2.402703094130444583, -1.835172790808106802, 0.5499999999999999334 ) ) ;
#5960 = VECTOR ( 'NONE', #1056, 1000.000000000000000 ) ;
#5961 = CARTESIAN_POINT ( 'NONE',  ( -0.5249999999999999112, 2.552580984647486062, -0.3682250350372596737 ) ) ;
#5962 = EDGE_CURVE ( 'NONE', #3255, #5807, #8540, .T. ) ;
#5963 = EDGE_CURVE ( 'NONE', #904, #1648, #4140, .T. ) ;
#5964 = DIRECTION ( 'NONE',  ( 1.000000000000000000, 0.000000000000000000, 0.000000000000000000 ) ) ;
#5965 =( LENGTH_UNIT ( ) NAMED_UNIT ( * ) SI_UNIT ( .MILLI., .METRE. ) );
#5966 = AXIS2_PLACEMENT_3D ( 'NONE', #9083, #616, #1580 ) ;
#5967 = CARTESIAN_POINT ( 'NONE',  ( -2.449998880753507802, 1.875409738600888110, 0.1000106489190369929 ) ) ;
#5968 = ORIENTED_EDGE ( 'NONE', *, *, #7744, .F. ) ;
#5969 =( NAMED_UNIT ( * ) SI_UNIT ( $, .STERADIAN. ) SOLID_ANGLE_UNIT ( ) );
#5970 = ORIENTED_EDGE ( 'NONE', *, *, #5088, .T. ) ;
#5971 = EDGE_CURVE ( 'NONE', #8835, #498, #1209, .T. ) ;
#5972 = VECTOR ( 'NONE', #5820, 1000.000000000000000 ) ;
#5973 =( NAMED_UNIT ( * ) SI_UNIT ( $, .STERADIAN. ) SOLID_ANGLE_UNIT ( ) );
#5974 = FACE_OUTER_BOUND ( 'NONE', #4387, .T. ) ;
#5975 = CARTESIAN_POINT ( 'NONE',  ( 1.824999999999999956, 2.330000000000000071, -0.4684254559678819319 ) ) ;
#5976 = LINE ( 'NONE', #6790, #3628 ) ;
#5977 = STYLED_ITEM ( 'NONE', ( #9230 ), #10123 ) ;
#5978 = ORIENTED_EDGE ( 'NONE', *, *, #6757, .F. ) ;
#5979 = SURFACE_SIDE_STYLE ('',( #2565 ) ) ;
#5980 = ORIENTED_EDGE ( 'NONE', *, *, #6437, .T. ) ;
#5981 = VECTOR ( 'NONE', #4558, 1000.000000000000000 ) ;
#5982 =( NAMED_UNIT ( * ) SI_UNIT ( $, .STERADIAN. ) SOLID_ANGLE_UNIT ( ) );
#5983 = ADVANCED_FACE ( 'NONE', ( #7100 ), #6932, .T. ) ;
#5984 = CARTESIAN_POINT ( 'NONE',  ( -1.824999999999999734, -3.000000000000000000, -0.6000000000000000888 ) ) ;
#5985 = SURFACE_STYLE_USAGE ( .BOTH. , #5161 ) ;
#5986 = ORIENTED_EDGE ( 'NONE', *, *, #10121, .T. ) ;
#5987 = VECTOR ( 'NONE', #3173, 1000.000000000000114 ) ;
#5988 = ORIENTED_EDGE ( 'NONE', *, *, #126, .T. ) ;
#5989 = SURFACE_SIDE_STYLE ('',( #8478 ) ) ;
#5990 = DIRECTION ( 'NONE',  ( 0.000000000000000000, 0.000000000000000000, 1.000000000000000000 ) ) ;
#5991 = PRESENTATION_STYLE_ASSIGNMENT (( #3640 ) ) ;
#5992 = VERTEX_POINT ( 'NONE', #2101 ) ;
#5993 = PRESENTATION_LAYER_ASSIGNMENT (  '', '', ( #3889 ) ) ;
#5994 = CARTESIAN_POINT ( 'NONE',  ( -0.5249999999999999112, 1.949999999999999512, -0.1000000000000000056 ) ) ;
#5995 = DIRECTION ( 'NONE',  ( 0.000000000000000000, -0.000000000000000000, 1.000000000000000000 ) ) ;
#5996 = EDGE_CURVE ( 'NONE', #1907, #3762, #9637, .T. ) ;
#5997 = SURFACE_STYLE_USAGE ( .BOTH. , #5233 ) ;
#5998 = VECTOR ( 'NONE', #5940, 1000.000000000000000 ) ;
#5999 = FACE_OUTER_BOUND ( 'NONE', #5646, .T. ) ;
#6000 = DIRECTION ( 'NONE',  ( 0.000000000000000000, 0.8547410349098605309, -0.5190546823227980555 ) ) ;
#6001 = VERTEX_POINT ( 'NONE', #7153 ) ;
#6002 = LINE ( 'NONE', #186, #1897 ) ;
#6003 = VECTOR ( 'NONE', #9811, 1000.000000000000000 ) ;
#6004 = STYLED_ITEM ( 'NONE', ( #9127 ), #468 ) ;
#6005 = LINE ( 'NONE', #189, #1126 ) ;
#6006 = CIRCLE ( 'NONE', #5663, 0.09999999999999982514 ) ;
#6007 = FACE_OUTER_BOUND ( 'NONE', #3853, .T. ) ;
#6008 = UNCERTAINTY_MEASURE_WITH_UNIT (LENGTH_MEASURE( 1.000000000000000082E-05 ), #137, 'distance_accuracy_value', 'NONE');
#6009 = CARTESIAN_POINT ( 'NONE',  ( 2.000000000000000000, -1.324999999999999512, -0.5499999999999999334 ) ) ;
#6010 =( LENGTH_UNIT ( ) NAMED_UNIT ( * ) SI_UNIT ( .MILLI., .METRE. ) );
#6011 = PRESENTATION_LAYER_ASSIGNMENT (  '', '', ( #4428 ) ) ;
#6012 = CARTESIAN_POINT ( 'NONE',  ( -0.5249999999999999112, -2.552580984647486062, -0.3682250350372594516 ) ) ;
#6013 = ORIENTED_EDGE ( 'NONE', *, *, #4898, .T. ) ;
#6014 = STYLED_ITEM ( 'NONE', ( #5537 ), #8053 ) ;
#6015 = FILL_AREA_STYLE_COLOUR ( '', #6733 ) ;
#6016 = ORIENTED_EDGE ( 'NONE', *, *, #9594, .T. ) ;
#6017 = COLOUR_RGB ( '',0.8039215686274510109, 0.8039215686274510109, 0.8039215686274510109 ) ;
#6018 = PRESENTATION_LAYER_ASSIGNMENT (  '', '', ( #409 ) ) ;
#6019 = AXIS2_PLACEMENT_3D ( 'NONE', #1611, #3091, #5636 ) ;
#6020 = SURFACE_STYLE_USAGE ( .BOTH. , #6085 ) ;
#6021 = DIRECTION ( 'NONE',  ( 0.000000000000000000, 0.000000000000000000, -1.000000000000000000 ) ) ;
#6022 = PRESENTATION_STYLE_ASSIGNMENT (( #7212 ) ) ;
#6023 = AXIS2_PLACEMENT_3D ( 'NONE', #4502, #8669, #8836 ) ;
#6024 = DIRECTION ( 'NONE',  ( 0.000000000000000000, 0.000000000000000000, -1.000000000000000000 ) ) ;
#6025 = EDGE_CURVE ( 'NONE', #2822, #6811, #4531, .T. ) ;
#6026 = CARTESIAN_POINT ( 'NONE',  ( 1.824999999999999956, 2.330000000000000071, -0.4684254559678819319 ) ) ;
#6027 = DIRECTION ( 'NONE',  ( 0.000000000000000000, 0.000000000000000000, 1.000000000000000000 ) ) ;
#6028 = ORIENTED_EDGE ( 'NONE', *, *, #9135, .F. ) ;
#6029 = FILL_AREA_STYLE_COLOUR ( '', #7845 ) ;
#6030 = VERTEX_POINT ( 'NONE', #7890 ) ;
#6031 = EDGE_CURVE ( 'NONE', #7425, #9385, #4627, .T. ) ;
#6032 = CARTESIAN_POINT ( 'NONE',  ( -0.7749999999999999112, -2.106267956964054999, 0.09999999999999999167 ) ) ;
#6033 = ORIENTED_EDGE ( 'NONE', *, *, #6948, .T. ) ;
#6034 = DIRECTION ( 'NONE',  ( 1.000000000000000000, 0.000000000000000000, 0.000000000000000000 ) ) ;
#6035 = FILL_AREA_STYLE_COLOUR ( '', #10435 ) ;
#6036 = AXIS2_PLACEMENT_3D ( 'NONE', #4631, #10523, #3030 ) ;
#6037 = DIRECTION ( 'NONE',  ( 1.000000000000000000, 0.000000000000000000, 0.000000000000000000 ) ) ;
#6038 = MECHANICAL_DESIGN_GEOMETRIC_PRESENTATION_REPRESENTATION (  '', ( #9912 ), #4469 ) ;
#6039 = FILL_AREA_STYLE_COLOUR ( '', #105 ) ;
#6040 = ORIENTED_EDGE ( 'NONE', *, *, #165, .F. ) ;
#6041 = FILL_AREA_STYLE_COLOUR ( '', #8794 ) ;
#6042 = FILL_AREA_STYLE_COLOUR ( '', #5819 ) ;
#6043 = EDGE_LOOP ( 'NONE', ( #5278, #752, #4096, #9278 ) ) ;
#6044 = VECTOR ( 'NONE', #775, 1000.000000000000000 ) ;
#6045 = SURFACE_STYLE_USAGE ( .BOTH. , #2741 ) ;
#6046 = COLOUR_RGB ( '',0.2862745098039215508, 0.2862745098039215508, 0.2862745098039215508 ) ;
#6047 =( GEOMETRIC_REPRESENTATION_CONTEXT ( 3 ) GLOBAL_UNCERTAINTY_ASSIGNED_CONTEXT ( ( #8390 ) ) GLOBAL_UNIT_ASSIGNED_CONTEXT ( ( #48, #929, #5969 ) ) REPRESENTATION_CONTEXT ( 'NONE', 'WORKASPACE' ) );
#6048 = DIRECTION ( 'NONE',  ( 0.000000000000000000, 0.000000000000000000, -1.000000000000000000 ) ) ;
#6049 = LINE ( 'NONE', #6907, #1306 ) ;
#6050 = AXIS2_PLACEMENT_3D ( 'NONE', #4360, #874, #7663 ) ;
#6051 = EDGE_CURVE ( 'NONE', #3661, #8369, #10521, .T. ) ;
#6052 = AXIS2_PLACEMENT_3D ( 'NONE', #6997, #8071, #7124 ) ;
#6053 = UNCERTAINTY_MEASURE_WITH_UNIT (LENGTH_MEASURE( 1.000000000000000082E-05 ), #9610, 'distance_accuracy_value', 'NONE');
#6054 = LINE ( 'NONE', #5271, #5362 ) ;
#6055 = VERTEX_POINT ( 'NONE', #8652 ) ;
#6056 = SURFACE_SIDE_STYLE ('',( #2849 ) ) ;
#6057 = FACE_OUTER_BOUND ( 'NONE', #6458, .T. ) ;
#6058 = VECTOR ( 'NONE', #7508, 1000.000000000000000 ) ;
#6059 = DIRECTION ( 'NONE',  ( 0.000000000000000000, -1.000000000000000000, 0.000000000000000000 ) ) ;
#6060 = LINE ( 'NONE', #9368, #4296 ) ;
#6061 = LINE ( 'NONE', #5234, #8480 ) ;
#6062 = ORIENTED_EDGE ( 'NONE', *, *, #7858, .F. ) ;
#6063 = COLOUR_RGB ( '',0.8039215686274510109, 0.8039215686274510109, 0.8039215686274510109 ) ;
#6064 = DIRECTION ( 'NONE',  ( -0.000000000000000000, 0.000000000000000000, -1.000000000000000000 ) ) ;
#6065 = ORIENTED_EDGE ( 'NONE', *, *, #3108, .T. ) ;
#6066 =( LENGTH_UNIT ( ) NAMED_UNIT ( * ) SI_UNIT ( .MILLI., .METRE. ) );
#6067 = CARTESIAN_POINT ( 'NONE',  ( -1.174999999999999822, -2.106267956964054999, -0.09999999999999999167 ) ) ;
#6068 = PRESENTATION_LAYER_ASSIGNMENT (  '', '', ( #10807 ) ) ;
#6069 = EDGE_CURVE ( 'NONE', #7895, #3495, #5191, .T. ) ;
#6070 =( GEOMETRIC_REPRESENTATION_CONTEXT ( 3 ) GLOBAL_UNCERTAINTY_ASSIGNED_CONTEXT ( ( #1020 ) ) GLOBAL_UNIT_ASSIGNED_CONTEXT ( ( #4142, #10297, #6147 ) ) REPRESENTATION_CONTEXT ( 'NONE', 'WORKASPACE' ) );
#6071 = DIRECTION ( 'NONE',  ( 1.000000000000000000, -0.000000000000000000, 0.000000000000000000 ) ) ;
#6072 =( GEOMETRIC_REPRESENTATION_CONTEXT ( 3 ) GLOBAL_UNCERTAINTY_ASSIGNED_CONTEXT ( ( #4847 ) ) GLOBAL_UNIT_ASSIGNED_CONTEXT ( ( #2207, #4477, #3657 ) ) REPRESENTATION_CONTEXT ( 'NONE', 'WORKASPACE' ) );
#6073 = AXIS2_PLACEMENT_3D ( 'NONE', #5087, #5136, #8446 ) ;
#6074 = EDGE_CURVE ( 'NONE', #9224, #2640, #2910, .T. ) ;
#6075 = CARTESIAN_POINT ( 'NONE',  ( 2.323257295734051819, -1.897846437886671511, 0.5962079975321372682 ) ) ;
#6076 = LINE ( 'NONE', #7783, #3459 ) ;
#6077 =( LENGTH_UNIT ( ) NAMED_UNIT ( * ) SI_UNIT ( .MILLI., .METRE. ) );
#6078 = PRESENTATION_STYLE_ASSIGNMENT (( #2712 ) ) ;
#6079 = LINE ( 'NONE', #7412, #577 ) ;
#6080 = CARTESIAN_POINT ( 'NONE',  ( 1.425000000000000044, -3.000000000000000000, -0.3995116203837655866 ) ) ;
#6081 = EDGE_LOOP ( 'NONE', ( #5643, #21, #8350, #10551, #4134, #5003, #6564, #1973, #712, #706, #993, #5469 ) ) ;
#6082 = VECTOR ( 'NONE', #6463, 1000.000000000000000 ) ;
#6083 = FILL_AREA_STYLE ('',( #6015 ) ) ;
#6084 = ORIENTED_EDGE ( 'NONE', *, *, #8721, .T. ) ;
#6085 = SURFACE_SIDE_STYLE ('',( #10206 ) ) ;
#6086 =( NAMED_UNIT ( * ) PLANE_ANGLE_UNIT ( ) SI_UNIT ( $, .RADIAN. ) );
#6087 = VECTOR ( 'NONE', #1667, 1000.000000000000000 ) ;
#6088 = DIRECTION ( 'NONE',  ( 0.000000000000000000, 0.000000000000000000, -1.000000000000000000 ) ) ;
#6089 = FACE_OUTER_BOUND ( 'NONE', #8646, .T. ) ;
#6090 = UNCERTAINTY_MEASURE_WITH_UNIT (LENGTH_MEASURE( 1.000000000000000082E-05 ), #489, 'distance_accuracy_value', 'NONE');
#6091 =( NAMED_UNIT ( * ) SI_UNIT ( $, .STERADIAN. ) SOLID_ANGLE_UNIT ( ) );
#6092 =( GEOMETRIC_REPRESENTATION_CONTEXT ( 3 ) GLOBAL_UNCERTAINTY_ASSIGNED_CONTEXT ( ( #10313 ) ) GLOBAL_UNIT_ASSIGNED_CONTEXT ( ( #10400, #7879, #8637 ) ) REPRESENTATION_CONTEXT ( 'NONE', 'WORKASPACE' ) );
#6093 = ORIENTED_EDGE ( 'NONE', *, *, #6557, .F. ) ;
#6094 = ADVANCED_FACE ( 'NONE', ( #8881 ), #1381, .T. ) ;
#6095 = FACE_OUTER_BOUND ( 'NONE', #6904, .T. ) ;
#6096 = DIRECTION ( 'NONE',  ( -0.000000000000000000, 0.000000000000000000, -1.000000000000000000 ) ) ;
#6097 = EDGE_CURVE ( 'NONE', #1282, #9301, #3966, .T. ) ;
#6098 = VECTOR ( 'NONE', #3983, 1000.000000000000000 ) ;
#6099 = SURFACE_STYLE_USAGE ( .BOTH. , #1963 ) ;
#6100 = EDGE_CURVE ( 'NONE', #10853, #2294, #411, .T. ) ;
#6101 = CARTESIAN_POINT ( 'NONE',  ( 0.5250000000000000222, -2.277216163946027105, 0.003810936464559766534 ) ) ;
#6102 = DIRECTION ( 'NONE',  ( 0.000000000000000000, 0.9975640502598241977, 0.06975647374412535795 ) ) ;
#6103 = PLANE ( 'NONE',  #10456 ) ;
#6104 = ORIENTED_EDGE ( 'NONE', *, *, #4088, .T. ) ;
#6105 = FILL_AREA_STYLE ('',( #6041 ) ) ;
#6106 = CARTESIAN_POINT ( 'NONE',  ( 1.824999999999999956, 2.049999999999999822, -0.1000000000000000056 ) ) ;
#6107 = EDGE_LOOP ( 'NONE', ( #5561, #9920, #4030, #6655 ) ) ;
#6108 = DIRECTION ( 'NONE',  ( -0.000000000000000000, 0.000000000000000000, -1.000000000000000000 ) ) ;
#6109 = ADVANCED_FACE ( 'NONE', ( #477 ), #3701, .T. ) ;
#6110 = LINE ( 'NONE', #1970, #8601 ) ;
#6111 = CARTESIAN_POINT ( 'NONE',  ( -1.174999999999999822, -2.330000000000000071, -0.4684254559678819319 ) ) ;
#6112 =( NAMED_UNIT ( * ) SI_UNIT ( $, .STERADIAN. ) SOLID_ANGLE_UNIT ( ) );
#6113 = ORIENTED_EDGE ( 'NONE', *, *, #9764, .F. ) ;
#6114 = SURFACE_STYLE_USAGE ( .BOTH. , #6056 ) ;
#6115 = DIRECTION ( 'NONE',  ( 0.000000000000000000, 0.000000000000000000, -1.000000000000000000 ) ) ;
#6116 = FACE_OUTER_BOUND ( 'NONE', #7741, .T. ) ;
#6117 = ORIENTED_EDGE ( 'NONE', *, *, #4500, .T. ) ;
#6118 = CARTESIAN_POINT ( 'NONE',  ( -1.424999999999999822, 2.277216163946027105, 0.003810936464559820311 ) ) ;
#6119 = CLOSED_SHELL ( 'NONE', ( #7714, #5798, #3816, #6817, #9551, #180, #6509, #788, #4490, #7622, #4277, #6624, #2014, #2458 ) ) ;
#6120 = DIRECTION ( 'NONE',  ( 1.000000000000000000, 0.000000000000000000, 0.000000000000000000 ) ) ;
#6121 = SURFACE_STYLE_USAGE ( .BOTH. , #5240 ) ;
#6122 = SURFACE_STYLE_FILL_AREA ( #6774 ) ;
#6123 = FILL_AREA_STYLE ('',( #1258 ) ) ;
#6124 = UNCERTAINTY_MEASURE_WITH_UNIT (LENGTH_MEASURE( 1.000000000000000082E-05 ), #1945, 'distance_accuracy_value', 'NONE');
#6125 = DIRECTION ( 'NONE',  ( 3.038779738999323231E-16, 1.000000000000000000, 2.891205793294676650E-15 ) ) ;
#6126 = PRESENTATION_STYLE_ASSIGNMENT (( #2914 ) ) ;
#6127 = ADVANCED_FACE ( 'NONE', ( #5683 ), #5789, .T. ) ;
#6128 = DIRECTION ( 'NONE',  ( -1.000000000000000000, -0.000000000000000000, -0.000000000000000000 ) ) ;
#6129 = ORIENTED_EDGE ( 'NONE', *, *, #3873, .T. ) ;
#6130 =( NAMED_UNIT ( * ) SI_UNIT ( $, .STERADIAN. ) SOLID_ANGLE_UNIT ( ) );
#6131 = VECTOR ( 'NONE', #6691, 1000.000000000000000 ) ;
#6132 = DIRECTION ( 'NONE',  ( 0.000000000000000000, 0.000000000000000000, -1.000000000000000000 ) ) ;
#6133 = CARTESIAN_POINT ( 'NONE',  ( 1.425000000000000044, 3.000000000000000000, -0.6000000000000000888 ) ) ;
#6134 = EDGE_CURVE ( 'NONE', #676, #8767, #4489, .T. ) ;
#6135 = DIRECTION ( 'NONE',  ( 0.000000000000000000, -0.9975640502598241977, -0.06975647374412544122 ) ) ;
#6136 = ORIENTED_EDGE ( 'NONE', *, *, #8965, .T. ) ;
#6137 = MECHANICAL_DESIGN_GEOMETRIC_PRESENTATION_REPRESENTATION (  '', ( #8959 ), #2504 ) ;
#6138 = FILL_AREA_STYLE_COLOUR ( '', #6565 ) ;
#6139 = CARTESIAN_POINT ( 'NONE',  ( -2.374999999999999556, 1.950000000000000400, 0.1000000000000000056 ) ) ;
#6140 = ORIENTED_EDGE ( 'NONE', *, *, #4094, .T. ) ;
#6141 = FACE_OUTER_BOUND ( 'NONE', #6342, .T. ) ;
#6142 = SURFACE_STYLE_USAGE ( .BOTH. , #9500 ) ;
#6143 = DIRECTION ( 'NONE',  ( 0.000000000000000000, -1.000000000000000000, -8.672620682681688006E-17 ) ) ;
#6144 = ORIENTED_EDGE ( 'NONE', *, *, #5996, .F. ) ;
#6145 = LINE ( 'NONE', #7065, #9505 ) ;
#6146 = EDGE_LOOP ( 'NONE', ( #4504, #5978, #7462, #1745, #4273, #4605, #9070, #8738, #9502, #10560, #7302, #6159 ) ) ;
#6147 =( NAMED_UNIT ( * ) SI_UNIT ( $, .STERADIAN. ) SOLID_ANGLE_UNIT ( ) );
#6148 = AXIS2_PLACEMENT_3D ( 'NONE', #8867, #8218, #4853 ) ;
#6149 = LINE ( 'NONE', #7821, #5903 ) ;
#6150 = EDGE_CURVE ( 'NONE', #6, #1193, #9855, .T. ) ;
#6151 = DIRECTION ( 'NONE',  ( 0.000000000000000000, 0.000000000000000000, -1.000000000000000000 ) ) ;
#6152 = UNCERTAINTY_MEASURE_WITH_UNIT (LENGTH_MEASURE( 1.000000000000000082E-05 ), #5759, 'distance_accuracy_value', 'NONE');
#6153 = CARTESIAN_POINT ( 'NONE',  ( 1.175000000000000044, 2.277216163946027105, 0.003810936464559820311 ) ) ;
#6154 = ORIENTED_EDGE ( 'NONE', *, *, #1202, .F. ) ;
#6155 = SURFACE_STYLE_FILL_AREA ( #6205 ) ;
#6156 = CARTESIAN_POINT ( 'NONE',  ( -2.449998880753507358, -1.875409738600887000, -0.1000106489190370346 ) ) ;
#6157 =( GEOMETRIC_REPRESENTATION_CONTEXT ( 3 ) GLOBAL_UNCERTAINTY_ASSIGNED_CONTEXT ( ( #2257 ) ) GLOBAL_UNIT_ASSIGNED_CONTEXT ( ( #3064, #7326, #7375 ) ) REPRESENTATION_CONTEXT ( 'NONE', 'WORKASPACE' ) );
#6158 = EDGE_CURVE ( 'NONE', #6465, #9189, #8985, .T. ) ;
#6159 = ORIENTED_EDGE ( 'NONE', *, *, #9970, .F. ) ;
#6160 = CARTESIAN_POINT ( 'NONE',  ( -1.424999999999999822, 2.330000000000000071, -0.4684254559678819319 ) ) ;
#6161 = CYLINDRICAL_SURFACE ( 'NONE', #7576, 0.2000000000000000389 ) ;
#6162 = FILL_AREA_STYLE_COLOUR ( '', #1162 ) ;
#6163 = EDGE_CURVE ( 'NONE', #10289, #3458, #4035, .T. ) ;
#6164 = CARTESIAN_POINT ( 'NONE',  ( -2.449999999999999289, 1.950000000000000400, 0.1000000000000000056 ) ) ;
#6165 = CIRCLE ( 'NONE', #1471, 0.09999999999999982514 ) ;
#6166 = CARTESIAN_POINT ( 'NONE',  ( 2.335172790808107024, -1.835172790808106802, -0.5499999999999999334 ) ) ;
#6167 = CARTESIAN_POINT ( 'NONE',  ( -0.5249999999999999112, 2.552580984647486062, -0.3682250350372594516 ) ) ;
#6168 = STYLED_ITEM ( 'NONE', ( #6308 ), #2970 ) ;
#6169 = SURFACE_SIDE_STYLE ('',( #9479 ) ) ;
#6170 = DIRECTION ( 'NONE',  ( 0.000000000000000000, -0.8547410349098605309, -0.5190546823227980555 ) ) ;
#6171 = SURFACE_SIDE_STYLE ('',( #8656 ) ) ;
#6172 = VECTOR ( 'NONE', #9695, 1000.000000000000000 ) ;
#6173 = DIRECTION ( 'NONE',  ( -0.000000000000000000, -0.000000000000000000, 1.000000000000000000 ) ) ;
#6174 = ORIENTED_EDGE ( 'NONE', *, *, #8233, .T. ) ;
#6175 = CARTESIAN_POINT ( 'NONE',  ( -2.074999999999999734, 2.474082528530912928, -0.3203740982435569484 ) ) ;
#6176 = ORIENTED_EDGE ( 'NONE', *, *, #2353, .T. ) ;
#6177 = AXIS2_PLACEMENT_3D ( 'NONE', #607, #5423, #5546 ) ;
#6178 = SURFACE_SIDE_STYLE ('',( #6884 ) ) ;
#6179 = COLOUR_RGB ( '',0.8039215686274510109, 0.8039215686274510109, 0.8039215686274510109 ) ;
#6180 = EDGE_CURVE ( 'NONE', #1577, #4290, #9751, .T. ) ;
#6181 = DIRECTION ( 'NONE',  ( 1.000000000000000000, 0.000000000000000000, 0.000000000000000000 ) ) ;
#6182 = SURFACE_STYLE_FILL_AREA ( #5305 ) ;
#6183 = AXIS2_PLACEMENT_3D ( 'NONE', #3186, #1560, #4868 ) ;
#6184 = ORIENTED_EDGE ( 'NONE', *, *, #908, .T. ) ;
#6185 = SURFACE_STYLE_FILL_AREA ( #1169 ) ;
#6186 = ORIENTED_EDGE ( 'NONE', *, *, #5628, .T. ) ;
#6187 = DIRECTION ( 'NONE',  ( 1.000000000000000000, 0.000000000000000000, 0.000000000000000000 ) ) ;
#6188 = COLOUR_RGB ( '',0.8039215686274510109, 0.8039215686274510109, 0.8039215686274510109 ) ;
#6189 = EDGE_CURVE ( 'NONE', #2737, #7312, #4745, .T. ) ;
#6190 = STYLED_ITEM ( 'NONE', ( #1206 ), #1466 ) ;
#6191 = PLANE ( 'NONE',  #6052 ) ;
#6192 = ORIENTED_EDGE ( 'NONE', *, *, #4988, .T. ) ;
#6193 = EDGE_CURVE ( 'NONE', #2377, #7360, #3924, .T. ) ;
#6194 =( NAMED_UNIT ( * ) PLANE_ANGLE_UNIT ( ) SI_UNIT ( $, .RADIAN. ) );
#6195 = EDGE_CURVE ( 'NONE', #10710, #9963, #7386, .T. ) ;
#6196 = CARTESIAN_POINT ( 'NONE',  ( -1.424999999999999822, -2.106267956964054999, -0.09999999999999999167 ) ) ;
#6197 = CARTESIAN_POINT ( 'NONE',  ( 1.175000000000000044, 2.135474103490985875, -0.1480945317677201667 ) ) ;
#6198 = ORIENTED_EDGE ( 'NONE', *, *, #2493, .F. ) ;
#6199 =( BOUNDED_CURVE ( )  B_SPLINE_CURVE ( 3, ( #5428, #9566, #7708, #388 ),
 .UNSPECIFIED., .F., .F. ) 
 B_SPLINE_CURVE_WITH_KNOTS ( ( 4, 4 ),
 ( 0.000000000000000000, 0.005463208521541921409 ),
 .UNSPECIFIED. ) 
 CURVE ( )  GEOMETRIC_REPRESENTATION_ITEM ( )  RATIONAL_B_SPLINE_CURVE ( ( 1.000000000000000000, 0.9999975127809339615, 0.9999975127809339615, 1.000000000000000000 ) ) 
 REPRESENTATION_ITEM ( '' )  );
#6200 =( GEOMETRIC_REPRESENTATION_CONTEXT ( 3 ) GLOBAL_UNCERTAINTY_ASSIGNED_CONTEXT ( ( #6152 ) ) GLOBAL_UNIT_ASSIGNED_CONTEXT ( ( #5759, #3194, #5639 ) ) REPRESENTATION_CONTEXT ( 'NONE', 'WORKASPACE' ) );
#6201 = ORIENTED_EDGE ( 'NONE', *, *, #8758, .T. ) ;
#6202 = CARTESIAN_POINT ( 'NONE',  ( -0.1249999999999998890, 2.474082528530912928, -0.3203740982435569484 ) ) ;
#6203 = DIRECTION ( 'NONE',  ( 0.000000000000000000, 0.000000000000000000, 1.000000000000000000 ) ) ;
#6204 = ORIENTED_EDGE ( 'NONE', *, *, #7260, .F. ) ;
#6205 = FILL_AREA_STYLE ('',( #6963 ) ) ;
#6206 = CARTESIAN_POINT ( 'NONE',  ( 0.7750000000000001332, 2.049999999999999822, -0.1000000000000000056 ) ) ;
#6207 = CARTESIAN_POINT ( 'NONE',  ( 1.824999999999999956, 1.949999999999999512, -0.1000000000000000056 ) ) ;
#6208 = CARTESIAN_POINT ( 'NONE',  ( -0.1249999999999998890, 2.552580984647486062, -0.3682250350372594516 ) ) ;
#6209 = EDGE_LOOP ( 'NONE', ( #996, #2566, #3505, #5246 ) ) ;
#6210 = VECTOR ( 'NONE', #1579, 1000.000000000000000 ) ;
#6211 = CIRCLE ( 'NONE', #2236, 0.07500000000000003886 ) ;
#6212 = VECTOR ( 'NONE', #5122, 1000.000000000000000 ) ;
#6213 = CARTESIAN_POINT ( 'NONE',  ( -0.5249999999999999112, 2.049999999999999822, -0.2000000000000000111 ) ) ;
#6214 = PRESENTATION_LAYER_ASSIGNMENT (  '', '', ( #5885 ) ) ;
#6215 = DIRECTION ( 'NONE',  ( -0.1039620511844979306, 0.1039620511844979445, 0.9891328443778538704 ) ) ;
#6216 = SURFACE_SIDE_STYLE ('',( #8712 ) ) ;
#6217 = EDGE_CURVE ( 'NONE', #5416, #10057, #278, .T. ) ;
#6218 = LINE ( 'NONE', #9634, #5220 ) ;
#6219 = AXIS2_PLACEMENT_3D ( 'NONE', #10491, #3238, #9157 ) ;
#6220 = VECTOR ( 'NONE', #5575, 1000.000000000000114 ) ;
#6221 = UNCERTAINTY_MEASURE_WITH_UNIT (LENGTH_MEASURE( 1.000000000000000082E-05 ), #3654, 'distance_accuracy_value', 'NONE');
#6222 = CIRCLE ( 'NONE', #7644, 0.07499999999999998335 ) ;
#6223 = DIRECTION ( 'NONE',  ( 0.000000000000000000, -2.891205793294679017E-15, 1.000000000000000000 ) ) ;
#6224 = PRESENTATION_STYLE_ASSIGNMENT (( #2816 ) ) ;
#6225 = EDGE_CURVE ( 'NONE', #10057, #875, #5745, .T. ) ;
#6226 = FILL_AREA_STYLE ('',( #10318 ) ) ;
#6227 = CARTESIAN_POINT ( 'NONE',  ( 1.824999999999999956, 2.474082528530912928, -0.3203740982435569484 ) ) ;
#6228 = FILL_AREA_STYLE ('',( #2918 ) ) ;
#6229 = VECTOR ( 'NONE', #7266, 1000.000000000000000 ) ;
#6230 = EDGE_LOOP ( 'NONE', ( #1599, #1604, #6864 ) ) ;
#6231 =( GEOMETRIC_REPRESENTATION_CONTEXT ( 3 ) GLOBAL_UNCERTAINTY_ASSIGNED_CONTEXT ( ( #4299 ) ) GLOBAL_UNIT_ASSIGNED_CONTEXT ( ( #7329, #8979, #7378 ) ) REPRESENTATION_CONTEXT ( 'NONE', 'WORKASPACE' ) );
#6232 = AXIS2_PLACEMENT_3D ( 'NONE', #8455, #8966, #4845 ) ;
#6233 = AXIS2_PLACEMENT_3D ( 'NONE', #10361, #1141, #6974 ) ;
#6234 = PRESENTATION_STYLE_ASSIGNMENT (( #10649 ) ) ;
#6235 = FACE_OUTER_BOUND ( 'NONE', #3160, .T. ) ;
#6236 = CARTESIAN_POINT ( 'NONE',  ( -1.174999999999999822, 2.049999999999999822, -0.1000000000000000056 ) ) ;
#6237 = CARTESIAN_POINT ( 'NONE',  ( 1.824999999999999956, 3.000000000000000000, -0.6000000000000000888 ) ) ;
#6238 = CARTESIAN_POINT ( 'NONE',  ( 0.5250000000000000222, 2.552580984647486062, -0.3682250350372594516 ) ) ;
#6239 = SURFACE_STYLE_USAGE ( .BOTH. , #9545 ) ;
#6240 =( GEOMETRIC_REPRESENTATION_CONTEXT ( 3 ) GLOBAL_UNCERTAINTY_ASSIGNED_CONTEXT ( ( #1123 ) ) GLOBAL_UNIT_ASSIGNED_CONTEXT ( ( #1755, #4934, #9125 ) ) REPRESENTATION_CONTEXT ( 'NONE', 'WORKASPACE' ) );
#6241 = VERTEX_POINT ( 'NONE', #9808 ) ;
#6242 = AXIS2_PLACEMENT_3D ( 'NONE', #5404, #2911, #7891 ) ;
#6243 = DIRECTION ( 'NONE',  ( 0.000000000000000000, 1.000000000000000000, -8.672620682681688006E-17 ) ) ;
#6244 = CARTESIAN_POINT ( 'NONE',  ( -1.424999999999999822, 2.277216163946027105, 0.003810936464559766534 ) ) ;
#6245 =( NAMED_UNIT ( * ) PLANE_ANGLE_UNIT ( ) SI_UNIT ( $, .RADIAN. ) );
#6246 = VERTEX_POINT ( 'NONE', #1600 ) ;
#6247 = CARTESIAN_POINT ( 'NONE',  ( 0.1250000000000001110, 2.049999999999999822, -0.1000000000000000056 ) ) ;
#6248 = VERTEX_POINT ( 'NONE', #2323 ) ;
#6249 = EDGE_CURVE ( 'NONE', #1724, #10643, #5622, .T. ) ;
#6250 = FILL_AREA_STYLE ('',( #10390 ) ) ;
#6251 = ORIENTED_EDGE ( 'NONE', *, *, #1674, .F. ) ;
#6252 = DIRECTION ( 'NONE',  ( -1.000000000000000000, 0.000000000000000000, 0.000000000000000000 ) ) ;
#6253 = SURFACE_STYLE_USAGE ( .BOTH. , #4398 ) ;
#6254 = EDGE_CURVE ( 'NONE', #1004, #2701, #4844, .T. ) ;
#6255 = DIRECTION ( 'NONE',  ( 0.000000000000000000, -0.5190546823227987216, -0.8547410349098599758 ) ) ;
#6256 = MECHANICAL_DESIGN_GEOMETRIC_PRESENTATION_REPRESENTATION (  '', ( #9967 ), #6507 ) ;
#6257 = UNCERTAINTY_MEASURE_WITH_UNIT (LENGTH_MEASURE( 1.000000000000000082E-05 ), #8279, 'distance_accuracy_value', 'NONE');
#6258 = FILL_AREA_STYLE ('',( #6427 ) ) ;
#6259 = ORIENTED_EDGE ( 'NONE', *, *, #3468, .F. ) ;
#6260 = UNCERTAINTY_MEASURE_WITH_UNIT (LENGTH_MEASURE( 1.000000000000000082E-05 ), #1521, 'distance_accuracy_value', 'NONE');
#6261 =( NAMED_UNIT ( * ) PLANE_ANGLE_UNIT ( ) SI_UNIT ( $, .RADIAN. ) );
#6262 = SURFACE_STYLE_FILL_AREA ( #3167 ) ;
#6263 = FILL_AREA_STYLE ('',( #2031 ) ) ;
#6264 = ORIENTED_EDGE ( 'NONE', *, *, #8373, .T. ) ;
#6265 = DIRECTION ( 'NONE',  ( 0.000000000000000000, 1.000000000000000000, 0.000000000000000000 ) ) ;
#6266 = COLOUR_RGB ( '',0.8039215686274510109, 0.8039215686274510109, 0.8039215686274510109 ) ;
#6267 = EDGE_LOOP ( 'NONE', ( #4896, #10072, #9915, #1048 ) ) ;
#6268 = DIRECTION ( 'NONE',  ( -1.000000000000000000, -0.000000000000000000, -0.000000000000000000 ) ) ;
#6269 = LINE ( 'NONE', #1257, #7513 ) ;
#6270 = SURFACE_STYLE_USAGE ( .BOTH. , #7029 ) ;
#6271 = DIRECTION ( 'NONE',  ( 1.000000000000000000, -0.000000000000000000, 0.000000000000000000 ) ) ;
#6272 = SURFACE_SIDE_STYLE ('',( #2972 ) ) ;
#6273 = FACE_OUTER_BOUND ( 'NONE', #6847, .T. ) ;
#6274 = ORIENTED_EDGE ( 'NONE', *, *, #5996, .T. ) ;
#6275 = SURFACE_STYLE_USAGE ( .BOTH. , #6171 ) ;
#6276 = CLOSED_SHELL ( 'NONE', ( #8291, #1029, #8022, #8910, #9721, #2825, #10803, #8201, #5530, #8051, #1671, #1150, #4222, #9947 ) ) ;
#6277 = FACE_OUTER_BOUND ( 'NONE', #4780, .T. ) ;
#6278 = LINE ( 'NONE', #6175, #3597 ) ;
#6279 = ORIENTED_EDGE ( 'NONE', *, *, #294, .F. ) ;
#6280 = EDGE_CURVE ( 'NONE', #2256, #10679, #3631, .T. ) ;
#6281 = SURFACE_STYLE_USAGE ( .BOTH. , #10587 ) ;
#6282 = ADVANCED_FACE ( 'NONE', ( #5842 ), #330, .F. ) ;
#6283 = CARTESIAN_POINT ( 'NONE',  ( 1.425000000000000044, 1.949999999999999512, 0.1000000000000000056 ) ) ;
#6284 =( NAMED_UNIT ( * ) PLANE_ANGLE_UNIT ( ) SI_UNIT ( $, .RADIAN. ) );
#6285 =( LENGTH_UNIT ( ) NAMED_UNIT ( * ) SI_UNIT ( .MILLI., .METRE. ) );
#6286 = CARTESIAN_POINT ( 'NONE',  ( 1.175000000000000044, 1.949999999999999512, -0.1000000000000000056 ) ) ;
#6287 = EDGE_CURVE ( 'NONE', #4330, #8565, #8374, .T. ) ;
#6288 = ORIENTED_EDGE ( 'NONE', *, *, #1682, .F. ) ;
#6289 = CARTESIAN_POINT ( 'NONE',  ( 1.824999999999999956, 2.106267956964054999, 0.09999999999999999167 ) ) ;
#6290 = LINE ( 'NONE', #3835, #7193 ) ;
#6291 = ORIENTED_EDGE ( 'NONE', *, *, #605, .F. ) ;
#6292 = STYLED_ITEM ( 'NONE', ( #10724 ), #180 ) ;
#6293 = DIRECTION ( 'NONE',  ( -1.000000000000000000, -0.000000000000000000, -0.000000000000000000 ) ) ;
#6294 = CARTESIAN_POINT ( 'NONE',  ( 0.7750000000000001332, -2.486996912233147228, -0.5641273295552871048 ) ) ;
#6295 = AXIS2_PLACEMENT_3D ( 'NONE', #3006, #6301, #687 ) ;
#6296 =( LENGTH_UNIT ( ) NAMED_UNIT ( * ) SI_UNIT ( .MILLI., .METRE. ) );
#6297 = ORIENTED_EDGE ( 'NONE', *, *, #3117, .T. ) ;
#6298 = DIRECTION ( 'NONE',  ( 0.000000000000000000, 0.5190546823227987216, -0.8547410349098599758 ) ) ;
#6299 = VERTEX_POINT ( 'NONE', #10287 ) ;
#6300 = DIRECTION ( 'NONE',  ( 0.000000000000000000, 0.000000000000000000, -1.000000000000000000 ) ) ;
#6301 = DIRECTION ( 'NONE',  ( -1.000000000000000000, -0.000000000000000000, -0.000000000000000000 ) ) ;
#6302 = FACE_OUTER_BOUND ( 'NONE', #7245, .T. ) ;
#6303 = PRESENTATION_LAYER_ASSIGNMENT (  '', '', ( #3866 ) ) ;
#6304 = CARTESIAN_POINT ( 'NONE',  ( -1.424999999999999822, -3.000000000000000000, -0.3995116203837655866 ) ) ;
#6305 = ADVANCED_FACE ( 'NONE', ( #6141 ), #10848, .T. ) ;
#6306 = ORIENTED_EDGE ( 'NONE', *, *, #6163, .F. ) ;
#6307 = LINE ( 'NONE', #1297, #2259 ) ;
#6308 = PRESENTATION_STYLE_ASSIGNMENT (( #9793 ) ) ;
#6309 =( LENGTH_UNIT ( ) NAMED_UNIT ( * ) SI_UNIT ( .MILLI., .METRE. ) );
#6310 = EDGE_CURVE ( 'NONE', #5655, #3803, #3377, .T. ) ;
#6311 = SURFACE_STYLE_FILL_AREA ( #6263 ) ;
#6312 = ORIENTED_EDGE ( 'NONE', *, *, #4721, .T. ) ;
#6313 = CYLINDRICAL_SURFACE ( 'NONE', #4751, 0.1000000000000000194 ) ;
#6314 = VECTOR ( 'NONE', #715, 1000.000000000000000 ) ;
#6315 = FILL_AREA_STYLE ('',( #4905 ) ) ;
#6316 =( LENGTH_UNIT ( ) NAMED_UNIT ( * ) SI_UNIT ( .MILLI., .METRE. ) );
#6317 = DIRECTION ( 'NONE',  ( -0.000000000000000000, -0.000000000000000000, 1.000000000000000000 ) ) ;
#6318 = ADVANCED_FACE ( 'NONE', ( #4390 ), #7748, .T. ) ;
#6319 = UNCERTAINTY_MEASURE_WITH_UNIT (LENGTH_MEASURE( 1.000000000000000082E-05 ), #10832, 'distance_accuracy_value', 'NONE');
#6320 = FILL_AREA_STYLE_COLOUR ( '', #9774 ) ;
#6321 = SURFACE_STYLE_USAGE ( .BOTH. , #8763 ) ;
#6322 = CARTESIAN_POINT ( 'NONE',  ( 1.175000000000000044, 2.330000000000000071, -0.4684254559678819319 ) ) ;
#6323 = CARTESIAN_POINT ( 'NONE',  ( -2.000000000000000000, -1.324999999999999512, -0.4499999999999999556 ) ) ;
#6324 = EDGE_CURVE ( 'NONE', #5704, #7769, #3616, .T. ) ;
#6325 = MECHANICAL_DESIGN_GEOMETRIC_PRESENTATION_REPRESENTATION (  '', ( #6511 ), #8989 ) ;
#6326 = ORIENTED_EDGE ( 'NONE', *, *, #9829, .F. ) ;
#6327 = PLANE ( 'NONE',  #5632 ) ;
#6328 = FILL_AREA_STYLE ('',( #3934 ) ) ;
#6329 = CARTESIAN_POINT ( 'NONE',  ( 2.335172790808107024, 1.835172790808107690, -0.4749999999999999223 ) ) ;
#6330 = UNCERTAINTY_MEASURE_WITH_UNIT (LENGTH_MEASURE( 1.000000000000000082E-05 ), #4682, 'distance_accuracy_value', 'NONE');
#6331 = CARTESIAN_POINT ( 'NONE',  ( -0.1249999999999998890, -2.106267956964054999, 0.09999999999999999167 ) ) ;
#6332 = FACE_OUTER_BOUND ( 'NONE', #5841, .T. ) ;
#6333 = VECTOR ( 'NONE', #3353, 1000.000000000000000 ) ;
#6334 = FACE_OUTER_BOUND ( 'NONE', #6858, .T. ) ;
#6335 =( GEOMETRIC_REPRESENTATION_CONTEXT ( 3 ) GLOBAL_UNCERTAINTY_ASSIGNED_CONTEXT ( ( #5605 ) ) GLOBAL_UNIT_ASSIGNED_CONTEXT ( ( #9342, #5101, #850 ) ) REPRESENTATION_CONTEXT ( 'NONE', 'WORKASPACE' ) );
#6336 = CYLINDRICAL_SURFACE ( 'NONE', #1134, 0.07500000000000002498 ) ;
#6337 = EDGE_LOOP ( 'NONE', ( #5926, #10190, #2931, #5733 ) ) ;
#6338 = COLOUR_RGB ( '',0.8039215686274510109, 0.8039215686274510109, 0.8039215686274510109 ) ;
#6339 = EDGE_LOOP ( 'NONE', ( #2061, #9003, #4287, #402 ) ) ;
#6340 = FACE_OUTER_BOUND ( 'NONE', #8949, .T. ) ;
#6341 = VERTEX_POINT ( 'NONE', #8911 ) ;
#6342 = EDGE_LOOP ( 'NONE', ( #4301, #7447, #1995, #6117 ) ) ;
#6343 = AXIS2_PLACEMENT_3D ( 'NONE', #8609, #10486, #365 ) ;
#6344 = ORIENTED_EDGE ( 'NONE', *, *, #8831, .F. ) ;
#6345 = DIRECTION ( 'NONE',  ( 1.000000000000000000, 0.000000000000000000, -0.000000000000000000 ) ) ;
#6346 = EDGE_CURVE ( 'NONE', #8245, #8849, #9245, .T. ) ;
#6347 = ORIENTED_EDGE ( 'NONE', *, *, #307, .F. ) ;
#6348 = PRESENTATION_LAYER_ASSIGNMENT (  '', '', ( #7430 ) ) ;
#6349 = CIRCLE ( 'NONE', #6232, 0.2000000000000000389 ) ;
#6350 = DIRECTION ( 'NONE',  ( 0.000000000000000000, 0.000000000000000000, -1.000000000000000000 ) ) ;
#6351 = DIRECTION ( 'NONE',  ( 0.000000000000000000, 0.000000000000000000, -1.000000000000000000 ) ) ;
#6352 = COLOUR_RGB ( '',0.8039215686274510109, 0.8039215686274510109, 0.8039215686274510109 ) ;
#6353 = FACE_OUTER_BOUND ( 'NONE', #3490, .T. ) ;
#6354 = EDGE_CURVE ( 'NONE', #669, #5848, #5021, .T. ) ;
#6355 = VERTEX_POINT ( 'NONE', #3891 ) ;
#6356 = CARTESIAN_POINT ( 'NONE',  ( 2.075000000000000178, 3.000000000000000000, -0.3995116203837655866 ) ) ;
#6357 = ORIENTED_EDGE ( 'NONE', *, *, #9195, .T. ) ;
#6358 = CARTESIAN_POINT ( 'NONE',  ( -0.7749999999999999112, -2.277216163946027105, 0.003810936464559820311 ) ) ;
#6359 = MECHANICAL_DESIGN_GEOMETRIC_PRESENTATION_REPRESENTATION (  '', ( #3403 ), #4440 ) ;
#6360 = LINE ( 'NONE', #390, #3913 ) ;
#6361 = COLOUR_RGB ( '',0.8039215686274510109, 0.8039215686274510109, 0.8039215686274510109 ) ;
#6362 = EDGE_CURVE ( 'NONE', #6433, #4348, #2952, .T. ) ;
#6363 = UNCERTAINTY_MEASURE_WITH_UNIT (LENGTH_MEASURE( 1.000000000000000082E-05 ), #5242, 'distance_accuracy_value', 'NONE');
#6364 = PRESENTATION_STYLE_ASSIGNMENT (( #1415 ) ) ;
#6365 = ORIENTED_EDGE ( 'NONE', *, *, #6911, .F. ) ;
#6366 = UNCERTAINTY_MEASURE_WITH_UNIT (LENGTH_MEASURE( 1.000000000000000082E-05 ), #7872, 'distance_accuracy_value', 'NONE');
#6367 = FACE_OUTER_BOUND ( 'NONE', #3272, .T. ) ;
#6368 = COLOUR_RGB ( '',0.8039215686274510109, 0.8039215686274510109, 0.8039215686274510109 ) ;
#6369 = DIRECTION ( 'NONE',  ( 0.000000000000000000, -1.000000000000000000, 0.000000000000000000 ) ) ;
#6370 = ORIENTED_EDGE ( 'NONE', *, *, #8748, .T. ) ;
#6371 = EDGE_LOOP ( 'NONE', ( #7914, #8689, #4582, #2311, #2664, #1571, #2415, #7301, #6259, #4027, #5554, #10498 ) ) ;
#6372 = FILL_AREA_STYLE ('',( #9680 ) ) ;
#6373 = CARTESIAN_POINT ( 'NONE',  ( 2.000000000000000000, 1.325000000000000400, -0.5499999999999999334 ) ) ;
#6374 = ORIENTED_EDGE ( 'NONE', *, *, #2267, .F. ) ;
#6375 = CARTESIAN_POINT ( 'NONE',  ( 0.7750000000000001332, 1.949999999999999512, -0.1000000000000000056 ) ) ;
#6376 = MECHANICAL_DESIGN_GEOMETRIC_PRESENTATION_REPRESENTATION (  '', ( #2038 ), #83 ) ;
#6377 = ADVANCED_FACE ( 'NONE', ( #5476 ), #1458, .F. ) ;
#6378 = SURFACE_STYLE_FILL_AREA ( #3070 ) ;
#6379 = SURFACE_SIDE_STYLE ('',( #7205 ) ) ;
#6380 =( GEOMETRIC_REPRESENTATION_CONTEXT ( 3 ) GLOBAL_UNCERTAINTY_ASSIGNED_CONTEXT ( ( #10457 ) ) GLOBAL_UNIT_ASSIGNED_CONTEXT ( ( #9597, #3757, #5452 ) ) REPRESENTATION_CONTEXT ( 'NONE', 'WORKASPACE' ) );
#6381 = PRESENTATION_LAYER_ASSIGNMENT (  '', '', ( #1135 ) ) ;
#6382 = SURFACE_SIDE_STYLE ('',( #10692 ) ) ;
#6383 = PRESENTATION_LAYER_ASSIGNMENT (  '', '', ( #3973 ) ) ;
#6384 = CARTESIAN_POINT ( 'NONE',  ( -0.7749999999999999112, -2.552580984647486062, -0.3682250350372596737 ) ) ;
#6385 = CARTESIAN_POINT ( 'NONE',  ( 1.425000000000000044, -3.000000000000000000, -0.3995116203837655866 ) ) ;
#6386 = SURFACE_STYLE_FILL_AREA ( #8052 ) ;
#6387 = PRESENTATION_LAYER_ASSIGNMENT (  '', '', ( #2408 ) ) ;
#6388 = CYLINDRICAL_SURFACE ( 'NONE', #6036, 0.09999999999999982514 ) ;
#6389 = DIRECTION ( 'NONE',  ( 0.000000000000000000, 0.000000000000000000, -1.000000000000000000 ) ) ;
#6390 = ORIENTED_EDGE ( 'NONE', *, *, #10333, .F. ) ;
#6391 =( GEOMETRIC_REPRESENTATION_CONTEXT ( 3 ) GLOBAL_UNCERTAINTY_ASSIGNED_CONTEXT ( ( #5491 ) ) GLOBAL_UNIT_ASSIGNED_CONTEXT ( ( #7258, #9138, #2358 ) ) REPRESENTATION_CONTEXT ( 'NONE', 'WORKASPACE' ) );
#6392 = CARTESIAN_POINT ( 'NONE',  ( -1.424999999999999822, -1.949999999999999512, -0.1000000000000000056 ) ) ;
#6393 = ORIENTED_EDGE ( 'NONE', *, *, #6134, .F. ) ;
#6394 = COLOUR_RGB ( '',0.8039215686274510109, 0.8039215686274510109, 0.8039215686274510109 ) ;
#6395 = SURFACE_SIDE_STYLE ('',( #2282 ) ) ;
#6396 = CARTESIAN_POINT ( 'NONE',  ( 2.374999999999997335, -1.949999999999999512, 0.1000000000000000056 ) ) ;
#6397 = ADVANCED_FACE ( 'NONE', ( #10664, #5545 ), #3107, .T. ) ;
#6398 = AXIS2_PLACEMENT_3D ( 'NONE', #10428, #488, #10534 ) ;
#6399 = AXIS2_PLACEMENT_3D ( 'NONE', #9188, #6803, #8382 ) ;
#6400 = VECTOR ( 'NONE', #8570, 1000.000000000000227 ) ;
#6401 = DIRECTION ( 'NONE',  ( 0.000000000000000000, 0.000000000000000000, -1.000000000000000000 ) ) ;
#6402 =( LENGTH_UNIT ( ) NAMED_UNIT ( * ) SI_UNIT ( .MILLI., .METRE. ) );
#6403 = EDGE_LOOP ( 'NONE', ( #2980, #5604, #1449, #10137 ) ) ;
#6404 = CARTESIAN_POINT ( 'NONE',  ( 0.5250000000000000222, -2.049999999999999822, -0.1000000000000000056 ) ) ;
#6405 = ORIENTED_EDGE ( 'NONE', *, *, #1507, .F. ) ;
#6406 =( GEOMETRIC_REPRESENTATION_CONTEXT ( 3 ) GLOBAL_UNCERTAINTY_ASSIGNED_CONTEXT ( ( #2135 ) ) GLOBAL_UNIT_ASSIGNED_CONTEXT ( ( #528, #9973, #7210 ) ) REPRESENTATION_CONTEXT ( 'NONE', 'WORKASPACE' ) );
#6407 = AXIS2_PLACEMENT_3D ( 'NONE', #199, #6128, #4482 ) ;
#6408 = SURFACE_STYLE_USAGE ( .BOTH. , #6505 ) ;
#6409 = EDGE_LOOP ( 'NONE', ( #9306, #5831, #1178, #963 ) ) ;
#6410 = ORIENTED_EDGE ( 'NONE', *, *, #1077, .F. ) ;
#6411 = AXIS2_PLACEMENT_3D ( 'NONE', #9185, #5004, #2411 ) ;
#6412 = CIRCLE ( 'NONE', #286, 0.2000000000000000389 ) ;
#6413 = MECHANICAL_DESIGN_GEOMETRIC_PRESENTATION_REPRESENTATION (  '', ( #8890 ), #6240 ) ;
#6414 = AXIS2_PLACEMENT_3D ( 'NONE', #7711, #3529, #6857 ) ;
#6415 = CARTESIAN_POINT ( 'NONE',  ( -1.424999999999999822, 2.135474103490985875, -0.1480945317677201667 ) ) ;
#6416 = DIRECTION ( 'NONE',  ( 0.000000000000000000, 1.000000000000000000, 0.000000000000000000 ) ) ;
#6417 = LINE ( 'NONE', #6197, #725 ) ;
#6418 = ORIENTED_EDGE ( 'NONE', *, *, #5908, .T. ) ;
#6419 = SURFACE_STYLE_USAGE ( .BOTH. , #8030 ) ;
#6420 = ORIENTED_EDGE ( 'NONE', *, *, #10314, .F. ) ;
#6421 = EDGE_CURVE ( 'NONE', #6753, #6807, #2943, .T. ) ;
#6422 =( GEOMETRIC_REPRESENTATION_CONTEXT ( 3 ) GLOBAL_UNCERTAINTY_ASSIGNED_CONTEXT ( ( #10348 ) ) GLOBAL_UNIT_ASSIGNED_CONTEXT ( ( #6731, #2777, #6091 ) ) REPRESENTATION_CONTEXT ( 'NONE', 'WORKASPACE' ) );
#6423 = DIRECTION ( 'NONE',  ( 0.000000000000000000, -0.5190546823227978335, 0.8547410349098604199 ) ) ;
#6424 = LINE ( 'NONE', #4776, #3348 ) ;
#6425 = EDGE_CURVE ( 'NONE', #8767, #9708, #289, .T. ) ;
#6426 = EDGE_CURVE ( 'NONE', #848, #5992, #7307, .T. ) ;
#6427 = FILL_AREA_STYLE_COLOUR ( '', #7448 ) ;
#6428 = ORIENTED_EDGE ( 'NONE', *, *, #10442, .F. ) ;
#6429 = DIRECTION ( 'NONE',  ( 0.000000000000000000, -0.9945218953682731788, -0.1045284632676552333 ) ) ;
#6430 = SURFACE_STYLE_FILL_AREA ( #3125 ) ;
#6431 = LINE ( 'NONE', #3802, #8255 ) ;
#6432 = DIRECTION ( 'NONE',  ( 1.000000000000000000, 0.000000000000000000, 0.000000000000000000 ) ) ;
#6433 = VERTEX_POINT ( 'NONE', #6415 ) ;
#6435 = CARTESIAN_POINT ( 'NONE',  ( 2.075000000000000178, 1.949999999999999512, -0.1000000000000000056 ) ) ;
#6434 = CARTESIAN_POINT ( 'NONE',  ( 0.5250000000000000222, 1.949999999999999512, 0.1000000000000000056 ) ) ;
#6436 = VERTEX_POINT ( 'NONE', #6247 ) ;
#6437 = EDGE_CURVE ( 'NONE', #1149, #7712, #7126, .T. ) ;
#6438 = DIRECTION ( 'NONE',  ( -0.000000000000000000, -0.000000000000000000, -1.000000000000000000 ) ) ;
#6439 = VERTEX_POINT ( 'NONE', #9780 ) ;
#6440 = LINE ( 'NONE', #4080, #4146 ) ;
#6441 = CARTESIAN_POINT ( 'NONE',  ( -0.5249999999999999112, 2.486996912233147228, -0.5641273295552871048 ) ) ;
#6442 = CARTESIAN_POINT ( 'NONE',  ( -0.1249999999999998890, -2.330000000000000071, -0.4684254559678819319 ) ) ;
#6443 = DIRECTION ( 'NONE',  ( 0.000000000000000000, -0.5190546823227987216, -0.8547410349098599758 ) ) ;
#6444 = CARTESIAN_POINT ( 'NONE',  ( 2.375273160256224259, 1.949999626916908868, 0.1000035496485076753 ) ) ;
#6445 = LINE ( 'NONE', #1603, #9687 ) ;
#6446 = ORIENTED_EDGE ( 'NONE', *, *, #9830, .F. ) ;
#6447 = DIRECTION ( 'NONE',  ( 0.000000000000000000, 0.000000000000000000, -1.000000000000000000 ) ) ;
#6448 = VERTEX_POINT ( 'NONE', #8740 ) ;
#6449 = CARTESIAN_POINT ( 'NONE',  ( 1.175000000000000044, 2.049999999999999822, -0.2000000000000000111 ) ) ;
#6450 = DIRECTION ( 'NONE',  ( 0.000000000000000000, 1.000000000000000000, -8.672620682681688006E-17 ) ) ;
#6451 = CARTESIAN_POINT ( 'NONE',  ( -2.074999999999999734, -2.106267956964054999, -0.09999999999999999167 ) ) ;
#6452 = DIRECTION ( 'NONE',  ( 0.000000000000000000, -0.9975640502598241977, -0.06975647374412544122 ) ) ;
#6453 = EDGE_CURVE ( 'NONE', #10045, #1426, #9615, .T. ) ;
#6454 = CARTESIAN_POINT ( 'NONE',  ( -1.424999999999999822, -1.949999999999999512, -0.1000000000000000056 ) ) ;
#6455 = ORIENTED_EDGE ( 'NONE', *, *, #2109, .F. ) ;
#6456 = ORIENTED_EDGE ( 'NONE', *, *, #8841, .T. ) ;
#6457 =( NAMED_UNIT ( * ) PLANE_ANGLE_UNIT ( ) SI_UNIT ( $, .RADIAN. ) );
#6458 = EDGE_LOOP ( 'NONE', ( #299, #3324, #6065, #1993, #8345, #10370, #10676, #3196, #2340, #5824, #2864, #781 ) ) ;
#6459 = VERTEX_POINT ( 'NONE', #5652 ) ;
#6460 = CARTESIAN_POINT ( 'NONE',  ( 0.7750000000000001332, 2.049999999999999822, -0.2000000000000000111 ) ) ;
#6461 =( LENGTH_UNIT ( ) NAMED_UNIT ( * ) SI_UNIT ( .MILLI., .METRE. ) );
#6462 = ADVANCED_FACE ( 'NONE', ( #10759 ), #3405, .T. ) ;
#6463 = DIRECTION ( 'NONE',  ( 0.000000000000000000, 0.000000000000000000, 1.000000000000000000 ) ) ;
#6464 = DIRECTION ( 'NONE',  ( 0.000000000000000000, 0.000000000000000000, -1.000000000000000000 ) ) ;
#6465 = VERTEX_POINT ( 'NONE', #1516 ) ;
#6466 = CARTESIAN_POINT ( 'NONE',  ( -0.1249999999999998890, 2.277216163946027105, 0.003810936464559766534 ) ) ;
#6467 = ORIENTED_EDGE ( 'NONE', *, *, #3357, .T. ) ;
#6468 = LINE ( 'NONE', #6358, #1883 ) ;
#6469 = SURFACE_STYLE_FILL_AREA ( #1525 ) ;
#6470 = PRESENTATION_LAYER_ASSIGNMENT (  '', '', ( #6292 ) ) ;
#6471 = UNCERTAINTY_MEASURE_WITH_UNIT (LENGTH_MEASURE( 1.000000000000000082E-05 ), #2306, 'distance_accuracy_value', 'NONE');
#6472 =( NAMED_UNIT ( * ) PLANE_ANGLE_UNIT ( ) SI_UNIT ( $, .RADIAN. ) );
#6473 = ORIENTED_EDGE ( 'NONE', *, *, #8721, .F. ) ;
#6474 = CARTESIAN_POINT ( 'NONE',  ( -2.449998880753507358, -1.875409738600887444, 0.1000106489190370346 ) ) ;
#6475 = DIRECTION ( 'NONE',  ( 0.000000000000000000, 0.000000000000000000, -1.000000000000000000 ) ) ;
#6476 = EDGE_LOOP ( 'NONE', ( #5761, #7328, #9619, #4615 ) ) ;
#6478 = FACE_OUTER_BOUND ( 'NONE', #8749, .T. ) ;
#6477 = PRESENTATION_STYLE_ASSIGNMENT (( #10567 ) ) ;
#6479 = ORIENTED_EDGE ( 'NONE', *, *, #3168, .T. ) ;
#6480 = PRODUCT_RELATED_PRODUCT_CATEGORY ( 'part', '', ( #9300 ) ) ;
#6481 = EDGE_CURVE ( 'NONE', #4772, #1511, #5050, .T. ) ;
#6482 = LINE ( 'NONE', #6537, #10780 ) ;
#6483 = AXIS2_PLACEMENT_3D ( 'NONE', #5723, #7364, #1465 ) ;
#6484 = ORIENTED_EDGE ( 'NONE', *, *, #680, .F. ) ;
#6485 = FILL_AREA_STYLE_COLOUR ( '', #6751 ) ;
#6486 = UNCERTAINTY_MEASURE_WITH_UNIT (LENGTH_MEASURE( 1.000000000000000082E-05 ), #1960, 'distance_accuracy_value', 'NONE');
#6487 = ORIENTED_EDGE ( 'NONE', *, *, #3767, .T. ) ;
#6488 = EDGE_CURVE ( 'NONE', #2242, #3255, #7527, .T. ) ;
#6489 =( NAMED_UNIT ( * ) SI_UNIT ( $, .STERADIAN. ) SOLID_ANGLE_UNIT ( ) );
#6490 = VECTOR ( 'NONE', #9778, 1000.000000000000227 ) ;
#6491 = CARTESIAN_POINT ( 'NONE',  ( 2.075000000000000178, 3.000000000000000000, -0.6000000000000000888 ) ) ;
#6492 = CARTESIAN_POINT ( 'NONE',  ( -1.824999999999999734, 2.330000000000000071, -0.4684254559678819319 ) ) ;
#6493 = ORIENTED_EDGE ( 'NONE', *, *, #8334, .T. ) ;
#6494 = EDGE_CURVE ( 'NONE', #10007, #8573, #5085, .T. ) ;
#6495 = ORIENTED_EDGE ( 'NONE', *, *, #3362, .T. ) ;
#6496 = CARTESIAN_POINT ( 'NONE',  ( 1.425000000000000044, -1.949999999999999512, 0.1000000000000000056 ) ) ;
#6497 = SURFACE_STYLE_USAGE ( .BOTH. , #3388 ) ;
#6498 =( NAMED_UNIT ( * ) PLANE_ANGLE_UNIT ( ) SI_UNIT ( $, .RADIAN. ) );
#6499 = SURFACE_STYLE_FILL_AREA ( #7514 ) ;
#6500 =( NAMED_UNIT ( * ) SI_UNIT ( $, .STERADIAN. ) SOLID_ANGLE_UNIT ( ) );
#6501 = CARTESIAN_POINT ( 'NONE',  ( -2.000000000000000000, -1.324999999999999512, -0.4499999999999999556 ) ) ;
#6502 = DIRECTION ( 'NONE',  ( 0.000000000000000000, -0.9945218953682732899, -0.1045284632676538178 ) ) ;
#6503 = ORIENTED_EDGE ( 'NONE', *, *, #6725, .T. ) ;
#6504 = ORIENTED_EDGE ( 'NONE', *, *, #9262, .F. ) ;
#6505 = SURFACE_SIDE_STYLE ('',( #4054 ) ) ;
#6506 = ORIENTED_EDGE ( 'NONE', *, *, #10376, .T. ) ;
#6507 =( GEOMETRIC_REPRESENTATION_CONTEXT ( 3 ) GLOBAL_UNCERTAINTY_ASSIGNED_CONTEXT ( ( #8997 ) ) GLOBAL_UNIT_ASSIGNED_CONTEXT ( ( #2989, #2874, #2060 ) ) REPRESENTATION_CONTEXT ( 'NONE', 'WORKASPACE' ) );
#6508 = ORIENTED_EDGE ( 'NONE', *, *, #5633, .T. ) ;
#6509 = ADVANCED_FACE ( 'NONE', ( #5713 ), #5868, .F. ) ;
#6510 = LINE ( 'NONE', #5648, #6663 ) ;
#6511 = STYLED_ITEM ( 'NONE', ( #8204 ), #10796 ) ;
#6512 = LINE ( 'NONE', #2398, #4130 ) ;
#6513 = AXIS2_PLACEMENT_3D ( 'NONE', #7255, #2355, #6475 ) ;
#6514 = FILL_AREA_STYLE ('',( #10713 ) ) ;
#6515 = CARTESIAN_POINT ( 'NONE',  ( -0.7749999999999999112, -3.000000000000000000, -0.3995116203837655866 ) ) ;
#6516 = VERTEX_POINT ( 'NONE', #6630 ) ;
#6517 = VECTOR ( 'NONE', #1757, 1000.000000000000114 ) ;
#6518 =( LENGTH_UNIT ( ) NAMED_UNIT ( * ) SI_UNIT ( .MILLI., .METRE. ) );
#6519 = MECHANICAL_DESIGN_GEOMETRIC_PRESENTATION_REPRESENTATION (  '', ( #214 ), #6335 ) ;
#6520 = ORIENTED_EDGE ( 'NONE', *, *, #3298, .T. ) ;
#6521 =( NAMED_UNIT ( * ) SI_UNIT ( $, .STERADIAN. ) SOLID_ANGLE_UNIT ( ) );
#6522 = MECHANICAL_DESIGN_GEOMETRIC_PRESENTATION_REPRESENTATION (  '', ( #3385 ), #2720 ) ;
#6523 = CARTESIAN_POINT ( 'NONE',  ( 2.375409738600888332, -1.949998880753507802, 0.1000106489190370901 ) ) ;
#6524 =( NAMED_UNIT ( * ) SI_UNIT ( $, .STERADIAN. ) SOLID_ANGLE_UNIT ( ) );
#6525 = ADVANCED_FACE ( 'NONE', ( #2345 ), #7358, .T. ) ;
#6526 = CARTESIAN_POINT ( 'NONE',  ( 2.075000000000000178, -3.000000000000000000, -0.3995116203837655866 ) ) ;
#6527 = VECTOR ( 'NONE', #2700, 1000.000000000000000 ) ;
#6528 = ORIENTED_EDGE ( 'NONE', *, *, #5707, .T. ) ;
#6529 =( NAMED_UNIT ( * ) PLANE_ANGLE_UNIT ( ) SI_UNIT ( $, .RADIAN. ) );
#6530 = LINE ( 'NONE', #5107, #5467 ) ;
#6531 = ORIENTED_EDGE ( 'NONE', *, *, #8831, .T. ) ;
#6532 = CARTESIAN_POINT ( 'NONE',  ( -0.5249999999999999112, -3.000000000000000000, -0.3995116203837655866 ) ) ;
#6534 =( NAMED_UNIT ( * ) PLANE_ANGLE_UNIT ( ) SI_UNIT ( $, .RADIAN. ) );
#6533 = CARTESIAN_POINT ( 'NONE',  ( -2.000000000000000000, 1.325000000000000400, -0.4499999999999999556 ) ) ;
#6535 = ORIENTED_EDGE ( 'NONE', *, *, #4721, .F. ) ;
#6536 = MECHANICAL_DESIGN_GEOMETRIC_PRESENTATION_REPRESENTATION (  '', ( #4433 ), #9011 ) ;
#6537 = CARTESIAN_POINT ( 'NONE',  ( -2.074999999999999734, 2.486996912233147228, -0.5641273295552871048 ) ) ;
#6538 = STYLED_ITEM ( 'NONE', ( #5236 ), #884 ) ;
#6539 = VECTOR ( 'NONE', #8558, 1000.000000000000000 ) ;
#6540 = LINE ( 'NONE', #5786, #8703 ) ;
#6541 =( NAMED_UNIT ( * ) PLANE_ANGLE_UNIT ( ) SI_UNIT ( $, .RADIAN. ) );
#6542 = VERTEX_POINT ( 'NONE', #4381 ) ;
#6543 = FACE_OUTER_BOUND ( 'NONE', #9462, .T. ) ;
#6544 = DIRECTION ( 'NONE',  ( 1.000000000000000000, 0.000000000000000000, 0.000000000000000000 ) ) ;
#6545 = CARTESIAN_POINT ( 'NONE',  ( -2.335172790808107468, 1.835172790808107690, -0.5499999999999999334 ) ) ;
#6546 = DIRECTION ( 'NONE',  ( 0.000000000000000000, -1.000000000000000000, 0.000000000000000000 ) ) ;
#6547 = LINE ( 'NONE', #9919, #8999 ) ;
#6548 = VERTEX_POINT ( 'NONE', #2672 ) ;
#6549 = DIRECTION ( 'NONE',  ( 1.000000000000000000, 0.000000000000000000, 0.000000000000000000 ) ) ;
#6550 = ORIENTED_EDGE ( 'NONE', *, *, #4015, .T. ) ;
#6551 = EDGE_CURVE ( 'NONE', #1804, #382, #5976, .T. ) ;
#6552 = AXIS2_PLACEMENT_3D ( 'NONE', #4628, #479, #3815 ) ;
#6553 = LINE ( 'NONE', #2122, #5344 ) ;
#6554 = DIRECTION ( 'NONE',  ( 0.000000000000000000, 0.000000000000000000, 1.000000000000000000 ) ) ;
#6555 = DIRECTION ( 'NONE',  ( 0.000000000000000000, 0.000000000000000000, -1.000000000000000000 ) ) ;
#6556 = CARTESIAN_POINT ( 'NONE',  ( -0.1249999999999998890, 2.106267956964054999, 0.09999999999999999167 ) ) ;
#6557 = EDGE_CURVE ( 'NONE', #9352, #8603, #9338, .T. ) ;
#6558 = MECHANICAL_DESIGN_GEOMETRIC_PRESENTATION_REPRESENTATION (  '', ( #610 ), #10087 ) ;
#6559 = DIRECTION ( 'NONE',  ( 0.000000000000000000, 0.8547410349098605309, -0.5190546823227980555 ) ) ;
#6560 = LINE ( 'NONE', #2389, #1881 ) ;
#6561 = FILL_AREA_STYLE ('',( #3941 ) ) ;
#6562 = CARTESIAN_POINT ( 'NONE',  ( -2.074999999999999734, -2.474082528530912928, -0.3203740982435569484 ) ) ;
#6563 = MECHANICAL_DESIGN_GEOMETRIC_PRESENTATION_REPRESENTATION (  '', ( #3594 ), #2406 ) ;
#6564 = ORIENTED_EDGE ( 'NONE', *, *, #1998, .T. ) ;
#6565 = COLOUR_RGB ( '',0.8039215686274510109, 0.8039215686274510109, 0.8039215686274510109 ) ;
#6566 = ORIENTED_EDGE ( 'NONE', *, *, #2622, .F. ) ;
#6567 = EDGE_CURVE ( 'NONE', #685, #5484, #938, .T. ) ;
#6568 = PRESENTATION_LAYER_ASSIGNMENT (  '', '', ( #7636 ) ) ;
#6569 = EDGE_LOOP ( 'NONE', ( #6737, #5942, #9344, #5698 ) ) ;
#6570 = VECTOR ( 'NONE', #3693, 1000.000000000000000 ) ;
#6571 = PRESENTATION_LAYER_ASSIGNMENT (  '', '', ( #10797 ) ) ;
#6572 = CARTESIAN_POINT ( 'NONE',  ( 1.175000000000000044, 2.106267956964054999, 0.09999999999999999167 ) ) ;
#6573 = VECTOR ( 'NONE', #1784, 1000.000000000000227 ) ;
#6574 = CARTESIAN_POINT ( 'NONE',  ( -1.424999999999999822, 2.049999999999999822, -0.1000000000000000056 ) ) ;
#6575 = MECHANICAL_DESIGN_GEOMETRIC_PRESENTATION_REPRESENTATION (  '', ( #2238 ), #8172 ) ;
#6576 = CIRCLE ( 'NONE', #3279, 0.1000000000000000194 ) ;
#6577 = LINE ( 'NONE', #2399, #2373 ) ;
#6578 = CARTESIAN_POINT ( 'NONE',  ( 1.175000000000000044, -1.949999999999999512, -0.1000000000000000056 ) ) ;
#6579 = ORIENTED_EDGE ( 'NONE', *, *, #2214, .F. ) ;
#6580 = ORIENTED_EDGE ( 'NONE', *, *, #1646, .T. ) ;
#6581 = COLOUR_RGB ( '',0.8039215686274510109, 0.8039215686274510109, 0.8039215686274510109 ) ;
#6582 = DIRECTION ( 'NONE',  ( 0.000000000000000000, 1.000000000000000000, 0.000000000000000000 ) ) ;
#6583 = VECTOR ( 'NONE', #3023, 1000.000000000000000 ) ;
#6584 = MECHANICAL_DESIGN_GEOMETRIC_PRESENTATION_REPRESENTATION (  '', ( #1549 ), #2607 ) ;
#6585 = VECTOR ( 'NONE', #1840, 1000.000000000000000 ) ;
#6586 = VECTOR ( 'NONE', #578, 1000.000000000000000 ) ;
#6587 =( GEOMETRIC_REPRESENTATION_CONTEXT ( 3 ) GLOBAL_UNCERTAINTY_ASSIGNED_CONTEXT ( ( #3984 ) ) GLOBAL_UNIT_ASSIGNED_CONTEXT ( ( #10477, #3705, #1266 ) ) REPRESENTATION_CONTEXT ( 'NONE', 'WORKASPACE' ) );
#6588 =( NAMED_UNIT ( * ) PLANE_ANGLE_UNIT ( ) SI_UNIT ( $, .RADIAN. ) );
#6589 = EDGE_LOOP ( 'NONE', ( #10753, #3990, #8566, #8148 ) ) ;
#6590 = DIRECTION ( 'NONE',  ( 0.000000000000000000, 0.9975640502598241977, 0.06975647374412535795 ) ) ;
#6591 = ADVANCED_FACE ( 'NONE', ( #9392 ), #2001, .F. ) ;
#6592 = ORIENTED_EDGE ( 'NONE', *, *, #4679, .T. ) ;
#6593 = EDGE_LOOP ( 'NONE', ( #4940, #4111, #3524, #7699, #1934, #8068, #743, #9826 ) ) ;
#6594 = EDGE_CURVE ( 'NONE', #5394, #6448, #7958, .T. ) ;
#6595 = AXIS2_PLACEMENT_3D ( 'NONE', #2375, #10640, #3182 ) ;
#6596 =( NAMED_UNIT ( * ) PLANE_ANGLE_UNIT ( ) SI_UNIT ( $, .RADIAN. ) );
#6597 = FILL_AREA_STYLE ('',( #6485 ) ) ;
#6598 = CARTESIAN_POINT ( 'NONE',  ( -1.824999999999999734, 1.949999999999999512, 0.1000000000000000056 ) ) ;
#6599 = AXIS2_PLACEMENT_3D ( 'NONE', #6451, #1443, #5410 ) ;
#6600 = UNCERTAINTY_MEASURE_WITH_UNIT (LENGTH_MEASURE( 1.000000000000000082E-05 ), #1066, 'distance_accuracy_value', 'NONE');
#6601 = VERTEX_POINT ( 'NONE', #4497 ) ;
#6602 = SURFACE_STYLE_USAGE ( .BOTH. , #10847 ) ;
#6603 = DIRECTION ( 'NONE',  ( 0.000000000000000000, 0.06975647374412545509, 0.9975640502598243087 ) ) ;
#6604 = PRESENTATION_STYLE_ASSIGNMENT (( #9857 ) ) ;
#6605 = PLANE ( 'NONE',  #3236 ) ;
#6606 = CARTESIAN_POINT ( 'NONE',  ( -1.424999999999999822, 2.486996912233147228, -0.5641273295552871048 ) ) ;
#6607 = EDGE_LOOP ( 'NONE', ( #7835, #3960, #3550, #1441 ) ) ;
#6608 = DIRECTION ( 'NONE',  ( -1.000000000000000000, -0.000000000000000000, -0.000000000000000000 ) ) ;
#6609 = LINE ( 'NONE', #8168, #5307 ) ;
#6610 = CARTESIAN_POINT ( 'NONE',  ( 1.175000000000000044, 1.949999999999999512, -0.1000000000000000056 ) ) ;
#6611 = VECTOR ( 'NONE', #4705, 1000.000000000000000 ) ;
#6612 = LINE ( 'NONE', #8995, #7432 ) ;
#6613 = AXIS2_PLACEMENT_3D ( 'NONE', #5343, #8713, #1207 ) ;
#6614 = PLANE ( 'NONE',  #9571 ) ;
#6615 = CYLINDRICAL_SURFACE ( 'NONE', #4883, 0.2000000000000000389 ) ;
#6616 = LINE ( 'NONE', #9987, #626 ) ;
#6617 = PLANE ( 'NONE',  #4979 ) ;
#6618 = FACE_OUTER_BOUND ( 'NONE', #682, .T. ) ;
#6619 = ORIENTED_EDGE ( 'NONE', *, *, #7440, .T. ) ;
#6620 = DIRECTION ( 'NONE',  ( 1.000000000000000000, 0.000000000000000000, 0.000000000000000000 ) ) ;
#6621 = ORIENTED_EDGE ( 'NONE', *, *, #9288, .F. ) ;
#6622 = EDGE_CURVE ( 'NONE', #7895, #1834, #7859, .T. ) ;
#6623 =( GEOMETRIC_REPRESENTATION_CONTEXT ( 3 ) GLOBAL_UNCERTAINTY_ASSIGNED_CONTEXT ( ( #4368 ) ) GLOBAL_UNIT_ASSIGNED_CONTEXT ( ( #7283, #8106, #586 ) ) REPRESENTATION_CONTEXT ( 'NONE', 'WORKASPACE' ) );
#6624 = ADVANCED_FACE ( 'NONE', ( #6944 ), #8460, .T. ) ;
#6625 = ORIENTED_EDGE ( 'NONE', *, *, #10581, .F. ) ;
#6626 = CARTESIAN_POINT ( 'NONE',  ( 0.5250000000000000222, -2.049999999999999822, -0.1000000000000000056 ) ) ;
#6627 = VECTOR ( 'NONE', #2417, 1000.000000000000000 ) ;
#6628 = CARTESIAN_POINT ( 'NONE',  ( 0.5250000000000000222, -3.000000000000000000, -0.6000000000000000888 ) ) ;
#6629 = EDGE_CURVE ( 'NONE', #7580, #969, #603, .T. ) ;
#6630 = CARTESIAN_POINT ( 'NONE',  ( -2.375409738600887444, -1.949998880753507802, -0.1000106489190369374 ) ) ;
#6631 = DIRECTION ( 'NONE',  ( 1.000000000000000000, -0.000000000000000000, 0.000000000000000000 ) ) ;
#6632 = SURFACE_SIDE_STYLE ('',( #3309 ) ) ;
#6633 = ORIENTED_EDGE ( 'NONE', *, *, #1610, .T. ) ;
#6634 = CLOSED_SHELL ( 'NONE', ( #2936, #1969, #7519, #5443, #8904, #2149, #9326, #8686, #6878, #7444, #6305, #10171, #3176, #6826 ) ) ;
#6635 = ORIENTED_EDGE ( 'NONE', *, *, #7380, .T. ) ;
#6636 = LINE ( 'NONE', #4183, #6210 ) ;
#6637 = ORIENTED_EDGE ( 'NONE', *, *, #8927, .F. ) ;
#6638 = DIRECTION ( 'NONE',  ( 0.000000000000000000, 0.06975647374412539958, -0.9975640502598243087 ) ) ;
#6639 =( LENGTH_UNIT ( ) NAMED_UNIT ( * ) SI_UNIT ( .MILLI., .METRE. ) );
#6640 = CARTESIAN_POINT ( 'NONE',  ( -2.074999999999999734, 2.049999999999999822, -0.2000000000000000111 ) ) ;
#6641 = ORIENTED_EDGE ( 'NONE', *, *, #3876, .F. ) ;
#6642 =( LENGTH_UNIT ( ) NAMED_UNIT ( * ) SI_UNIT ( .MILLI., .METRE. ) );
#6644 = FILL_AREA_STYLE_COLOUR ( '', #955 ) ;
#6643 = CARTESIAN_POINT ( 'NONE',  ( -1.824999999999999734, -2.106267956964054999, 0.09999999999999999167 ) ) ;
#6645 = VERTEX_POINT ( 'NONE', #5369 ) ;
#6646 = CARTESIAN_POINT ( 'NONE',  ( 0.5250000000000000222, -2.559556632021898537, -0.2684686300112771873 ) ) ;
#6647 = EDGE_CURVE ( 'NONE', #10273, #3962, #1448, .T. ) ;
#6648 = CARTESIAN_POINT ( 'NONE',  ( -2.074999999999999734, -2.552580984647486062, -0.3682250350372594516 ) ) ;
#6649 = VERTEX_POINT ( 'NONE', #2928 ) ;
#6650 = SURFACE_STYLE_FILL_AREA ( #9307 ) ;
#6651 = ADVANCED_BREP_SHAPE_REPRESENTATION ( 'BTS70902EPLXUMA1', ( #8509, #5065, #1455, #5211, #5193, #5132, #8810, #1583, #1621, #1488, #1510, #8677, #4874, #4936, #1466, #5098, #1333, #8302 ), #10227 ) ;
#6652 = DIRECTION ( 'NONE',  ( 0.000000000000000000, 0.000000000000000000, -1.000000000000000000 ) ) ;
#6653 = CARTESIAN_POINT ( 'NONE',  ( 2.075000000000000178, 2.330000000000000071, -0.4684254559678819319 ) ) ;
#6654 = CARTESIAN_POINT ( 'NONE',  ( -0.7749999999999999112, 1.949999999999999512, -0.1000000000000000056 ) ) ;
#6655 = ORIENTED_EDGE ( 'NONE', *, *, #9432, .T. ) ;
#6656 = FILL_AREA_STYLE ('',( #876 ) ) ;
#6657 = SURFACE_SIDE_STYLE ('',( #10854 ) ) ;
#6658 =( NAMED_UNIT ( * ) PLANE_ANGLE_UNIT ( ) SI_UNIT ( $, .RADIAN. ) );
#6659 = DIRECTION ( 'NONE',  ( 0.000000000000000000, 0.000000000000000000, 1.000000000000000000 ) ) ;
#6660 = ADVANCED_FACE ( 'NONE', ( #367 ), #5415, .F. ) ;
#6661 = FACE_OUTER_BOUND ( 'NONE', #78, .T. ) ;
#6662 = EDGE_CURVE ( 'NONE', #5992, #10474, #10374, .T. ) ;
#6663 = VECTOR ( 'NONE', #7122, 1000.000000000000000 ) ;
#6664 = LINE ( 'NONE', #4975, #9713 ) ;
#6665 = EDGE_CURVE ( 'NONE', #335, #10508, #2287, .T. ) ;
#6666 = LINE ( 'NONE', #1790, #670 ) ;
#6667 = SURFACE_STYLE_USAGE ( .BOTH. , #985 ) ;
#6668 = PLANE ( 'NONE',  #4643 ) ;
#6669 = DIRECTION ( 'NONE',  ( 0.000000000000000000, 1.000000000000000000, -8.672620682681688006E-17 ) ) ;
#6670 = DIRECTION ( 'NONE',  ( 1.000000000000000000, 0.000000000000000000, 0.000000000000000000 ) ) ;
#6671 = ORIENTED_EDGE ( 'NONE', *, *, #7611, .F. ) ;
#6672 = FILL_AREA_STYLE ('',( #1894 ) ) ;
#6673 = VERTEX_POINT ( 'NONE', #10536 ) ;
#6674 = ORIENTED_EDGE ( 'NONE', *, *, #7782, .T. ) ;
#6675 = FILL_AREA_STYLE ('',( #5047 ) ) ;
#6676 = AXIS2_PLACEMENT_3D ( 'NONE', #7924, #6265, #2808 ) ;
#6677 = EDGE_CURVE ( 'NONE', #1505, #2195, #10592, .T. ) ;
#6678 = CARTESIAN_POINT ( 'NONE',  ( -0.7749999999999999112, -2.559556632021898537, -0.2684686300112771873 ) ) ;
#6679 = LINE ( 'NONE', #10053, #7761 ) ;
#6680 = ORIENTED_EDGE ( 'NONE', *, *, #8783, .T. ) ;
#6681 = APPLICATION_PROTOCOL_DEFINITION ( 'draft international standard', 'automotive_design', 1998, #8015 ) ;
#6682 = ORIENTED_EDGE ( 'NONE', *, *, #4570, .F. ) ;
#6683 = SURFACE_STYLE_FILL_AREA ( #3359 ) ;
#6684 = ADVANCED_FACE ( 'NONE', ( #2873 ), #6336, .T. ) ;
#6685 = VECTOR ( 'NONE', #2736, 1000.000000000000000 ) ;
#6686 = SURFACE_STYLE_FILL_AREA ( #5823 ) ;
#6687 = ORIENTED_EDGE ( 'NONE', *, *, #9102, .T. ) ;
#6688 = CARTESIAN_POINT ( 'NONE',  ( -0.1249999999999998890, -1.949999999999999512, -0.1000000000000000056 ) ) ;
#6689 = EDGE_CURVE ( 'NONE', #4219, #8065, #5859, .T. ) ;
#6690 = VECTOR ( 'NONE', #4534, 1000.000000000000000 ) ;
#6691 = DIRECTION ( 'NONE',  ( 0.000000000000000000, 1.000000000000000000, -8.672620682681688006E-17 ) ) ;
#6692 = ORIENTED_EDGE ( 'NONE', *, *, #6849, .F. ) ;
#6693 = COLOUR_RGB ( '',0.8039215686274510109, 0.8039215686274510109, 0.8039215686274510109 ) ;
#6694 = CARTESIAN_POINT ( 'NONE',  ( 0.5250000000000000222, -3.000000000000000000, -0.3995116203837655866 ) ) ;
#6695 = ORIENTED_EDGE ( 'NONE', *, *, #2245, .F. ) ;
#6696 = VECTOR ( 'NONE', #4116, 1000.000000000000000 ) ;
#6697 = SURFACE_STYLE_FILL_AREA ( #867 ) ;
#6698 = SURFACE_SIDE_STYLE ('',( #5168 ) ) ;
#6699 = MECHANICAL_DESIGN_GEOMETRIC_PRESENTATION_REPRESENTATION (  '', ( #4779 ), #1848 ) ;
#6700 = CARTESIAN_POINT ( 'NONE',  ( 1.425000000000000044, -3.000000000000000000, -0.6000000000000000888 ) ) ;
#6701 = UNCERTAINTY_MEASURE_WITH_UNIT (LENGTH_MEASURE( 1.000000000000000082E-05 ), #7772, 'distance_accuracy_value', 'NONE');
#6702 = ORIENTED_EDGE ( 'NONE', *, *, #3038, .T. ) ;
#6703 = SURFACE_STYLE_USAGE ( .BOTH. , #6763 ) ;
#6704 = CARTESIAN_POINT ( 'NONE',  ( 1.175000000000000044, -1.949999999999999512, 0.1000000000000000056 ) ) ;
#6705 = DIRECTION ( 'NONE',  ( 0.000000000000000000, 0.9975640502598241977, 0.06975647374412535795 ) ) ;
#6706 = EDGE_LOOP ( 'NONE', ( #10349, #4147, #8805, #3454 ) ) ;
#6707 = CIRCLE ( 'NONE', #1498, 0.1950000000000000899 ) ;
#6708 = SURFACE_SIDE_STYLE ('',( #3381 ) ) ;
#6709 = FILL_AREA_STYLE_COLOUR ( '', #9234 ) ;
#6710 = VERTEX_POINT ( 'NONE', #4978 ) ;
#6711 = CARTESIAN_POINT ( 'NONE',  ( -1.174999999999999822, -2.135474103490985875, -0.1480945317677201667 ) ) ;
#6712 = CARTESIAN_POINT ( 'NONE',  ( -0.5249999999999999112, -2.486996912233147228, -0.5641273295552871048 ) ) ;
#6713 = COLOUR_RGB ( '',0.8039215686274510109, 0.8039215686274510109, 0.8039215686274510109 ) ;
#6714 = PRESENTATION_LAYER_ASSIGNMENT (  '', '', ( #6190 ) ) ;
#6715 =( NAMED_UNIT ( * ) PLANE_ANGLE_UNIT ( ) SI_UNIT ( $, .RADIAN. ) );
#6716 = PRESENTATION_STYLE_ASSIGNMENT (( #6667 ) ) ;
#6717 = SURFACE_SIDE_STYLE ('',( #2547 ) ) ;
#6718 = DIRECTION ( 'NONE',  ( 0.000000000000000000, 0.9975640502598241977, 0.06975647374412538571 ) ) ;
#6719 = STYLED_ITEM ( 'NONE', ( #10703 ), #6747 ) ;
#6720 = EDGE_CURVE ( 'NONE', #4290, #2339, #593, .T. ) ;
#6721 = EDGE_CURVE ( 'NONE', #6548, #10543, #1672, .T. ) ;
#6722 = VECTOR ( 'NONE', #7784, 1000.000000000000000 ) ;
#6723 = VERTEX_POINT ( 'NONE', #834 ) ;
#6724 = ORIENTED_EDGE ( 'NONE', *, *, #3298, .F. ) ;
#6725 = EDGE_CURVE ( 'NONE', #2394, #9400, #5697, .T. ) ;
#6726 = ORIENTED_EDGE ( 'NONE', *, *, #10267, .F. ) ;
#6727 = CARTESIAN_POINT ( 'NONE',  ( 2.449999999999998845, -1.874999999999999556, 0.1000000000000000056 ) ) ;
#6728 = FILL_AREA_STYLE ('',( #5095 ) ) ;
#6729 =( LENGTH_UNIT ( ) NAMED_UNIT ( * ) SI_UNIT ( .MILLI., .METRE. ) );
#6730 =( GEOMETRIC_REPRESENTATION_CONTEXT ( 3 ) GLOBAL_UNCERTAINTY_ASSIGNED_CONTEXT ( ( #7251 ) ) GLOBAL_UNIT_ASSIGNED_CONTEXT ( ( #3009, #8085, #2089 ) ) REPRESENTATION_CONTEXT ( 'NONE', 'WORKASPACE' ) );
#6731 =( LENGTH_UNIT ( ) NAMED_UNIT ( * ) SI_UNIT ( .MILLI., .METRE. ) );
#6732 = AXIS2_PLACEMENT_3D ( 'NONE', #853, #6582, #5877 ) ;
#6733 = COLOUR_RGB ( '',0.8039215686274510109, 0.8039215686274510109, 0.8039215686274510109 ) ;
#6734 = SURFACE_SIDE_STYLE ('',( #10272 ) ) ;
#6735 = ORIENTED_EDGE ( 'NONE', *, *, #4608, .F. ) ;
#6736 = CIRCLE ( 'NONE', #1156, 0.2000000000000000389 ) ;
#6737 = ORIENTED_EDGE ( 'NONE', *, *, #9492, .T. ) ;
#6738 = VECTOR ( 'NONE', #8196, 1000.000000000000000 ) ;
#6739 = AXIS2_PLACEMENT_3D ( 'NONE', #6818, #4205, #1725 ) ;
#6740 = DIRECTION ( 'NONE',  ( 1.000000000000000000, 0.000000000000000000, 0.000000000000000000 ) ) ;
#6741 = VECTOR ( 'NONE', #3296, 1000.000000000000000 ) ;
#6742 = PRESENTATION_LAYER_ASSIGNMENT (  '', '', ( #5176 ) ) ;
#6743 = AXIS2_PLACEMENT_3D ( 'NONE', #7727, #4212, #5964 ) ;
#6744 = VECTOR ( 'NONE', #2077, 1000.000000000000114 ) ;
#6745 = CIRCLE ( 'NONE', #10110, 0.2000000000000000389 ) ;
#6746 = DIRECTION ( 'NONE',  ( 1.000000000000000000, 0.000000000000000000, 0.000000000000000000 ) ) ;
#6747 = ADVANCED_FACE ( 'NONE', ( #9874 ), #2548, .T. ) ;
#6748 = DIRECTION ( 'NONE',  ( 0.000000000000000000, -8.672620682681688006E-17, 1.000000000000000000 ) ) ;
#6749 = ORIENTED_EDGE ( 'NONE', *, *, #7238, .F. ) ;
#6750 = COLOUR_RGB ( '',0.8039215686274510109, 0.8039215686274510109, 0.8039215686274510109 ) ;
#6751 = COLOUR_RGB ( '',0.8039215686274510109, 0.8039215686274510109, 0.8039215686274510109 ) ;
#6752 = AXIS2_PLACEMENT_3D ( 'NONE', #2855, #3175, #5501 ) ;
#6753 = VERTEX_POINT ( 'NONE', #7460 ) ;
#6754 = PRESENTATION_LAYER_ASSIGNMENT (  '', '', ( #1550 ) ) ;
#6755 = VECTOR ( 'NONE', #1433, 1000.000000000000114 ) ;
#6756 = AXIS2_PLACEMENT_3D ( 'NONE', #5548, #6670, #8913 ) ;
#6757 = EDGE_CURVE ( 'NONE', #10057, #4600, #10805, .T. ) ;
#6758 = CARTESIAN_POINT ( 'NONE',  ( -1.824999999999999734, -2.330000000000000071, -0.4684254559678819319 ) ) ;
#6759 = EDGE_CURVE ( 'NONE', #5640, #8926, #2390, .T. ) ;
#6760 =( NAMED_UNIT ( * ) PLANE_ANGLE_UNIT ( ) SI_UNIT ( $, .RADIAN. ) );
#6761 = CARTESIAN_POINT ( 'NONE',  ( -1.174999999999999822, 2.552580984647486062, -0.3682250350372594516 ) ) ;
#6762 = ORIENTED_EDGE ( 'NONE', *, *, #6622, .F. ) ;
#6763 = SURFACE_SIDE_STYLE ('',( #6650 ) ) ;
#6764 = EDGE_CURVE ( 'NONE', #5681, #10434, #9218, .T. ) ;
#6765 = CARTESIAN_POINT ( 'NONE',  ( 0.5250000000000000222, 2.552580984647486062, -0.3682250350372596737 ) ) ;
#6766 = SURFACE_SIDE_STYLE ('',( #1779 ) ) ;
#6767 = ORIENTED_EDGE ( 'NONE', *, *, #9513, .T. ) ;
#6768 = AXIS2_PLACEMENT_3D ( 'NONE', #760, #4153, #134 ) ;
#6769 = SURFACE_SIDE_STYLE ('',( #5955 ) ) ;
#6770 = DIRECTION ( 'NONE',  ( 0.000000000000000000, 0.000000000000000000, -1.000000000000000000 ) ) ;
#6771 = ORIENTED_EDGE ( 'NONE', *, *, #3576, .T. ) ;
#6772 =( NAMED_UNIT ( * ) SI_UNIT ( $, .STERADIAN. ) SOLID_ANGLE_UNIT ( ) );
#6773 = PRESENTATION_STYLE_ASSIGNMENT (( #246 ) ) ;
#6774 = FILL_AREA_STYLE ('',( #7723 ) ) ;
#6775 = MECHANICAL_DESIGN_GEOMETRIC_PRESENTATION_REPRESENTATION (  '', ( #9958 ), #6092 ) ;
#6776 = FILL_AREA_STYLE_COLOUR ( '', #589 ) ;
#6777 = UNCERTAINTY_MEASURE_WITH_UNIT (LENGTH_MEASURE( 1.000000000000000082E-05 ), #1493, 'distance_accuracy_value', 'NONE');
#6778 = LINE ( 'NONE', #6009, #2433 ) ;
#6779 =( LENGTH_UNIT ( ) NAMED_UNIT ( * ) SI_UNIT ( .MILLI., .METRE. ) );
#6780 = CARTESIAN_POINT ( 'NONE',  ( 1.425000000000000044, 1.949999999999999512, -0.1000000000000000056 ) ) ;
#6781 = ORIENTED_EDGE ( 'NONE', *, *, #10742, .F. ) ;
#6782 = VERTEX_POINT ( 'NONE', #10656 ) ;
#6783 = ORIENTED_EDGE ( 'NONE', *, *, #8499, .T. ) ;
#6784 = CARTESIAN_POINT ( 'NONE',  ( -2.375409738600887888, -1.949998880753507802, 0.1000106489190369513 ) ) ;
#6785 = VECTOR ( 'NONE', #9103, 1000.000000000000227 ) ;
#6786 = CARTESIAN_POINT ( 'NONE',  ( 0.5250000000000000222, -3.000000000000000000, -0.3995116203837655866 ) ) ;
#6787 = EDGE_CURVE ( 'NONE', #8355, #2737, #4926, .T. ) ;
#6788 = FACE_OUTER_BOUND ( 'NONE', #548, .T. ) ;
#6789 = SURFACE_SIDE_STYLE ('',( #1800 ) ) ;
#6790 = CARTESIAN_POINT ( 'NONE',  ( -0.1249999999999998890, -3.000000000000000000, -0.3995116203837655866 ) ) ;
#6791 = STYLED_ITEM ( 'NONE', ( #6868 ), #2014 ) ;
#6792 = VERTEX_POINT ( 'NONE', #9002 ) ;
#6793 = SURFACE_STYLE_USAGE ( .BOTH. , #5979 ) ;
#6794 = ORIENTED_EDGE ( 'NONE', *, *, #4679, .F. ) ;
#6795 = STYLED_ITEM ( 'NONE', ( #4136 ), #1029 ) ;
#6796 = LINE ( 'NONE', #62, #4636 ) ;
#6797 = DIRECTION ( 'NONE',  ( 1.000000000000000000, 0.000000000000000000, 0.000000000000000000 ) ) ;
#6798 = EDGE_CURVE ( 'NONE', #7173, #5807, #776, .T. ) ;
#6799 = DIRECTION ( 'NONE',  ( -1.000000000000000000, -0.000000000000000000, 0.000000000000000000 ) ) ;
#6800 = PRESENTATION_STYLE_ASSIGNMENT (( #331 ) ) ;
#6801 = PRESENTATION_LAYER_ASSIGNMENT (  '', '', ( #2501 ) ) ;
#6802 = CARTESIAN_POINT ( 'NONE',  ( 2.449999626916907314, -1.875273160256224259, 0.1000035496485076753 ) ) ;
#6803 = DIRECTION ( 'NONE',  ( 1.000000000000000000, -0.000000000000000000, 0.000000000000000000 ) ) ;
#6804 = EDGE_LOOP ( 'NONE', ( #5833, #3641, #3214, #860 ) ) ;
#6805 = CARTESIAN_POINT ( 'NONE',  ( -1.424999999999999822, -2.330000000000000071, -0.4684254559678819319 ) ) ;
#6806 =( NAMED_UNIT ( * ) SI_UNIT ( $, .STERADIAN. ) SOLID_ANGLE_UNIT ( ) );
#6807 = VERTEX_POINT ( 'NONE', #7348 ) ;
#6808 = CARTESIAN_POINT ( 'NONE',  ( -1.424999999999999822, -1.949999999999999512, 0.1000000000000000056 ) ) ;
#6809 = CARTESIAN_POINT ( 'NONE',  ( 1.824999999999999956, -2.049999999999999822, -0.2000000000000000111 ) ) ;
#6810 = UNCERTAINTY_MEASURE_WITH_UNIT (LENGTH_MEASURE( 1.000000000000000082E-05 ), #6316, 'distance_accuracy_value', 'NONE');
#6811 = VERTEX_POINT ( 'NONE', #8179 ) ;
#6812 = FACE_OUTER_BOUND ( 'NONE', #8888, .T. ) ;
#6813 = FILL_AREA_STYLE ('',( #3690 ) ) ;
#6814 = CARTESIAN_POINT ( 'NONE',  ( 2.374999999999999112, -1.874999999999999556, 0.1000000000000000056 ) ) ;
#6815 = LINE ( 'NONE', #8394, #6527 ) ;
#6816 = ORIENTED_EDGE ( 'NONE', *, *, #10286, .T. ) ;
#6817 = ADVANCED_FACE ( 'NONE', ( #668 ), #6617, .T. ) ;
#6818 = CARTESIAN_POINT ( 'NONE',  ( -0.7749999999999999112, -2.277216163946027105, 0.003810936464559820311 ) ) ;
#6819 = CARTESIAN_POINT ( 'NONE',  ( -0.7749999999999999112, -2.106267956964054999, 0.09999999999999999167 ) ) ;
#6820 = ADVANCED_FACE ( 'NONE', ( #988 ), #4327, .T. ) ;
#6821 = LINE ( 'NONE', #5190, #4525 ) ;
#6822 = VECTOR ( 'NONE', #5379, 1000.000000000000000 ) ;
#6823 = SURFACE_SIDE_STYLE ('',( #193 ) ) ;
#6824 = FACE_OUTER_BOUND ( 'NONE', #3313, .T. ) ;
#6825 = AXIS2_PLACEMENT_3D ( 'NONE', #7011, #10298, #10395 ) ;
#6826 = ADVANCED_FACE ( 'NONE', ( #10159 ), #9277, .T. ) ;
#6827 = ORIENTED_EDGE ( 'NONE', *, *, #9111, .F. ) ;
#6828 = PRESENTATION_STYLE_ASSIGNMENT (( #9386 ) ) ;
#6829 = VERTEX_POINT ( 'NONE', #925 ) ;
#6830 = VECTOR ( 'NONE', #2233, 1000.000000000000000 ) ;
#6831 = FACE_OUTER_BOUND ( 'NONE', #7669, .T. ) ;
#6832 = CARTESIAN_POINT ( 'NONE',  ( 0.5250000000000000222, -2.277216163946027105, 0.003810936464559820311 ) ) ;
#6833 = SURFACE_SIDE_STYLE ('',( #207 ) ) ;
#6834 = MECHANICAL_DESIGN_GEOMETRIC_PRESENTATION_REPRESENTATION (  '', ( #7739 ), #8450 ) ;
#6835 = SURFACE_STYLE_USAGE ( .BOTH. , #1846 ) ;
#6836 = EDGE_LOOP ( 'NONE', ( #5139, #9473, #8793, #6274 ) ) ;
#6837 = EDGE_CURVE ( 'NONE', #5231, #7171, #10607, .T. ) ;
#6838 = ORIENTED_EDGE ( 'NONE', *, *, #2539, .T. ) ;
#6839 = PLANE ( 'NONE',  #1720 ) ;
#6840 = VERTEX_POINT ( 'NONE', #359 ) ;
#6841 =( NAMED_UNIT ( * ) PLANE_ANGLE_UNIT ( ) SI_UNIT ( $, .RADIAN. ) );
#6842 = VECTOR ( 'NONE', #8866, 1000.000000000000000 ) ;
#6843 = PRESENTATION_STYLE_ASSIGNMENT (( #2633 ) ) ;
#6844 = DIRECTION ( 'NONE',  ( 1.000000000000000000, 0.000000000000000000, 0.000000000000000000 ) ) ;
#6845 = CYLINDRICAL_SURFACE ( 'NONE', #1619, 0.2000000000000000389 ) ;
#6846 = DIRECTION ( 'NONE',  ( 0.000000000000000000, -1.000000000000000000, -8.672620682681688006E-17 ) ) ;
#6847 = EDGE_LOOP ( 'NONE', ( #492, #6347, #1093, #7318 ) ) ;
#6848 = FACE_OUTER_BOUND ( 'NONE', #2876, .T. ) ;
#6849 = EDGE_CURVE ( 'NONE', #5420, #9835, #7849, .T. ) ;
#6850 = DIRECTION ( 'NONE',  ( -0.000000000000000000, 1.000000000000000000, -0.000000000000000000 ) ) ;
#6851 = ORIENTED_EDGE ( 'NONE', *, *, #10483, .T. ) ;
#6852 = DIRECTION ( 'NONE',  ( 0.000000000000000000, 0.000000000000000000, -1.000000000000000000 ) ) ;
#6853 = CARTESIAN_POINT ( 'NONE',  ( 1.824999999999999956, -1.949999999999999512, 0.1000000000000000056 ) ) ;
#6854 = COLOUR_RGB ( '',0.8039215686274510109, 0.8039215686274510109, 0.8039215686274510109 ) ;
#6855 = EDGE_CURVE ( 'NONE', #810, #2990, #3703, .T. ) ;
#6856 = DIRECTION ( 'NONE',  ( -1.000000000000000000, -0.000000000000000000, -0.000000000000000000 ) ) ;
#6857 = DIRECTION ( 'NONE',  ( 0.000000000000000000, 0.000000000000000000, -1.000000000000000000 ) ) ;
#6858 = EDGE_LOOP ( 'NONE', ( #10449, #10830, #5863, #7117, #1518, #153, #7253, #2695, #1850, #8424, #5013, #3831 ) ) ;
#6859 = DIRECTION ( 'NONE',  ( 0.000000000000000000, 0.000000000000000000, -1.000000000000000000 ) ) ;
#6860 = CARTESIAN_POINT ( 'NONE',  ( -1.824999999999999734, 2.049999999999999822, -0.2000000000000000111 ) ) ;
#6861 = PRESENTATION_LAYER_ASSIGNMENT (  '', '', ( #6168 ) ) ;
#6862 =( NAMED_UNIT ( * ) SI_UNIT ( $, .STERADIAN. ) SOLID_ANGLE_UNIT ( ) );
#6863 = CARTESIAN_POINT ( 'NONE',  ( -1.424999999999999822, 3.000000000000000000, -0.3995116203837655866 ) ) ;
#6864 = ORIENTED_EDGE ( 'NONE', *, *, #3362, .F. ) ;
#6865 = DIRECTION ( 'NONE',  ( 1.000000000000000000, 0.000000000000000000, 0.000000000000000000 ) ) ;
#6866 = CIRCLE ( 'NONE', #7223, 0.2000000000000000389 ) ;
#6867 = DIRECTION ( 'NONE',  ( 0.000000000000000000, -0.9975640502598241977, 0.06975647374412535795 ) ) ;
#6868 = PRESENTATION_STYLE_ASSIGNMENT (( #191 ) ) ;
#6869 = SURFACE_SIDE_STYLE ('',( #7846 ) ) ;
#6870 = AXIS2_PLACEMENT_3D ( 'NONE', #9284, #9788, #3402 ) ;
#6871 = UNCERTAINTY_MEASURE_WITH_UNIT (LENGTH_MEASURE( 1.000000000000000082E-05 ), #5843, 'distance_accuracy_value', 'NONE');
#6872 = FILL_AREA_STYLE ('',( #5134 ) ) ;
#6873 = FILL_AREA_STYLE ('',( #8717 ) ) ;
#6874 = CIRCLE ( 'NONE', #6343, 0.07499999999999998335 ) ;
#6875 =( NAMED_UNIT ( * ) PLANE_ANGLE_UNIT ( ) SI_UNIT ( $, .RADIAN. ) );
#6876 = DIRECTION ( 'NONE',  ( 0.000000000000000000, 1.000000000000000000, 0.000000000000000000 ) ) ;
#6877 = SURFACE_STYLE_USAGE ( .BOTH. , #9383 ) ;
#6878 = ADVANCED_FACE ( 'NONE', ( #1264 ), #10476, .T. ) ;
#6879 = ORIENTED_EDGE ( 'NONE', *, *, #2178, .F. ) ;
#6880 = ORIENTED_EDGE ( 'NONE', *, *, #8070, .F. ) ;
#6881 = VECTOR ( 'NONE', #4920, 1000.000000000000000 ) ;
#6882 = COLOUR_RGB ( '',0.8039215686274510109, 0.8039215686274510109, 0.8039215686274510109 ) ;
#6883 = ADVANCED_FACE ( 'NONE', ( #2041 ), #6388, .F. ) ;
#6884 = SURFACE_STYLE_FILL_AREA ( #6983 ) ;
#6885 = SURFACE_STYLE_USAGE ( .BOTH. , #204 ) ;
#6886 = FILL_AREA_STYLE ('',( #7736 ) ) ;
#6887 = SURFACE_SIDE_STYLE ('',( #7487 ) ) ;
#6888 = CARTESIAN_POINT ( 'NONE',  ( 0.5250000000000000222, -2.474082528530912928, -0.3203740982435569484 ) ) ;
#6889 = FILL_AREA_STYLE ('',( #3559 ) ) ;
#6890 = EDGE_CURVE ( 'NONE', #5848, #4944, #3867, .T. ) ;
#6891 = ORIENTED_EDGE ( 'NONE', *, *, #5692, .F. ) ;
#6892 = SURFACE_SIDE_STYLE ('',( #4385 ) ) ;
#6893 =( GEOMETRIC_REPRESENTATION_CONTEXT ( 3 ) GLOBAL_UNCERTAINTY_ASSIGNED_CONTEXT ( ( #6257 ) ) GLOBAL_UNIT_ASSIGNED_CONTEXT ( ( #8279, #10738, #10695 ) ) REPRESENTATION_CONTEXT ( 'NONE', 'WORKASPACE' ) );
#6894 = DIRECTION ( 'NONE',  ( 1.000000000000000000, 0.000000000000000000, 0.000000000000000000 ) ) ;
#6895 = PRESENTATION_STYLE_ASSIGNMENT (( #2011 ) ) ;
#6896 = MECHANICAL_DESIGN_GEOMETRIC_PRESENTATION_REPRESENTATION (  '', ( #2762 ), #8854 ) ;
#6897 = SURFACE_STYLE_FILL_AREA ( #4444 ) ;
#6898 = FILL_AREA_STYLE_COLOUR ( '', #4775 ) ;
#6899 = COLOUR_RGB ( '',0.8039215686274510109, 0.8039215686274510109, 0.8039215686274510109 ) ;
#6900 =( NAMED_UNIT ( * ) PLANE_ANGLE_UNIT ( ) SI_UNIT ( $, .RADIAN. ) );
#6901 = ORIENTED_EDGE ( 'NONE', *, *, #2322, .F. ) ;
#6902 = FACE_OUTER_BOUND ( 'NONE', #9031, .T. ) ;
#6903 = DIRECTION ( 'NONE',  ( -1.000000000000000000, 0.000000000000000000, 0.000000000000000000 ) ) ;
#6904 = EDGE_LOOP ( 'NONE', ( #7717, #8724, #9067, #8582 ) ) ;
#6905 = AXIS2_PLACEMENT_3D ( 'NONE', #9980, #6608, #766 ) ;
#6906 = DIRECTION ( 'NONE',  ( -1.000000000000000000, -0.000000000000000000, -0.000000000000000000 ) ) ;
#6907 = CARTESIAN_POINT ( 'NONE',  ( -1.424999999999999822, -1.949999999999999512, 0.1000000000000000056 ) ) ;
#6908 = VECTOR ( 'NONE', #9950, 1000.000000000000000 ) ;
#6909 = UNCERTAINTY_MEASURE_WITH_UNIT (LENGTH_MEASURE( 1.000000000000000082E-05 ), #7875, 'distance_accuracy_value', 'NONE');
#6910 = FILL_AREA_STYLE ('',( #962 ) ) ;
#6911 = EDGE_CURVE ( 'NONE', #3458, #5148, #9756, .T. ) ;
#6912 = VERTEX_POINT ( 'NONE', #1384 ) ;
#6913 = SURFACE_STYLE_USAGE ( .BOTH. , #4356 ) ;
#6914 = MECHANICAL_DESIGN_GEOMETRIC_PRESENTATION_REPRESENTATION (  '', ( #10460 ), #2246 ) ;
#6915 = STYLED_ITEM ( 'NONE', ( #9038 ), #9266 ) ;
#6916 = COLOUR_RGB ( '',0.8039215686274510109, 0.8039215686274510109, 0.8039215686274510109 ) ;
#6917 = AXIS2_PLACEMENT_3D ( 'NONE', #1270, #3035, #1496 ) ;
#6918 = DIRECTION ( 'NONE',  ( 1.000000000000000000, 0.000000000000000000, 0.000000000000000000 ) ) ;
#6919 = EDGE_LOOP ( 'NONE', ( #5549, #2020, #3431, #4505, #9546, #1826 ) ) ;
#6920 = EDGE_CURVE ( 'NONE', #1794, #10684, #5293, .T. ) ;
#6921 = AXIS2_PLACEMENT_3D ( 'NONE', #2274, #1486, #8936 ) ;
#6922 = DIRECTION ( 'NONE',  ( 0.000000000000000000, 0.9975640502598241977, -0.06975647374412544122 ) ) ;
#6923 =( NAMED_UNIT ( * ) SI_UNIT ( $, .STERADIAN. ) SOLID_ANGLE_UNIT ( ) );
#6924 = ORIENTED_EDGE ( 'NONE', *, *, #6551, .T. ) ;
#6925 = AXIS2_PLACEMENT_3D ( 'NONE', #5434, #8970, #1362 ) ;
#6926 = FACE_OUTER_BOUND ( 'NONE', #9205, .T. ) ;
#6927 = AXIS2_PLACEMENT_3D ( 'NONE', #4857, #4740, #10687 ) ;
#6928 = AXIS2_PLACEMENT_3D ( 'NONE', #1054, #5071, #7000 ) ;
#6929 = AXIS2_PLACEMENT_3D ( 'NONE', #1386, #4693, #9639 ) ;
#6930 = EDGE_CURVE ( 'NONE', #10354, #10543, #9810, .T. ) ;
#6931 = PLANE ( 'NONE',  #241 ) ;
#6932 = CYLINDRICAL_SURFACE ( 'NONE', #10811, 0.07500000000000002498 ) ;
#6933 = CARTESIAN_POINT ( 'NONE',  ( -0.7749999999999999112, -2.049999999999999822, -0.1000000000000000056 ) ) ;
#6934 =( LENGTH_UNIT ( ) NAMED_UNIT ( * ) SI_UNIT ( .MILLI., .METRE. ) );
#6935 = FILL_AREA_STYLE_COLOUR ( '', #6368 ) ;
#6936 = FILL_AREA_STYLE ('',( #3031 ) ) ;
#6937 = LINE ( 'NONE', #6780, #3614 ) ;
#6938 = ORIENTED_EDGE ( 'NONE', *, *, #7166, .F. ) ;
#6939 = PRESENTATION_LAYER_ASSIGNMENT (  '', '', ( #844 ) ) ;
#6940 = AXIS2_PLACEMENT_3D ( 'NONE', #5857, #5802, #4370 ) ;
#6941 = DIRECTION ( 'NONE',  ( 0.000000000000000000, 0.000000000000000000, -1.000000000000000000 ) ) ;
#6942 = DIRECTION ( 'NONE',  ( 0.000000000000000000, 1.000000000000000000, 0.000000000000000000 ) ) ;
#6943 = UNCERTAINTY_MEASURE_WITH_UNIT (LENGTH_MEASURE( 1.000000000000000082E-05 ), #5758, 'distance_accuracy_value', 'NONE');
#6944 = FACE_OUTER_BOUND ( 'NONE', #1052, .T. ) ;
#6945 = CARTESIAN_POINT ( 'NONE',  ( 0.1250000000000001110, 2.552580984647486062, -0.3682250350372596737 ) ) ;
#6946 = ADVANCED_FACE ( 'NONE', ( #8332 ), #10641, .T. ) ;
#6947 = VERTEX_POINT ( 'NONE', #4038 ) ;
#6948 = EDGE_CURVE ( 'NONE', #3803, #685, #3256, .T. ) ;
#6949 = DIRECTION ( 'NONE',  ( 0.000000000000000000, -0.000000000000000000, -1.000000000000000000 ) ) ;
#6950 = LINE ( 'NONE', #7864, #2853 ) ;
#6951 = DIRECTION ( 'NONE',  ( 0.000000000000000000, 1.000000000000000000, -8.672620682681688006E-17 ) ) ;
#6952 = ORIENTED_EDGE ( 'NONE', *, *, #3282, .F. ) ;
#6953 = VECTOR ( 'NONE', #2368, 1000.000000000000000 ) ;
#6954 = CARTESIAN_POINT ( 'NONE',  ( 1.824999999999999956, 2.277216163946027105, 0.003810936464559820311 ) ) ;
#6955 = ORIENTED_EDGE ( 'NONE', *, *, #2718, .T. ) ;
#6956 = LINE ( 'NONE', #8744, #206 ) ;
#6957 = EDGE_LOOP ( 'NONE', ( #8454, #4630, #240, #9005 ) ) ;
#6958 = PRESENTATION_STYLE_ASSIGNMENT (( #6045 ) ) ;
#6959 = DIRECTION ( 'NONE',  ( 0.000000000000000000, 0.000000000000000000, -1.000000000000000000 ) ) ;
#6960 = CARTESIAN_POINT ( 'NONE',  ( -1.174999999999999822, 3.000000000000000000, -0.3995116203837655866 ) ) ;
#6961 =( NAMED_UNIT ( * ) PLANE_ANGLE_UNIT ( ) SI_UNIT ( $, .RADIAN. ) );
#6962 = ORIENTED_EDGE ( 'NONE', *, *, #1787, .F. ) ;
#6963 = FILL_AREA_STYLE_COLOUR ( '', #1171 ) ;
#6964 =( NAMED_UNIT ( * ) SI_UNIT ( $, .STERADIAN. ) SOLID_ANGLE_UNIT ( ) );
#6965 =( LENGTH_UNIT ( ) NAMED_UNIT ( * ) SI_UNIT ( .MILLI., .METRE. ) );
#6966 = DIRECTION ( 'NONE',  ( 0.000000000000000000, 0.8547410349098599758, 0.5190546823227987216 ) ) ;
#6967 = ORIENTED_EDGE ( 'NONE', *, *, #8688, .T. ) ;
#6968 =( NAMED_UNIT ( * ) PLANE_ANGLE_UNIT ( ) SI_UNIT ( $, .RADIAN. ) );
#6969 = CLOSED_SHELL ( 'NONE', ( #10300, #884, #10194, #3748, #10396, #10099, #1049, #7998, #10468, #10233, #6127, #6462, #7746, #818 ) ) ;
#6970 = ADVANCED_FACE ( 'NONE', ( #708 ), #3988, .T. ) ;
#6971 = VERTEX_POINT ( 'NONE', #3141 ) ;
#6972 = FILL_AREA_STYLE_COLOUR ( '', #762 ) ;
#6973 = UNCERTAINTY_MEASURE_WITH_UNIT (LENGTH_MEASURE( 1.000000000000000082E-05 ), #8648, 'distance_accuracy_value', 'NONE');
#6974 = DIRECTION ( 'NONE',  ( 0.000000000000000000, 0.000000000000000000, -1.000000000000000000 ) ) ;
#6975 = DIRECTION ( 'NONE',  ( 0.000000000000000000, 1.000000000000000000, 0.000000000000000000 ) ) ;
#6976 = SURFACE_STYLE_FILL_AREA ( #1211 ) ;
#6977 = DIRECTION ( 'NONE',  ( 0.000000000000000000, 0.9975640502598241977, 0.06975647374412538571 ) ) ;
#6978 = CARTESIAN_POINT ( 'NONE',  ( -0.7749999999999999112, -2.049999999999999822, -0.2000000000000000111 ) ) ;
#6979 = VERTEX_POINT ( 'NONE', #4912 ) ;
#6980 = EDGE_CURVE ( 'NONE', #8573, #10214, #1657, .T. ) ;
#6981 = ORIENTED_EDGE ( 'NONE', *, *, #10367, .T. ) ;
#6982 = AXIS2_PLACEMENT_3D ( 'NONE', #8089, #563, #2961 ) ;
#6983 = FILL_AREA_STYLE ('',( #997 ) ) ;
#6984 = CARTESIAN_POINT ( 'NONE',  ( 1.824999999999999956, 2.049999999999999822, -0.2000000000000000111 ) ) ;
#6985 = EDGE_CURVE ( 'NONE', #3885, #9823, #1265, .T. ) ;
#6986 = LINE ( 'NONE', #4540, #7942 ) ;
#6987 = SURFACE_STYLE_FILL_AREA ( #7856 ) ;
#6988 = CARTESIAN_POINT ( 'NONE',  ( -0.5249999999999999112, 1.949999999999999512, 0.1000000000000000056 ) ) ;
#6989 = DIRECTION ( 'NONE',  ( 1.000000000000000000, -0.000000000000000000, 0.000000000000000000 ) ) ;
#6990 = CARTESIAN_POINT ( 'NONE',  ( -1.424999999999999822, -2.135474103490985875, -0.1480945317677201667 ) ) ;
#6991 = VERTEX_POINT ( 'NONE', #8101 ) ;
#6992 = FACE_OUTER_BOUND ( 'NONE', #4803, .T. ) ;
#6993 = ORIENTED_EDGE ( 'NONE', *, *, #3486, .F. ) ;
#6994 =( NAMED_UNIT ( * ) PLANE_ANGLE_UNIT ( ) SI_UNIT ( $, .RADIAN. ) );
#6995 = ORIENTED_EDGE ( 'NONE', *, *, #3168, .F. ) ;
#6996 = DIRECTION ( 'NONE',  ( 0.000000000000000000, 0.000000000000000000, -1.000000000000000000 ) ) ;
#6997 = CARTESIAN_POINT ( 'NONE',  ( -0.7749999999999999112, 2.049999999999999822, -0.1000000000000000056 ) ) ;
#6998 = ORIENTED_EDGE ( 'NONE', *, *, #6025, .F. ) ;
#6999 = AXIS2_PLACEMENT_3D ( 'NONE', #8121, #2170, #1337 ) ;
#7000 = DIRECTION ( 'NONE',  ( 0.000000000000000000, 0.000000000000000000, -1.000000000000000000 ) ) ;
#7001 = EDGE_LOOP ( 'NONE', ( #5008, #8211, #8297, #323, #4023, #1630, #9265, #930, #8277, #3855, #9006, #2180 ) ) ;
#7002 = DIRECTION ( 'NONE',  ( 0.000000000000000000, 0.000000000000000000, 1.000000000000000000 ) ) ;
#7003 = CARTESIAN_POINT ( 'NONE',  ( -2.335172790808107468, -1.835172790808106802, 0.5499999999999999334 ) ) ;
#7004 = CARTESIAN_POINT ( 'NONE',  ( -2.449999999999999289, 1.875136580382891882, 0.09999999999999993616 ) ) ;
#7005 = EDGE_LOOP ( 'NONE', ( #4002, #9628, #7186, #7281 ) ) ;
#7006 = CARTESIAN_POINT ( 'NONE',  ( 2.075000000000000178, 2.135474103490985875, -0.1480945317677201667 ) ) ;
#7007 = PLANE ( 'NONE',  #5464 ) ;
#7008 = ORIENTED_EDGE ( 'NONE', *, *, #3316, .T. ) ;
#7009 = VECTOR ( 'NONE', #3369, 1000.000000000000000 ) ;
#7010 = CARTESIAN_POINT ( 'NONE',  ( 1.824999999999999956, 2.135474103490985875, -0.1480945317677201667 ) ) ;
#7011 = CARTESIAN_POINT ( 'NONE',  ( -0.1249999999999998890, -2.049999999999999822, -0.1000000000000000056 ) ) ;
#7012 = DIRECTION ( 'NONE',  ( 0.000000000000000000, 0.000000000000000000, -1.000000000000000000 ) ) ;
#7013 = EDGE_CURVE ( 'NONE', #9773, #6991, #9263, .T. ) ;
#7014 = UNCERTAINTY_MEASURE_WITH_UNIT (LENGTH_MEASURE( 1.000000000000000082E-05 ), #6077, 'distance_accuracy_value', 'NONE');
#7015 = DIRECTION ( 'NONE',  ( 1.000000000000000000, 0.000000000000000000, 0.000000000000000000 ) ) ;
#7016 = ORIENTED_EDGE ( 'NONE', *, *, #294, .T. ) ;
#7017 = DIRECTION ( 'NONE',  ( 0.000000000000000000, 0.000000000000000000, -1.000000000000000000 ) ) ;
#7018 = AXIS2_PLACEMENT_3D ( 'NONE', #8925, #10624, #3979 ) ;
#7019 = PRESENTATION_STYLE_ASSIGNMENT (( #5997 ) ) ;
#7020 = CARTESIAN_POINT ( 'NONE',  ( 1.824999999999999956, -2.049999999999999822, -0.1000000000000000056 ) ) ;
#7021 = ORIENTED_EDGE ( 'NONE', *, *, #6189, .T. ) ;
#7022 = CARTESIAN_POINT ( 'NONE',  ( -1.424999999999999822, 2.552580984647486062, -0.3682250350372596737 ) ) ;
#7023 =( NAMED_UNIT ( * ) SI_UNIT ( $, .STERADIAN. ) SOLID_ANGLE_UNIT ( ) );
#7024 = ORIENTED_EDGE ( 'NONE', *, *, #7493, .T. ) ;
#7025 =( NAMED_UNIT ( * ) PLANE_ANGLE_UNIT ( ) SI_UNIT ( $, .RADIAN. ) );
#7026 = FILL_AREA_STYLE_COLOUR ( '', #8691 ) ;
#7027 = FILL_AREA_STYLE_COLOUR ( '', #2540 ) ;
#7028 = LINE ( 'NONE', #1481, #3817 ) ;
#7029 = SURFACE_SIDE_STYLE ('',( #10471 ) ) ;
#7030 = DIRECTION ( 'NONE',  ( 0.000000000000000000, 0.000000000000000000, -1.000000000000000000 ) ) ;
#7031 =( LENGTH_UNIT ( ) NAMED_UNIT ( * ) SI_UNIT ( .MILLI., .METRE. ) );
#7032 = SURFACE_STYLE_FILL_AREA ( #5351 ) ;
#7033 = DIRECTION ( 'NONE',  ( 0.000000000000000000, 0.000000000000000000, -1.000000000000000000 ) ) ;
#7034 = DIRECTION ( 'NONE',  ( 0.000000000000000000, 0.000000000000000000, -1.000000000000000000 ) ) ;
#7035 = VECTOR ( 'NONE', #4154, 1000.000000000000000 ) ;
#7036 = PRESENTATION_LAYER_ASSIGNMENT (  '', '', ( #214 ) ) ;
#7037 = CARTESIAN_POINT ( 'NONE',  ( 0.5250000000000000222, 2.277216163946027105, 0.003810936464559766534 ) ) ;
#7038 = AXIS2_PLACEMENT_3D ( 'NONE', #5146, #8518, #4272 ) ;
#7039 = ORIENTED_EDGE ( 'NONE', *, *, #7779, .F. ) ;
#7040 = AXIS2_PLACEMENT_3D ( 'NONE', #2945, #552, #6464 ) ;
#7041 = SURFACE_SIDE_STYLE ('',( #2921 ) ) ;
#7042 = DIRECTION ( 'NONE',  ( -1.000000000000000000, 0.000000000000000000, -0.000000000000000000 ) ) ;
#7043 = LINE ( 'NONE', #10424, #6585 ) ;
#7044 =( GEOMETRIC_REPRESENTATION_CONTEXT ( 3 ) GLOBAL_UNCERTAINTY_ASSIGNED_CONTEXT ( ( #8559 ) ) GLOBAL_UNIT_ASSIGNED_CONTEXT ( ( #8289, #5695, #6500 ) ) REPRESENTATION_CONTEXT ( 'NONE', 'WORKASPACE' ) );
#7045 = CARTESIAN_POINT ( 'NONE',  ( -2.376217025357843404, 1.876217025357843848, 0.08449019374921863668 ) ) ;
#7046 = CARTESIAN_POINT ( 'NONE',  ( -2.375409738600888332, 1.949998880753508690, 0.1000106489190370901 ) ) ;
#7047 = LINE ( 'NONE', #424, #10621 ) ;
#7048 = EDGE_CURVE ( 'NONE', #8926, #3112, #5510, .T. ) ;
#7049 =( NAMED_UNIT ( * ) SI_UNIT ( $, .STERADIAN. ) SOLID_ANGLE_UNIT ( ) );
#7050 = AXIS2_PLACEMENT_3D ( 'NONE', #6207, #6059, #344 ) ;
#7051 = VERTEX_POINT ( 'NONE', #3585 ) ;
#7052 = ADVANCED_FACE ( 'NONE', ( #5999 ), #2699, .T. ) ;
#7053 = DIRECTION ( 'NONE',  ( 0.000000000000000000, -0.8547410349098605309, -0.5190546823227980555 ) ) ;
#7054 = CIRCLE ( 'NONE', #2385, 0.2000000000000000389 ) ;
#7055 =( NAMED_UNIT ( * ) SI_UNIT ( $, .STERADIAN. ) SOLID_ANGLE_UNIT ( ) );
#7056 = FACE_OUTER_BOUND ( 'NONE', #7938, .T. ) ;
#7057 = VECTOR ( 'NONE', #1330, 1000.000000000000114 ) ;
#7058 = ORIENTED_EDGE ( 'NONE', *, *, #269, .F. ) ;
#7059 = LINE ( 'NONE', #9831, #8827 ) ;
#7060 = DIRECTION ( 'NONE',  ( 0.000000000000000000, 0.000000000000000000, -1.000000000000000000 ) ) ;
#7061 = SURFACE_STYLE_USAGE ( .BOTH. , #10497 ) ;
#7062 = ORIENTED_EDGE ( 'NONE', *, *, #9866, .F. ) ;
#7063 = VECTOR ( 'NONE', #9936, 1000.000000000000000 ) ;
#7064 =( NAMED_UNIT ( * ) SI_UNIT ( $, .STERADIAN. ) SOLID_ANGLE_UNIT ( ) );
#7065 = CARTESIAN_POINT ( 'NONE',  ( -1.824999999999999734, 2.552580984647486062, -0.3682250350372596737 ) ) ;
#7066 = ORIENTED_EDGE ( 'NONE', *, *, #7083, .T. ) ;
#7067 = AXIS2_PLACEMENT_3D ( 'NONE', #2151, #6170, #7996 ) ;
#7068 = DIRECTION ( 'NONE',  ( 0.000000000000000000, 0.000000000000000000, -1.000000000000000000 ) ) ;
#7069 = CARTESIAN_POINT ( 'NONE',  ( 2.075000000000000178, 3.000000000000000000, -0.3995116203837655866 ) ) ;
#7070 = FILL_AREA_STYLE_COLOUR ( '', #9883 ) ;
#7071 = FACE_OUTER_BOUND ( 'NONE', #4053, .T. ) ;
#7072 = ORIENTED_EDGE ( 'NONE', *, *, #7233, .F. ) ;
#7073 = FACE_OUTER_BOUND ( 'NONE', #3247, .T. ) ;
#7074 = AXIS2_PLACEMENT_3D ( 'NONE', #4670, #10558, #7967 ) ;
#7075 = FILL_AREA_STYLE_COLOUR ( '', #9457 ) ;
#7076 = COLOUR_RGB ( '',0.8039215686274510109, 0.8039215686274510109, 0.8039215686274510109 ) ;
#7077 = DIRECTION ( 'NONE',  ( 0.000000000000000000, 0.5190546823227987216, -0.8547410349098599758 ) ) ;
#7078 = VERTEX_POINT ( 'NONE', #1072 ) ;
#7079 = DIRECTION ( 'NONE',  ( -1.000000000000000000, 0.000000000000000000, 0.000000000000000000 ) ) ;
#7080 = FACE_OUTER_BOUND ( 'NONE', #2852, .T. ) ;
#7081 = STYLED_ITEM ( 'NONE', ( #9879 ), #8160 ) ;
#7082 = EDGE_CURVE ( 'NONE', #6436, #6829, #9309, .T. ) ;
#7083 = EDGE_CURVE ( 'NONE', #3745, #954, #983, .T. ) ;
#7084 = AXIS2_PLACEMENT_3D ( 'NONE', #1247, #345, #4565 ) ;
#7085 = PLANE ( 'NONE',  #3611 ) ;
#7086 = ORIENTED_EDGE ( 'NONE', *, *, #7679, .F. ) ;
#7087 = VECTOR ( 'NONE', #5375, 1000.000000000000000 ) ;
#7088 =( NAMED_UNIT ( * ) PLANE_ANGLE_UNIT ( ) SI_UNIT ( $, .RADIAN. ) );
#7089 = AXIS2_PLACEMENT_3D ( 'NONE', #2652, #10191, #4821 ) ;
#7090 = CARTESIAN_POINT ( 'NONE',  ( -0.7749999999999999112, 2.500948206981972177, -0.3646145195033222430 ) ) ;
#7091 =( GEOMETRIC_REPRESENTATION_CONTEXT ( 3 ) GLOBAL_UNCERTAINTY_ASSIGNED_CONTEXT ( ( #8919 ) ) GLOBAL_UNIT_ASSIGNED_CONTEXT ( ( #5965, #6875, #2711 ) ) REPRESENTATION_CONTEXT ( 'NONE', 'WORKASPACE' ) );
#7092 =( NAMED_UNIT ( * ) PLANE_ANGLE_UNIT ( ) SI_UNIT ( $, .RADIAN. ) );
#7093 = VECTOR ( 'NONE', #1559, 1000.000000000000114 ) ;
#7094 = CARTESIAN_POINT ( 'NONE',  ( -0.1249999999999998890, 2.500948206981972177, -0.3646145195033222430 ) ) ;
#7095 = MECHANICAL_DESIGN_GEOMETRIC_PRESENTATION_REPRESENTATION (  '', ( #5712 ), #7286 ) ;
#7096 = ADVANCED_FACE ( 'NONE', ( #7715 ), #1823, .T. ) ;
#7097 = UNCERTAINTY_MEASURE_WITH_UNIT (LENGTH_MEASURE( 1.000000000000000082E-05 ), #2669, 'distance_accuracy_value', 'NONE');
#7098 = AXIS2_PLACEMENT_3D ( 'NONE', #1084, #1941, #3391 ) ;
#7099 = PRESENTATION_LAYER_ASSIGNMENT (  '', '', ( #995 ) ) ;
#7100 = FACE_OUTER_BOUND ( 'NONE', #9282, .T. ) ;
#7101 = DIRECTION ( 'NONE',  ( 1.000000000000000000, 0.000000000000000000, 0.000000000000000000 ) ) ;
#7102 = DIRECTION ( 'NONE',  ( 0.000000000000000000, 0.000000000000000000, -1.000000000000000000 ) ) ;
#7103 = FACE_OUTER_BOUND ( 'NONE', #6339, .T. ) ;
#7104 = PRESENTATION_LAYER_ASSIGNMENT (  '', '', ( #10460 ) ) ;
#7105 = MECHANICAL_DESIGN_GEOMETRIC_PRESENTATION_REPRESENTATION (  '', ( #5891 ), #642 ) ;
#7106 = ORIENTED_EDGE ( 'NONE', *, *, #3384, .F. ) ;
#7107 = MECHANICAL_DESIGN_GEOMETRIC_PRESENTATION_REPRESENTATION (  '', ( #2755 ), #6070 ) ;
#7108 = AXIS2_PLACEMENT_3D ( 'NONE', #4492, #1155, #155 ) ;
#7109 = VECTOR ( 'NONE', #5290, 1000.000000000000000 ) ;
#7110 = VECTOR ( 'NONE', #481, 1000.000000000000000 ) ;
#7111 =( NAMED_UNIT ( * ) SI_UNIT ( $, .STERADIAN. ) SOLID_ANGLE_UNIT ( ) );
#7112 = SURFACE_STYLE_USAGE ( .BOTH. , #7794 ) ;
#7113 = PLANE ( 'NONE',  #8515 ) ;
#7114 = AXIS2_PLACEMENT_3D ( 'NONE', #4199, #9455, #32 ) ;
#7115 = EDGE_CURVE ( 'NONE', #1797, #5319, #6060, .T. ) ;
#7116 = DIRECTION ( 'NONE',  ( 1.000000000000000000, 0.000000000000000000, 0.000000000000000000 ) ) ;
#7117 = ORIENTED_EDGE ( 'NONE', *, *, #5289, .T. ) ;
#7118 = MECHANICAL_DESIGN_GEOMETRIC_PRESENTATION_REPRESENTATION (  '', ( #10129 ), #7497 ) ;
#7119 = PLANE ( 'NONE',  #3273 ) ;
#7120 = ORIENTED_EDGE ( 'NONE', *, *, #467, .T. ) ;
#7121 = EDGE_CURVE ( 'NONE', #9993, #643, #4308, .T. ) ;
#7122 = DIRECTION ( 'NONE',  ( 1.000000000000000000, 0.000000000000000000, 0.000000000000000000 ) ) ;
#7123 = PRESENTATION_LAYER_ASSIGNMENT (  '', '', ( #9958 ) ) ;
#7124 = DIRECTION ( 'NONE',  ( -1.000000000000000000, -0.000000000000000000, 0.000000000000000000 ) ) ;
#7125 = ORIENTED_EDGE ( 'NONE', *, *, #9143, .F. ) ;
#7126 = LINE ( 'NONE', #2074, #10127 ) ;
#7127 = CARTESIAN_POINT ( 'NONE',  ( -2.449999999999999289, 1.875000000000000444, -0.1000000000000000056 ) ) ;
#7128 = DIRECTION ( 'NONE',  ( -5.782411586589358033E-15, 1.000000000000000000, 0.000000000000000000 ) ) ;
#7129 = FACE_OUTER_BOUND ( 'NONE', #6409, .T. ) ;
#7130 = ORIENTED_EDGE ( 'NONE', *, *, #4388, .F. ) ;
#7131 = SURFACE_SIDE_STYLE ('',( #2300 ) ) ;
#7132 = ORIENTED_EDGE ( 'NONE', *, *, #8968, .T. ) ;
#7133 = EDGE_CURVE ( 'NONE', #6840, #875, #6736, .T. ) ;
#7134 =( NAMED_UNIT ( * ) SI_UNIT ( $, .STERADIAN. ) SOLID_ANGLE_UNIT ( ) );
#7135 = VECTOR ( 'NONE', #7634, 1000.000000000000114 ) ;
#7136 = VECTOR ( 'NONE', #9040, 1000.000000000000000 ) ;
#7137 = UNCERTAINTY_MEASURE_WITH_UNIT (LENGTH_MEASURE( 1.000000000000000082E-05 ), #462, 'distance_accuracy_value', 'NONE');
#7138 = EDGE_CURVE ( 'NONE', #3397, #8105, #3378, .T. ) ;
#7139 = SURFACE_STYLE_USAGE ( .BOTH. , #512 ) ;
#7140 = ORIENTED_EDGE ( 'NONE', *, *, #3350, .F. ) ;
#7141 = LINE ( 'NONE', #2261, #11 ) ;
#7142 = LINE ( 'NONE', #9679, #9398 ) ;
#7143 = EDGE_LOOP ( 'NONE', ( #6506, #8506, #1863, #6357 ) ) ;
#7144 = CARTESIAN_POINT ( 'NONE',  ( 0.7750000000000001332, 2.049999999999999822, -0.1000000000000000056 ) ) ;
#7146 = PRESENTATION_STYLE_ASSIGNMENT (( #7978 ) ) ;
#7145 = CARTESIAN_POINT ( 'NONE',  ( 1.175000000000000044, 2.277216163946027105, 0.003810936464559766534 ) ) ;
#7147 = PRESENTATION_LAYER_ASSIGNMENT (  '', '', ( #10495 ) ) ;
#7148 = ORIENTED_EDGE ( 'NONE', *, *, #6097, .F. ) ;
#7149 = COLOUR_RGB ( '',0.8039215686274510109, 0.8039215686274510109, 0.8039215686274510109 ) ;
#7150 = DIRECTION ( 'NONE',  ( 0.000000000000000000, 0.8547410349098599758, 0.5190546823227987216 ) ) ;
#7151 = FACE_OUTER_BOUND ( 'NONE', #842, .T. ) ;
#7152 =( NAMED_UNIT ( * ) SI_UNIT ( $, .STERADIAN. ) SOLID_ANGLE_UNIT ( ) );
#7153 = CARTESIAN_POINT ( 'NONE',  ( 2.449998880753507358, -1.875409738600887444, -0.1000106489190370068 ) ) ;
#7154 = LINE ( 'NONE', #3140, #4503 ) ;
#7155 = FACE_OUTER_BOUND ( 'NONE', #652, .T. ) ;
#7156 = ORIENTED_EDGE ( 'NONE', *, *, #3020, .F. ) ;
#7157 = DIRECTION ( 'NONE',  ( -0.000000000000000000, -0.000000000000000000, -1.000000000000000000 ) ) ;
#7158 = DIRECTION ( 'NONE',  ( 1.000000000000000000, -0.000000000000000000, 0.000000000000000000 ) ) ;
#7159 = CLOSED_SHELL ( 'NONE', ( #5066, #660, #5378, #3049, #6525, #8120, #889, #496, #1256, #430, #4869, #1429, #5617, #3183 ) ) ;
#7160 = CARTESIAN_POINT ( 'NONE',  ( 2.449760935694444974, -1.918963392251839872, -0.1022745449310388244 ) ) ;
#7161 = ORIENTED_EDGE ( 'NONE', *, *, #2781, .T. ) ;
#7162 =( LENGTH_UNIT ( ) NAMED_UNIT ( * ) SI_UNIT ( .MILLI., .METRE. ) );
#7163 = SURFACE_STYLE_FILL_AREA ( #10529 ) ;
#7164 =( NAMED_UNIT ( * ) PLANE_ANGLE_UNIT ( ) SI_UNIT ( $, .RADIAN. ) );
#7165 = CARTESIAN_POINT ( 'NONE',  ( -2.074999999999999734, -2.474082528530912928, -0.3203740982435569484 ) ) ;
#7166 = EDGE_CURVE ( 'NONE', #9459, #4261, #2052, .T. ) ;
#7167 = SURFACE_STYLE_USAGE ( .BOTH. , #2926 ) ;
#7168 = DIRECTION ( 'NONE',  ( 1.000000000000000000, 0.000000000000000000, 0.000000000000000000 ) ) ;
#7169 = EDGE_LOOP ( 'NONE', ( #5785, #6726, #2646, #6297 ) ) ;
#7170 = CARTESIAN_POINT ( 'NONE',  ( -1.824999999999999734, -1.949999999999999512, 0.1000000000000000056 ) ) ;
#7171 = VERTEX_POINT ( 'NONE', #2751 ) ;
#7172 =( LENGTH_UNIT ( ) NAMED_UNIT ( * ) SI_UNIT ( .MILLI., .METRE. ) );
#7173 = VERTEX_POINT ( 'NONE', #914 ) ;
#7174 = CARTESIAN_POINT ( 'NONE',  ( -1.424999999999999822, -2.552580984647486062, -0.3682250350372594516 ) ) ;
#7175 = ORIENTED_EDGE ( 'NONE', *, *, #6985, .F. ) ;
#7176 = FACE_OUTER_BOUND ( 'NONE', #941, .T. ) ;
#7177 = FILL_AREA_STYLE_COLOUR ( '', #3268 ) ;
#7178 = EDGE_LOOP ( 'NONE', ( #6390, #9848, #9613, #4658 ) ) ;
#7179 = CIRCLE ( 'NONE', #5421, 0.07499999999999998335 ) ;
#7180 = CARTESIAN_POINT ( 'NONE',  ( 2.075000000000000178, 2.049999999999999822, -0.1000000000000000056 ) ) ;
#7181 = FACE_OUTER_BOUND ( 'NONE', #9180, .T. ) ;
#7182 = EDGE_CURVE ( 'NONE', #10273, #2716, #4247, .T. ) ;
#7183 = VECTOR ( 'NONE', #1053, 1000.000000000000000 ) ;
#7184 = DIRECTION ( 'NONE',  ( -1.000000000000000000, -0.000000000000000000, -0.000000000000000000 ) ) ;
#7185 = CARTESIAN_POINT ( 'NONE',  ( -1.824999999999999734, 2.486996912233147228, -0.5641273295552871048 ) ) ;
#7186 = ORIENTED_EDGE ( 'NONE', *, *, #1334, .T. ) ;
#7187 = DIRECTION ( 'NONE',  ( 0.000000000000000000, 0.000000000000000000, -1.000000000000000000 ) ) ;
#7188 = DIRECTION ( 'NONE',  ( 0.000000000000000000, 0.000000000000000000, -1.000000000000000000 ) ) ;
#7189 = EDGE_LOOP ( 'NONE', ( #2746, #2948, #8352, #7468, #765, #8807, #1237, #6291, #7802, #10168, #2839, #9621 ) ) ;
#7190 = SURFACE_SIDE_STYLE ('',( #8033 ) ) ;
#7191 =( LENGTH_UNIT ( ) NAMED_UNIT ( * ) SI_UNIT ( .MILLI., .METRE. ) );
#7192 = SURFACE_STYLE_FILL_AREA ( #10455 ) ;
#7193 = VECTOR ( 'NONE', #8955, 1000.000000000000000 ) ;
#7194 = ORIENTED_EDGE ( 'NONE', *, *, #5822, .F. ) ;
#7195 =( NAMED_UNIT ( * ) PLANE_ANGLE_UNIT ( ) SI_UNIT ( $, .RADIAN. ) );
#7196 = DIRECTION ( 'NONE',  ( 0.000000000000000000, 0.000000000000000000, -1.000000000000000000 ) ) ;
#7197 = ORIENTED_EDGE ( 'NONE', *, *, #1037, .F. ) ;
#7198 = FACE_OUTER_BOUND ( 'NONE', #3419, .T. ) ;
#7200 = PRESENTATION_STYLE_ASSIGNMENT (( #5560 ) ) ;
#7199 = CARTESIAN_POINT ( 'NONE',  ( -0.7749999999999999112, 3.000000000000000000, -0.6000000000000000888 ) ) ;
#7201 = PRESENTATION_LAYER_ASSIGNMENT (  '', '', ( #3034 ) ) ;
#7202 = ORIENTED_EDGE ( 'NONE', *, *, #9941, .T. ) ;
#7203 = ADVANCED_FACE ( 'NONE', ( #6116 ), #4673, .T. ) ;
#7204 = FACE_OUTER_BOUND ( 'NONE', #8427, .T. ) ;
#7205 = SURFACE_STYLE_FILL_AREA ( #4571 ) ;
#7206 = FILL_AREA_STYLE ('',( #524 ) ) ;
#7207 = PRESENTATION_LAYER_ASSIGNMENT (  '', '', ( #1092 ) ) ;
#7208 =( NAMED_UNIT ( * ) SI_UNIT ( $, .STERADIAN. ) SOLID_ANGLE_UNIT ( ) );
#7209 = UNCERTAINTY_MEASURE_WITH_UNIT (LENGTH_MEASURE( 1.000000000000000082E-05 ), #8073, 'distance_accuracy_value', 'NONE');
#7210 =( NAMED_UNIT ( * ) SI_UNIT ( $, .STERADIAN. ) SOLID_ANGLE_UNIT ( ) );
#7211 = CARTESIAN_POINT ( 'NONE',  ( -1.174999999999999822, -1.949999999999999512, -0.1000000000000000056 ) ) ;
#7212 = SURFACE_STYLE_USAGE ( .BOTH. , #530 ) ;
#7213 = DIRECTION ( 'NONE',  ( 1.000000000000000000, 0.000000000000000000, 0.000000000000000000 ) ) ;
#7214 = FILL_AREA_STYLE_COLOUR ( '', #6916 ) ;
#7215 = VERTEX_POINT ( 'NONE', #9518 ) ;
#7216 = DIRECTION ( 'NONE',  ( 1.000000000000000000, -0.000000000000000000, -0.000000000000000000 ) ) ;
#7217 = SURFACE_STYLE_FILL_AREA ( #10484 ) ;
#7218 = DIRECTION ( 'NONE',  ( 0.000000000000000000, 0.9975640502598241977, 0.06975647374412535795 ) ) ;
#7219 = CIRCLE ( 'NONE', #8299, 0.1000000000000000194 ) ;
#7220 = SURFACE_SIDE_STYLE ('',( #4923 ) ) ;
#7221 = DIRECTION ( 'NONE',  ( 1.000000000000000000, 0.000000000000000000, 0.000000000000000000 ) ) ;
#7222 = CARTESIAN_POINT ( 'NONE',  ( -0.7749999999999999112, -2.500948206981972177, -0.3646145195033222430 ) ) ;
#7223 = AXIS2_PLACEMENT_3D ( 'NONE', #7934, #415, #4420 ) ;
#7224 = DIRECTION ( 'NONE',  ( 1.000000000000000000, 0.000000000000000000, 0.000000000000000000 ) ) ;
#7225 = EDGE_CURVE ( 'NONE', #3636, #5317, #7142, .T. ) ;
#7226 = CARTESIAN_POINT ( 'NONE',  ( -0.1249999999999998890, -2.559556632021898537, -0.2684686300112771873 ) ) ;
#7227 = ORIENTED_EDGE ( 'NONE', *, *, #8727, .T. ) ;
#7228 = PRESENTATION_STYLE_ASSIGNMENT (( #544 ) ) ;
#7229 = AXIS2_PLACEMENT_3D ( 'NONE', #3318, #6638, #10010 ) ;
#7230 = ORIENTED_EDGE ( 'NONE', *, *, #6567, .F. ) ;
#7231 = LINE ( 'NONE', #5701, #1681 ) ;
#7232 = ORIENTED_EDGE ( 'NONE', *, *, #5417, .T. ) ;
#7233 = EDGE_CURVE ( 'NONE', #6341, #503, #5331, .T. ) ;
#7234 = EDGE_CURVE ( 'NONE', #10434, #10459, #5521, .T. ) ;
#7235 = CARTESIAN_POINT ( 'NONE',  ( -1.824999999999999734, 3.000000000000000000, -0.6000000000000000888 ) ) ;
#7236 = CARTESIAN_POINT ( 'NONE',  ( 1.824999999999999956, -2.500948206981972177, -0.3646145195033222430 ) ) ;
#7237 = AXIS2_PLACEMENT_3D ( 'NONE', #9158, #8337, #9864 ) ;
#7238 = EDGE_CURVE ( 'NONE', #4261, #2951, #7921, .T. ) ;
#7239 = DIRECTION ( 'NONE',  ( 1.000000000000000000, -0.000000000000000000, 0.000000000000000000 ) ) ;
#7240 = DIRECTION ( 'NONE',  ( 1.000000000000000000, 0.000000000000000000, 0.000000000000000000 ) ) ;
#7241 = VECTOR ( 'NONE', #8771, 1000.000000000000000 ) ;
#7242 = ORIENTED_EDGE ( 'NONE', *, *, #8256, .T. ) ;
#7243 = FILL_AREA_STYLE_COLOUR ( '', #8486 ) ;
#7244 = CARTESIAN_POINT ( 'NONE',  ( -1.424999999999999822, -2.135474103490985875, -0.1480945317677201667 ) ) ;
#7245 = EDGE_LOOP ( 'NONE', ( #10517, #5749, #9221, #8057 ) ) ;
#7246 = CARTESIAN_POINT ( 'NONE',  ( 0.5250000000000000222, -2.277216163946027105, 0.003810936464559820311 ) ) ;
#7247 = STYLED_ITEM ( 'NONE', ( #4881 ), #8120 ) ;
#7248 = MECHANICAL_DESIGN_GEOMETRIC_PRESENTATION_REPRESENTATION (  '', ( #3075 ), #7760 ) ;
#7249 = CARTESIAN_POINT ( 'NONE',  ( 2.449760935694444530, -1.918963392251839650, 0.1022745449310375199 ) ) ;
#7250 =( LENGTH_UNIT ( ) NAMED_UNIT ( * ) SI_UNIT ( .MILLI., .METRE. ) );
#7251 = UNCERTAINTY_MEASURE_WITH_UNIT (LENGTH_MEASURE( 1.000000000000000082E-05 ), #3009, 'distance_accuracy_value', 'NONE');
#7252 = DIRECTION ( 'NONE',  ( 1.000000000000000000, 0.000000000000000000, 0.000000000000000000 ) ) ;
#7253 = ORIENTED_EDGE ( 'NONE', *, *, #3486, .T. ) ;
#7254 = CARTESIAN_POINT ( 'NONE',  ( 2.335172790808107024, 1.835172790808107690, 0.4749999999999998668 ) ) ;
#7255 = CARTESIAN_POINT ( 'NONE',  ( -1.824999999999999734, -2.049999999999999822, -0.2000000000000000111 ) ) ;
#7256 = ORIENTED_EDGE ( 'NONE', *, *, #3350, .T. ) ;
#7257 = COLOUR_RGB ( '',0.8039215686274510109, 0.8039215686274510109, 0.8039215686274510109 ) ;
#7258 =( LENGTH_UNIT ( ) NAMED_UNIT ( * ) SI_UNIT ( .MILLI., .METRE. ) );
#7259 = VERTEX_POINT ( 'NONE', #401 ) ;
#7260 = EDGE_CURVE ( 'NONE', #1350, #723, #2194, .T. ) ;
#7261 = SURFACE_SIDE_STYLE ('',( #7976 ) ) ;
#7263 = DIRECTION ( 'NONE',  ( 1.000000000000000000, 0.000000000000000000, 0.000000000000000000 ) ) ;
#7262 = CARTESIAN_POINT ( 'NONE',  ( -1.824999999999999734, 3.000000000000000000, -0.6000000000000000888 ) ) ;
#7264 = EDGE_LOOP ( 'NONE', ( #10662, #8330, #10368, #3010 ) ) ;
#7265 = AXIS2_PLACEMENT_3D ( 'NONE', #2348, #9666, #4770 ) ;
#7266 = DIRECTION ( 'NONE',  ( 0.000000000000000000, 0.000000000000000000, -1.000000000000000000 ) ) ;
#7267 =( BOUNDED_CURVE ( )  B_SPLINE_CURVE ( 3, ( #3716, #4591, #2289, #8731 ),
 .UNSPECIFIED., .F., .F. ) 
 B_SPLINE_CURVE_WITH_KNOTS ( ( 4, 4 ),
 ( 5.503250352303673765, 7.063120262055495147 ),
 .UNSPECIFIED. ) 
 CURVE ( )  GEOMETRIC_REPRESENTATION_ITEM ( )  RATIONAL_B_SPLINE_CURVE ( ( 1.000000000000000000, 0.8073061876036304874, 0.8073061876036304874, 1.000000000000000000 ) ) 
 REPRESENTATION_ITEM ( '' )  );
#7268 = PRESENTATION_LAYER_ASSIGNMENT (  '', '', ( #4987 ) ) ;
#7269 = EDGE_CURVE ( 'NONE', #9482, #3277, #8706, .T. ) ;
#7270 = UNCERTAINTY_MEASURE_WITH_UNIT (LENGTH_MEASURE( 1.000000000000000082E-05 ), #10330, 'distance_accuracy_value', 'NONE');
#7271 =( NAMED_UNIT ( * ) PLANE_ANGLE_UNIT ( ) SI_UNIT ( $, .RADIAN. ) );
#7272 = MECHANICAL_DESIGN_GEOMETRIC_PRESENTATION_REPRESENTATION (  '', ( #9241 ), #4494 ) ;
#7273 = DIRECTION ( 'NONE',  ( 0.9945218953682732899, 0.000000000000000000, 0.1045284632676541231 ) ) ;
#7274 =( LENGTH_UNIT ( ) NAMED_UNIT ( * ) SI_UNIT ( .MILLI., .METRE. ) );
#7275 = VECTOR ( 'NONE', #1523, 1000.000000000000000 ) ;
#7276 = SURFACE_STYLE_FILL_AREA ( #3332 ) ;
#7277 = CARTESIAN_POINT ( 'NONE',  ( -2.074999999999999734, 1.949999999999999512, -0.1000000000000000056 ) ) ;
#7278 = VERTEX_POINT ( 'NONE', #10462 ) ;
#7279 = AXIS2_PLACEMENT_3D ( 'NONE', #5497, #6966, #7077 ) ;
#7280 = DIRECTION ( 'NONE',  ( 0.000000000000000000, 0.5190546823227987216, -0.8547410349098599758 ) ) ;
#7281 = ORIENTED_EDGE ( 'NONE', *, *, #6849, .T. ) ;
#7282 = VECTOR ( 'NONE', #3712, 1000.000000000000000 ) ;
#7283 =( LENGTH_UNIT ( ) NAMED_UNIT ( * ) SI_UNIT ( .MILLI., .METRE. ) );
#7284 = VECTOR ( 'NONE', #6120, 1000.000000000000000 ) ;
#7285 = EDGE_CURVE ( 'NONE', #9482, #8017, #7973, .T. ) ;
#7286 =( GEOMETRIC_REPRESENTATION_CONTEXT ( 3 ) GLOBAL_UNCERTAINTY_ASSIGNED_CONTEXT ( ( #5171 ) ) GLOBAL_UNIT_ASSIGNED_CONTEXT ( ( #3930, #9814, #4865 ) ) REPRESENTATION_CONTEXT ( 'NONE', 'WORKASPACE' ) );
#7287 = CARTESIAN_POINT ( 'NONE',  ( -1.424999999999999822, 1.949999999999999512, 0.1000000000000000056 ) ) ;
#7288 = CARTESIAN_POINT ( 'NONE',  ( -0.5249999999999999112, -1.949999999999999512, 0.1000000000000000056 ) ) ;
#7289 = MECHANICAL_DESIGN_GEOMETRIC_PRESENTATION_REPRESENTATION (  '', ( #5374 ), #8694 ) ;
#7290 = MECHANICAL_DESIGN_GEOMETRIC_PRESENTATION_REPRESENTATION (  '', ( #9931 ), #819 ) ;
#7291 = SURFACE_STYLE_FILL_AREA ( #7397 ) ;
#7292 =( NAMED_UNIT ( * ) SI_UNIT ( $, .STERADIAN. ) SOLID_ANGLE_UNIT ( ) );
#7293 = AXIS2_PLACEMENT_3D ( 'NONE', #9363, #4244, #9260 ) ;
#7294 = ORIENTED_EDGE ( 'NONE', *, *, #917, .F. ) ;
#7295 = AXIS2_PLACEMENT_3D ( 'NONE', #3225, #4681, #9803 ) ;
#7296 = PRESENTATION_LAYER_ASSIGNMENT (  '', '', ( #2755 ) ) ;
#7297 = CARTESIAN_POINT ( 'NONE',  ( -2.074999999999999734, 2.330000000000000071, -0.4684254559678819319 ) ) ;
#7298 = PRESENTATION_LAYER_ASSIGNMENT (  '', '', ( #5895 ) ) ;
#7299 = ORIENTED_EDGE ( 'NONE', *, *, #5939, .T. ) ;
#7300 =( NAMED_UNIT ( * ) PLANE_ANGLE_UNIT ( ) SI_UNIT ( $, .RADIAN. ) );
#7301 = ORIENTED_EDGE ( 'NONE', *, *, #4188, .F. ) ;
#7302 = ORIENTED_EDGE ( 'NONE', *, *, #4725, .F. ) ;
#7303 = LINE ( 'NONE', #4764, #6830 ) ;
#7304 = STYLED_ITEM ( 'NONE', ( #3796 ), #9467 ) ;
#7305 = VECTOR ( 'NONE', #5593, 1000.000000000000000 ) ;
#7306 = AXIS2_PLACEMENT_3D ( 'NONE', #2897, #3687, #9360 ) ;
#7307 = LINE ( 'NONE', #1231, #6082 ) ;
#7308 = EDGE_CURVE ( 'NONE', #7443, #8245, #4521, .T. ) ;
#7309 = FILL_AREA_STYLE_COLOUR ( '', #1301 ) ;
#7310 = DIRECTION ( 'NONE',  ( 1.000000000000000000, 0.000000000000000000, 0.000000000000000000 ) ) ;
#7311 = VERTEX_POINT ( 'NONE', #6208 ) ;
#7312 = VERTEX_POINT ( 'NONE', #9472 ) ;
#7313 = AXIS2_PLACEMENT_3D ( 'NONE', #1668, #4755, #5583 ) ;
#7314 = ADVANCED_FACE ( 'NONE', ( #1978 ), #2093, .T. ) ;
#7315 = COLOUR_RGB ( '',0.8039215686274510109, 0.8039215686274510109, 0.8039215686274510109 ) ;
#7316 = PLANE ( 'NONE',  #7108 ) ;
#7317 =( NAMED_UNIT ( * ) PLANE_ANGLE_UNIT ( ) SI_UNIT ( $, .RADIAN. ) );
#7318 = ORIENTED_EDGE ( 'NONE', *, *, #6280, .T. ) ;
#7319 = FILL_AREA_STYLE ('',( #3971 ) ) ;
#7320 = EDGE_CURVE ( 'NONE', #6792, #10204, #1302, .T. ) ;
#7321 = MECHANICAL_DESIGN_GEOMETRIC_PRESENTATION_REPRESENTATION (  '', ( #852 ), #2279 ) ;
#7322 = CARTESIAN_POINT ( 'NONE',  ( 1.425000000000000044, -2.552580984647486062, -0.3682250350372594516 ) ) ;
#7323 = FILL_AREA_STYLE ('',( #3127 ) ) ;
#7324 = ORIENTED_EDGE ( 'NONE', *, *, #3516, .T. ) ;
#7325 = CARTESIAN_POINT ( 'NONE',  ( -2.074999999999999734, 2.106267956964054999, 0.09999999999999999167 ) ) ;
#7327 = CARTESIAN_POINT ( 'NONE',  ( -2.074999999999999734, 2.277216163946027105, 0.003810936464559766534 ) ) ;
#7326 =( NAMED_UNIT ( * ) PLANE_ANGLE_UNIT ( ) SI_UNIT ( $, .RADIAN. ) );
#7328 = ORIENTED_EDGE ( 'NONE', *, *, #3847, .F. ) ;
#7329 =( LENGTH_UNIT ( ) NAMED_UNIT ( * ) SI_UNIT ( .MILLI., .METRE. ) );
#7330 = ORIENTED_EDGE ( 'NONE', *, *, #9523, .T. ) ;
#7331 = LINE ( 'NONE', #2425, #3609 ) ;
#7332 = LINE ( 'NONE', #10631, #597 ) ;
#7333 = PLANE ( 'NONE',  #10844 ) ;
#7334 = ORIENTED_EDGE ( 'NONE', *, *, #7907, .F. ) ;
#7335 = CARTESIAN_POINT ( 'NONE',  ( -2.074999999999999734, -2.106267956964054999, 0.09999999999999999167 ) ) ;
#7336 = PRESENTATION_LAYER_ASSIGNMENT (  '', '', ( #2111 ) ) ;
#7337 = DIRECTION ( 'NONE',  ( 1.000000000000000000, 0.000000000000000000, 0.000000000000000000 ) ) ;
#7338 = CARTESIAN_POINT ( 'NONE',  ( -1.424999999999999822, -2.106267956964054999, 0.09999999999999999167 ) ) ;
#7339 = ORIENTED_EDGE ( 'NONE', *, *, #9231, .T. ) ;
#7340 = ADVANCED_FACE ( 'NONE', ( #7834 ), #298, .T. ) ;
#7341 = ORIENTED_EDGE ( 'NONE', *, *, #3334, .T. ) ;
#7342 = EDGE_CURVE ( 'NONE', #9795, #5704, #900, .T. ) ;
#7343 =( NAMED_UNIT ( * ) PLANE_ANGLE_UNIT ( ) SI_UNIT ( $, .RADIAN. ) );
#7344 = DIRECTION ( 'NONE',  ( 0.000000000000000000, 0.000000000000000000, -1.000000000000000000 ) ) ;
#7345 = SURFACE_STYLE_USAGE ( .BOTH. , #2386 ) ;
#7346 = UNCERTAINTY_MEASURE_WITH_UNIT (LENGTH_MEASURE( 1.000000000000000082E-05 ), #6642, 'distance_accuracy_value', 'NONE');
#7347 = LINE ( 'NONE', #4165, #9059 ) ;
#7348 = CARTESIAN_POINT ( 'NONE',  ( 2.075000000000000178, 1.949999999999999512, -0.1000000000000000056 ) ) ;
#7349 = ORIENTED_EDGE ( 'NONE', *, *, #4950, .F. ) ;
#7350 = ADVANCED_FACE ( 'NONE', ( #4022 ), #1534, .F. ) ;
#7351 = ORIENTED_EDGE ( 'NONE', *, *, #1789, .T. ) ;
#7352 = FILL_AREA_STYLE_COLOUR ( '', #9190 ) ;
#7353 = ORIENTED_EDGE ( 'NONE', *, *, #1354, .F. ) ;
#7354 = VERTEX_POINT ( 'NONE', #8264 ) ;
#7355 = EDGE_CURVE ( 'NONE', #2195, #5283, #8922, .T. ) ;
#7356 = ORIENTED_EDGE ( 'NONE', *, *, #8304, .F. ) ;
#7357 = FACE_OUTER_BOUND ( 'NONE', #5666, .T. ) ;
#7358 = PLANE ( 'NONE',  #5033 ) ;
#7359 = CARTESIAN_POINT ( 'NONE',  ( 2.075000000000000178, -2.135474103490985875, -0.1480945317677201667 ) ) ;
#7360 = VERTEX_POINT ( 'NONE', #7372 ) ;
#7361 = SURFACE_STYLE_USAGE ( .BOTH. , #683 ) ;
#7362 = ORIENTED_EDGE ( 'NONE', *, *, #5254, .F. ) ;
#7363 = SURFACE_STYLE_USAGE ( .BOTH. , #7190 ) ;
#7364 = DIRECTION ( 'NONE',  ( 0.000000000000000000, -1.000000000000000000, 0.000000000000000000 ) ) ;
#7365 = UNCERTAINTY_MEASURE_WITH_UNIT (LENGTH_MEASURE( 1.000000000000000082E-05 ), #10722, 'distance_accuracy_value', 'NONE');
#7366 = STYLED_ITEM ( 'NONE', ( #8532 ), #333 ) ;
#7367 = ORIENTED_EDGE ( 'NONE', *, *, #5963, .F. ) ;
#7368 = COLOUR_RGB ( '',0.8039215686274510109, 0.8039215686274510109, 0.8039215686274510109 ) ;
#7369 = CYLINDRICAL_SURFACE ( 'NONE', #1705, 0.2000000000000000389 ) ;
#7370 = FACE_OUTER_BOUND ( 'NONE', #2958, .T. ) ;
#7371 = EDGE_CURVE ( 'NONE', #2883, #100, #2402, .T. ) ;
#7372 = CARTESIAN_POINT ( 'NONE',  ( -1.174999999999999822, 3.000000000000000000, -0.3995116203837655866 ) ) ;
#7373 = VERTEX_POINT ( 'NONE', #10774 ) ;
#7374 = CARTESIAN_POINT ( 'NONE',  ( -0.1249999999999998890, 2.552580984647486062, -0.3682250350372596737 ) ) ;
#7376 = LINE ( 'NONE', #6435, #8804 ) ;
#7375 =( NAMED_UNIT ( * ) SI_UNIT ( $, .STERADIAN. ) SOLID_ANGLE_UNIT ( ) );
#7377 = ORIENTED_EDGE ( 'NONE', *, *, #6249, .T. ) ;
#7378 =( NAMED_UNIT ( * ) SI_UNIT ( $, .STERADIAN. ) SOLID_ANGLE_UNIT ( ) );
#7379 = CIRCLE ( 'NONE', #8605, 0.09999999999999982514 ) ;
#7380 = EDGE_CURVE ( 'NONE', #6979, #10180, #1420, .T. ) ;
#7381 = SURFACE_SIDE_STYLE ('',( #1650 ) ) ;
#7382 = CARTESIAN_POINT ( 'NONE',  ( 1.824999999999999956, -2.106267956964054999, -0.09999999999999999167 ) ) ;
#7383 = UNCERTAINTY_MEASURE_WITH_UNIT (LENGTH_MEASURE( 1.000000000000000082E-05 ), #2480, 'distance_accuracy_value', 'NONE');
#7384 = ORIENTED_EDGE ( 'NONE', *, *, #4827, .F. ) ;
#7385 = SURFACE_STYLE_USAGE ( .BOTH. , #4861 ) ;
#7386 = LINE ( 'NONE', #3139, #10464 ) ;
#7387 = CARTESIAN_POINT ( 'NONE',  ( -1.174999999999999822, 2.277216163946027105, 0.003810936464559766534 ) ) ;
#7388 = AXIS2_PLACEMENT_3D ( 'NONE', #2937, #4547, #7904 ) ;
#7389 = EDGE_CURVE ( 'NONE', #6710, #4182, #8090, .T. ) ;
#7390 =( LENGTH_UNIT ( ) NAMED_UNIT ( * ) SI_UNIT ( .MILLI., .METRE. ) );
#7391 = LINE ( 'NONE', #6492, #10048 ) ;
#7392 = EDGE_LOOP ( 'NONE', ( #10387, #1198, #9564 ) ) ;
#7393 = SURFACE_SIDE_STYLE ('',( #1388 ) ) ;
#7394 = DIRECTION ( 'NONE',  ( 0.000000000000000000, 0.000000000000000000, -1.000000000000000000 ) ) ;
#7395 = SURFACE_SIDE_STYLE ('',( #9929 ) ) ;
#7396 = FACE_OUTER_BOUND ( 'NONE', #9815, .T. ) ;
#7397 = FILL_AREA_STYLE ('',( #7457 ) ) ;
#7398 = PRESENTATION_STYLE_ASSIGNMENT (( #4049 ) ) ;
#7399 = ORIENTED_EDGE ( 'NONE', *, *, #10060, .F. ) ;
#7400 = VECTOR ( 'NONE', #9740, 1000.000000000000000 ) ;
#7401 =( NAMED_UNIT ( * ) SI_UNIT ( $, .STERADIAN. ) SOLID_ANGLE_UNIT ( ) );
#7402 = ORIENTED_EDGE ( 'NONE', *, *, #1634, .F. ) ;
#7403 = CARTESIAN_POINT ( 'NONE',  ( 1.425000000000000044, 2.049999999999999822, -0.2000000000000000111 ) ) ;
#7404 = ORIENTED_EDGE ( 'NONE', *, *, #1327, .F. ) ;
#7405 = DIRECTION ( 'NONE',  ( 0.000000000000000000, -0.1045284632676537068, -0.9945218953682732899 ) ) ;
#7406 = UNCERTAINTY_MEASURE_WITH_UNIT (LENGTH_MEASURE( 1.000000000000000082E-05 ), #4946, 'distance_accuracy_value', 'NONE');
#7407 = EDGE_CURVE ( 'NONE', #10842, #284, #6576, .T. ) ;
#7408 = COLOUR_RGB ( '',0.8039215686274510109, 0.8039215686274510109, 0.8039215686274510109 ) ;
#7409 = AXIS2_PLACEMENT_3D ( 'NONE', #5827, #5886, #5059 ) ;
#7410 = DIRECTION ( 'NONE',  ( 0.000000000000000000, 0.000000000000000000, -1.000000000000000000 ) ) ;
#7411 = ADVANCED_FACE ( 'NONE', ( #170 ), #7490, .T. ) ;
#7412 = CARTESIAN_POINT ( 'NONE',  ( 1.824999999999999956, 2.135474103490985875, -0.1480945317677201667 ) ) ;
#7413 = ORIENTED_EDGE ( 'NONE', *, *, #4608, .T. ) ;
#7414 = AXIS2_PLACEMENT_3D ( 'NONE', #4913, #761, #1385 ) ;
#7415 = ORIENTED_EDGE ( 'NONE', *, *, #6481, .F. ) ;
#7416 =( LENGTH_UNIT ( ) NAMED_UNIT ( * ) SI_UNIT ( .MILLI., .METRE. ) );
#7417 = MECHANICAL_DESIGN_GEOMETRIC_PRESENTATION_REPRESENTATION (  '', ( #2501 ), #4774 ) ;
#7418 = VECTOR ( 'NONE', #4060, 1000.000000000000000 ) ;
#7419 = DIRECTION ( 'NONE',  ( 1.000000000000000000, 0.000000000000000000, 0.000000000000000000 ) ) ;
#7420 = AXIS2_PLACEMENT_3D ( 'NONE', #5665, #5929, #8083 ) ;
#7421 = FILL_AREA_STYLE ('',( #2957 ) ) ;
#7422 = VERTEX_POINT ( 'NONE', #5109 ) ;
#7423 = DIRECTION ( 'NONE',  ( 0.000000000000000000, -0.9975640502598241977, -0.06975647374412544122 ) ) ;
#7424 = CARTESIAN_POINT ( 'NONE',  ( -0.7749999999999999112, -2.135474103490985875, -0.1480945317677201667 ) ) ;
#7425 = VERTEX_POINT ( 'NONE', #5941 ) ;
#7426 =( NAMED_UNIT ( * ) PLANE_ANGLE_UNIT ( ) SI_UNIT ( $, .RADIAN. ) );
#7428 = SURFACE_STYLE_FILL_AREA ( #4076 ) ;
#7427 = CARTESIAN_POINT ( 'NONE',  ( -1.424999999999999822, -3.000000000000000000, -0.6000000000000000888 ) ) ;
#7429 = ORIENTED_EDGE ( 'NONE', *, *, #3928, .F. ) ;
#7430 = STYLED_ITEM ( 'NONE', ( #10717 ), #1230 ) ;
#7431 = DIRECTION ( 'NONE',  ( 1.000000000000000000, 0.000000000000000000, 0.000000000000000000 ) ) ;
#7432 = VECTOR ( 'NONE', #5522, 1000.000000000000000 ) ;
#7433 = ORIENTED_EDGE ( 'NONE', *, *, #8257, .F. ) ;
#7434 = SURFACE_STYLE_USAGE ( .BOTH. , #1595 ) ;
#7435 = CARTESIAN_POINT ( 'NONE',  ( 1.824999999999999956, -3.000000000000000000, -0.6000000000000000888 ) ) ;
#7436 = MECHANICAL_DESIGN_GEOMETRIC_PRESENTATION_REPRESENTATION (  '', ( #6719 ), #6200 ) ;
#7437 = VERTEX_POINT ( 'NONE', #1859 ) ;
#7438 = FACE_OUTER_BOUND ( 'NONE', #5253, .T. ) ;
#7439 = SURFACE_STYLE_USAGE ( .BOTH. , #3863 ) ;
#7440 = EDGE_CURVE ( 'NONE', #1645, #10778, #9407, .T. ) ;
#7441 = DIRECTION ( 'NONE',  ( 1.000000000000000000, 0.000000000000000000, 0.000000000000000000 ) ) ;
#7442 = DIRECTION ( 'NONE',  ( 1.000000000000000000, 0.000000000000000000, 0.000000000000000000 ) ) ;
#7443 = VERTEX_POINT ( 'NONE', #799 ) ;
#7444 = ADVANCED_FACE ( 'NONE', ( #20 ), #1010, .T. ) ;
#7445 = AXIS2_PLACEMENT_3D ( 'NONE', #4271, #3509, #7631 ) ;
#7446 =( LENGTH_UNIT ( ) NAMED_UNIT ( * ) SI_UNIT ( .MILLI., .METRE. ) );
#7447 = ORIENTED_EDGE ( 'NONE', *, *, #3704, .F. ) ;
#7448 = COLOUR_RGB ( '',0.9607843137254902244, 0.9607843137254902244, 0.9607843137254902244 ) ;
#7449 = FILL_AREA_STYLE_COLOUR ( '', #10799 ) ;
#7450 = FACE_OUTER_BOUND ( 'NONE', #4707, .T. ) ;
#7451 = EDGE_CURVE ( 'NONE', #7873, #6792, #2063, .T. ) ;
#7452 = CARTESIAN_POINT ( 'NONE',  ( -0.5249999999999999112, -2.500948206981972177, -0.3646145195033222430 ) ) ;
#7453 = DIRECTION ( 'NONE',  ( 1.000000000000000000, 0.000000000000000000, 0.000000000000000000 ) ) ;
#7454 = COLOUR_RGB ( '',0.8039215686274510109, 0.8039215686274510109, 0.8039215686274510109 ) ;
#7455 = UNCERTAINTY_MEASURE_WITH_UNIT (LENGTH_MEASURE( 1.000000000000000082E-05 ), #6639, 'distance_accuracy_value', 'NONE');
#7456 = STYLED_ITEM ( 'NONE', ( #3818 ), #6883 ) ;
#7457 = FILL_AREA_STYLE_COLOUR ( '', #5838 ) ;
#7458 = DIRECTION ( 'NONE',  ( 1.000000000000000000, 0.000000000000000000, 0.000000000000000000 ) ) ;
#7459 = STYLED_ITEM ( 'NONE', ( #6364 ), #5193 ) ;
#7460 = CARTESIAN_POINT ( 'NONE',  ( 2.075000000000000178, 2.049999999999999822, -0.1000000000000000056 ) ) ;
#7461 = LINE ( 'NONE', #4661, #5181 ) ;
#7462 = ORIENTED_EDGE ( 'NONE', *, *, #6217, .F. ) ;
#7463 = DIRECTION ( 'NONE',  ( 0.000000000000000000, -0.9975640502598241977, -0.06975647374412544122 ) ) ;
#7464 = PRESENTATION_LAYER_ASSIGNMENT (  '', '', ( #2776 ) ) ;
#7465 = EDGE_LOOP ( 'NONE', ( #9862, #2066, #5061, #1675 ) ) ;
#7466 = PRESENTATION_LAYER_ASSIGNMENT (  '', '', ( #10440 ) ) ;
#7467 = VECTOR ( 'NONE', #5178, 1000.000000000000114 ) ;
#7468 = ORIENTED_EDGE ( 'NONE', *, *, #1608, .F. ) ;
#7469 = STYLED_ITEM ( 'NONE', ( #4712 ), #5321 ) ;
#7470 = AXIS2_PLACEMENT_3D ( 'NONE', #9494, #162, #6949 ) ;
#7471 = COLOUR_RGB ( '',0.8039215686274510109, 0.8039215686274510109, 0.8039215686274510109 ) ;
#7472 = CARTESIAN_POINT ( 'NONE',  ( -2.375409738600887888, -1.949998880753507802, 0.1000106489190369513 ) ) ;
#7473 = VECTOR ( 'NONE', #8761, 1000.000000000000000 ) ;
#7474 = COLOUR_RGB ( '',0.8039215686274510109, 0.8039215686274510109, 0.8039215686274510109 ) ;
#7475 = LINE ( 'NONE', #10256, #3548 ) ;
#7476 = PLANE ( 'NONE',  #8113 ) ;
#7477 = ORIENTED_EDGE ( 'NONE', *, *, #4255, .T. ) ;
#7478 = ADVANCED_FACE ( 'NONE', ( #902 ), #4347, .T. ) ;
#7479 = ORIENTED_EDGE ( 'NONE', *, *, #467, .F. ) ;
#7480 = AXIS2_PLACEMENT_3D ( 'NONE', #10634, #9043, #2321 ) ;
#7481 = SURFACE_SIDE_STYLE ('',( #791 ) ) ;
#7482 = VECTOR ( 'NONE', #8273, 1000.000000000000000 ) ;
#7483 = CIRCLE ( 'NONE', #9415, 0.09999999999999982514 ) ;
#7484 = AXIS2_PLACEMENT_3D ( 'NONE', #5449, #3601, #5349 ) ;
#7485 = VECTOR ( 'NONE', #2819, 1000.000000000000000 ) ;
#7486 = ORIENTED_EDGE ( 'NONE', *, *, #4094, .F. ) ;
#7487 = SURFACE_STYLE_FILL_AREA ( #5251 ) ;
#7488 = PLANE ( 'NONE',  #7229 ) ;
#7489 = CARTESIAN_POINT ( 'NONE',  ( -1.824999999999999734, 1.949999999999999512, 0.1000000000000000056 ) ) ;
#7490 = CYLINDRICAL_SURFACE ( 'NONE', #8696, 0.07500000000000002498 ) ;
#7491 = ORIENTED_EDGE ( 'NONE', *, *, #351, .F. ) ;
#7492 = LINE ( 'NONE', #956, #1943 ) ;
#7493 = EDGE_CURVE ( 'NONE', #9301, #1983, #7538, .T. ) ;
#7495 = FACE_OUTER_BOUND ( 'NONE', #3504, .T. ) ;
#7494 = DIRECTION ( 'NONE',  ( 1.000000000000000000, 0.000000000000000000, 0.000000000000000000 ) ) ;
#7496 = ORIENTED_EDGE ( 'NONE', *, *, #7371, .T. ) ;
#7497 =( GEOMETRIC_REPRESENTATION_CONTEXT ( 3 ) GLOBAL_UNCERTAINTY_ASSIGNED_CONTEXT ( ( #3812 ) ) GLOBAL_UNIT_ASSIGNED_CONTEXT ( ( #7031, #10254, #5350 ) ) REPRESENTATION_CONTEXT ( 'NONE', 'WORKASPACE' ) );
#7498 = ORIENTED_EDGE ( 'NONE', *, *, #2823, .F. ) ;
#7499 = EDGE_CURVE ( 'NONE', #10459, #455, #3474, .T. ) ;
#7500 = SURFACE_SIDE_STYLE ('',( #3326 ) ) ;
#7501 = DIRECTION ( 'NONE',  ( 1.000000000000000000, 0.000000000000000000, 0.000000000000000000 ) ) ;
#7502 = COLOUR_RGB ( '',0.8039215686274510109, 0.8039215686274510109, 0.8039215686274510109 ) ;
#7503 = UNCERTAINTY_MEASURE_WITH_UNIT (LENGTH_MEASURE( 1.000000000000000082E-05 ), #2365, 'distance_accuracy_value', 'NONE');
#7504 = ORIENTED_EDGE ( 'NONE', *, *, #8463, .T. ) ;
#7505 = SURFACE_SIDE_STYLE ('',( #1715 ) ) ;
#7506 = DIRECTION ( 'NONE',  ( 0.000000000000000000, -0.9975640502598241977, 0.06975647374412538571 ) ) ;
#7507 = DIRECTION ( 'NONE',  ( 0.9945218953682734009, 0.000000000000000000, 0.1045284632676537068 ) ) ;
#7508 = DIRECTION ( 'NONE',  ( -0.000000000000000000, -0.000000000000000000, 1.000000000000000000 ) ) ;
#7509 = ORIENTED_EDGE ( 'NONE', *, *, #387, .T. ) ;
#7510 = DIRECTION ( 'NONE',  ( 0.000000000000000000, 0.000000000000000000, -1.000000000000000000 ) ) ;
#7511 = EDGE_CURVE ( 'NONE', #2242, #7173, #453, .T. ) ;
#7512 = PLANE ( 'NONE',  #8021 ) ;
#7513 = VECTOR ( 'NONE', #3135, 1000.000000000000000 ) ;
#7514 = FILL_AREA_STYLE ('',( #3191 ) ) ;
#7515 = CARTESIAN_POINT ( 'NONE',  ( 1.824999999999999956, 3.000000000000000000, -0.6000000000000000888 ) ) ;
#7516 = FILL_AREA_STYLE_COLOUR ( '', #6394 ) ;
#7517 = SURFACE_STYLE_FILL_AREA ( #6561 ) ;
#7518 = FILL_AREA_STYLE_COLOUR ( '', #2933 ) ;
#7519 = ADVANCED_FACE ( 'NONE', ( #71 ), #3367, .T. ) ;
#7520 = EDGE_LOOP ( 'NONE', ( #6767, #9440, #656, #7161 ) ) ;
#7521 = ORIENTED_EDGE ( 'NONE', *, *, #2037, .F. ) ;
#7522 =( GEOMETRIC_REPRESENTATION_CONTEXT ( 3 ) GLOBAL_UNCERTAINTY_ASSIGNED_CONTEXT ( ( #527 ) ) GLOBAL_UNIT_ASSIGNED_CONTEXT ( ( #6010, #1791, #5918 ) ) REPRESENTATION_CONTEXT ( 'NONE', 'WORKASPACE' ) );
#7523 = EDGE_CURVE ( 'NONE', #7769, #9727, #4328, .T. ) ;
#7524 = CARTESIAN_POINT ( 'NONE',  ( 2.335172790808107024, -1.835172790808106802, -0.4749999999999999223 ) ) ;
#7525 = CYLINDRICAL_SURFACE ( 'NONE', #4278, 0.1000000000000000194 ) ;
#7526 = SURFACE_STYLE_USAGE ( .BOTH. , #1573 ) ;
#7527 = LINE ( 'NONE', #4115, #4498 ) ;
#7528 = DIRECTION ( 'NONE',  ( 0.000000000000000000, 1.000000000000000000, 0.000000000000000000 ) ) ;
#7529 =( NAMED_UNIT ( * ) PLANE_ANGLE_UNIT ( ) SI_UNIT ( $, .RADIAN. ) );
#7530 = CLOSED_SHELL ( 'NONE', ( #4050, #4999, #1439, #6970, #1689, #1512, #6883, #1139, #4334, #2877, #6946, #5321, #2171, #8421 ) ) ;
#7531 =( NAMED_UNIT ( * ) SI_UNIT ( $, .STERADIAN. ) SOLID_ANGLE_UNIT ( ) );
#7532 = DIRECTION ( 'NONE',  ( 0.000000000000000000, -1.000000000000000000, 0.000000000000000000 ) ) ;
#7533 = PLANE ( 'NONE',  #3513 ) ;
#7534 = SURFACE_STYLE_FILL_AREA ( #7421 ) ;
#7535 = CARTESIAN_POINT ( 'NONE',  ( 0.1250000000000001110, 2.277216163946027105, 0.003810936464559820311 ) ) ;
#7536 = DIRECTION ( 'NONE',  ( 0.000000000000000000, -0.9975640502598241977, -0.06975647374412544122 ) ) ;
#7537 = DIRECTION ( 'NONE',  ( 1.000000000000000000, 0.000000000000000000, 0.000000000000000000 ) ) ;
#7538 = LINE ( 'NONE', #8423, #9227 ) ;
#7539 = ORIENTED_EDGE ( 'NONE', *, *, #254, .T. ) ;
#7540 = CARTESIAN_POINT ( 'NONE',  ( 1.425000000000000044, 2.486996912233147228, -0.5641273295552871048 ) ) ;
#7542 = FACE_OUTER_BOUND ( 'NONE', #7762, .T. ) ;
#7541 = DIRECTION ( 'NONE',  ( 0.000000000000000000, 0.000000000000000000, -1.000000000000000000 ) ) ;
#7543 = ORIENTED_EDGE ( 'NONE', *, *, #10367, .F. ) ;
#7544 = FACE_OUTER_BOUND ( 'NONE', #8295, .T. ) ;
#7545 = VECTOR ( 'NONE', #901, 1000.000000000000000 ) ;
#7546 = CARTESIAN_POINT ( 'NONE',  ( -0.1249999999999998890, 3.000000000000000000, -0.6000000000000000888 ) ) ;
#7547 = DIRECTION ( 'NONE',  ( 1.000000000000000000, 0.000000000000000000, 0.000000000000000000 ) ) ;
#7548 = ORIENTED_EDGE ( 'NONE', *, *, #1789, .F. ) ;
#7549 = LINE ( 'NONE', #4086, #4485 ) ;
#7550 =( LENGTH_UNIT ( ) NAMED_UNIT ( * ) SI_UNIT ( .MILLI., .METRE. ) );
#7551 = DIRECTION ( 'NONE',  ( -1.000000000000000000, -0.000000000000000000, -0.000000000000000000 ) ) ;
#7552 = CARTESIAN_POINT ( 'NONE',  ( -2.140172790808107628, -1.445172790808107122, 0.5499999999999999334 ) ) ;
#7553 = ORIENTED_EDGE ( 'NONE', *, *, #9594, .F. ) ;
#7554 = EDGE_CURVE ( 'NONE', #676, #7751, #7812, .T. ) ;
#7555 = FILL_AREA_STYLE ('',( #8396 ) ) ;
#7556 = CARTESIAN_POINT ( 'NONE',  ( 1.175000000000000044, -2.106267956964054999, -0.09999999999999999167 ) ) ;
#7557 = CARTESIAN_POINT ( 'NONE',  ( 2.408654545973158978, 1.834065403820539730, -0.4933757181366588696 ) ) ;
#7558 = LINE ( 'NONE', #38, #6881 ) ;
#7559 = DIRECTION ( 'NONE',  ( 0.000000000000000000, 0.000000000000000000, 1.000000000000000000 ) ) ;
#7560 = AXIS2_PLACEMENT_3D ( 'NONE', #1839, #8510, #7042 ) ;
#7561 = UNCERTAINTY_MEASURE_WITH_UNIT (LENGTH_MEASURE( 1.000000000000000082E-05 ), #2312, 'distance_accuracy_value', 'NONE');
#7562 = CARTESIAN_POINT ( 'NONE',  ( 1.175000000000000044, 1.949999999999999512, 0.1000000000000000056 ) ) ;
#7563 = LINE ( 'NONE', #2612, #4855 ) ;
#7564 = SURFACE_STYLE_USAGE ( .BOTH. , #6717 ) ;
#7565 = CARTESIAN_POINT ( 'NONE',  ( -1.174999999999999822, 1.949999999999999512, 0.1000000000000000056 ) ) ;
#7566 = ORIENTED_EDGE ( 'NONE', *, *, #9029, .F. ) ;
#7567 =( LENGTH_UNIT ( ) NAMED_UNIT ( * ) SI_UNIT ( .MILLI., .METRE. ) );
#7568 = CIRCLE ( 'NONE', #3880, 0.1000000000000000194 ) ;
#7569 = ORIENTED_EDGE ( 'NONE', *, *, #3304, .T. ) ;
#7570 = ORIENTED_EDGE ( 'NONE', *, *, #6890, .F. ) ;
#7571 = DIRECTION ( 'NONE',  ( 0.000000000000000000, 0.9975640502598241977, -0.06975647374412544122 ) ) ;
#7572 = LINE ( 'NONE', #10165, #5360 ) ;
#7573 =( NAMED_UNIT ( * ) SI_UNIT ( $, .STERADIAN. ) SOLID_ANGLE_UNIT ( ) );
#7574 = EDGE_CURVE ( 'NONE', #4963, #1587, #2886, .T. ) ;
#7575 = DIRECTION ( 'NONE',  ( 0.000000000000000000, -0.5190546823227987216, -0.8547410349098599758 ) ) ;
#7576 = AXIS2_PLACEMENT_3D ( 'NONE', #2095, #4567, #5396 ) ;
#7577 = LINE ( 'NONE', #10822, #9517 ) ;
#7578 = LINE ( 'NONE', #1906, #2461 ) ;
#7579 = EDGE_CURVE ( 'NONE', #6241, #3234, #8683, .T. ) ;
#7580 = VERTEX_POINT ( 'NONE', #283 ) ;
#7581 = EDGE_CURVE ( 'NONE', #685, #6448, #8789, .T. ) ;
#7582 = ORIENTED_EDGE ( 'NONE', *, *, #6421, .F. ) ;
#7583 = CARTESIAN_POINT ( 'NONE',  ( -1.424999999999999822, 2.049999999999999822, -0.1000000000000000056 ) ) ;
#7584 = PRESENTATION_LAYER_ASSIGNMENT (  '', '', ( #6511 ) ) ;
#7586 = EDGE_CURVE ( 'NONE', #1983, #10439, #6222, .T. ) ;
#7585 = VECTOR ( 'NONE', #8469, 1000.000000000000000 ) ;
#7587 = DIRECTION ( 'NONE',  ( 0.000000000000000000, -0.9975640502598241977, 0.06975647374412538571 ) ) ;
#7588 = CARTESIAN_POINT ( 'NONE',  ( -2.374999999999999556, -1.949999999999999512, -0.1000000000000000056 ) ) ;
#7589 = AXIS2_PLACEMENT_3D ( 'NONE', #5815, #6631, #4178 ) ;
#7590 = LINE ( 'NONE', #1533, #9303 ) ;
#7591 = DIRECTION ( 'NONE',  ( 0.000000000000000000, 0.000000000000000000, -1.000000000000000000 ) ) ;
#7592 = VERTEX_POINT ( 'NONE', #4604 ) ;
#7593 = MECHANICAL_DESIGN_GEOMETRIC_PRESENTATION_REPRESENTATION (  '', ( #6004 ), #1483 ) ;
#7594 = FACE_OUTER_BOUND ( 'NONE', #3883, .T. ) ;
#7595 = FACE_OUTER_BOUND ( 'NONE', #2044, .T. ) ;
#7596 = ORIENTED_EDGE ( 'NONE', *, *, #6985, .T. ) ;
#7597 = PRESENTATION_LAYER_ASSIGNMENT (  '', '', ( #7939 ) ) ;
#7598 = DIRECTION ( 'NONE',  ( 0.000000000000000000, -8.672620682681688006E-17, 1.000000000000000000 ) ) ;
#7599 =( NAMED_UNIT ( * ) SI_UNIT ( $, .STERADIAN. ) SOLID_ANGLE_UNIT ( ) );
#7600 = FACE_OUTER_BOUND ( 'NONE', #9668, .T. ) ;
#7601 = STYLED_ITEM ( 'NONE', ( #2388 ), #3843 ) ;
#7602 = LINE ( 'NONE', #10141, #3649 ) ;
#7603 = UNCERTAINTY_MEASURE_WITH_UNIT (LENGTH_MEASURE( 1.000000000000000082E-05 ), #2603, 'distance_accuracy_value', 'NONE');
#7604 = ORIENTED_EDGE ( 'NONE', *, *, #10403, .T. ) ;
#7605 = DIRECTION ( 'NONE',  ( 0.000000000000000000, -0.5190546823227987216, -0.8547410349098599758 ) ) ;
#7606 =( NAMED_UNIT ( * ) SI_UNIT ( $, .STERADIAN. ) SOLID_ANGLE_UNIT ( ) );
#7607 = MECHANICAL_DESIGN_GEOMETRIC_PRESENTATION_REPRESENTATION (  '', ( #1494 ), #10570 ) ;
#7608 = ORIENTED_EDGE ( 'NONE', *, *, #10075, .F. ) ;
#7609 = STYLED_ITEM ( 'NONE', ( #9212 ), #4112 ) ;
#7610 = CARTESIAN_POINT ( 'NONE',  ( -1.424999999999999822, 2.106267956964054999, 0.09999999999999999167 ) ) ;
#7611 = EDGE_CURVE ( 'NONE', #10778, #5247, #7956, .T. ) ;
#7612 = CARTESIAN_POINT ( 'NONE',  ( -1.174999999999999822, 3.000000000000000000, -0.6000000000000000888 ) ) ;
#7613 = CARTESIAN_POINT ( 'NONE',  ( 0.7750000000000001332, -2.552580984647486062, -0.3682250350372594516 ) ) ;
#7614 = AXIS2_PLACEMENT_3D ( 'NONE', #1167, #7053, #7861 ) ;
#7615 = PLANE ( 'NONE',  #231 ) ;
#7616 =( LENGTH_UNIT ( ) NAMED_UNIT ( * ) SI_UNIT ( .MILLI., .METRE. ) );
#7617 = FILL_AREA_STYLE ('',( #6935 ) ) ;
#7618 =( GEOMETRIC_REPRESENTATION_CONTEXT ( 3 ) GLOBAL_UNCERTAINTY_ASSIGNED_CONTEXT ( ( #5387 ) ) GLOBAL_UNIT_ASSIGNED_CONTEXT ( ( #5252, #4338, #10327 ) ) REPRESENTATION_CONTEXT ( 'NONE', 'WORKASPACE' ) );
#7619 = LINE ( 'NONE', #1833, #10812 ) ;
#7620 = AXIS2_PLACEMENT_3D ( 'NONE', #4417, #7892, #357 ) ;
#7621 = VERTEX_POINT ( 'NONE', #8742 ) ;
#7622 = ADVANCED_FACE ( 'NONE', ( #7129 ), #6103, .T. ) ;
#7623 = ORIENTED_EDGE ( 'NONE', *, *, #3117, .F. ) ;
#7624 = ORIENTED_EDGE ( 'NONE', *, *, #10712, .F. ) ;
#7625 = DIRECTION ( 'NONE',  ( 0.000000000000000000, 1.000000000000000000, 0.000000000000000000 ) ) ;
#7626 = DIRECTION ( 'NONE',  ( 0.000000000000000000, 1.000000000000000000, 0.000000000000000000 ) ) ;
#7627 = VECTOR ( 'NONE', #4481, 1000.000000000000000 ) ;
#7628 = DIRECTION ( 'NONE',  ( -1.000000000000000000, -0.000000000000000000, -0.000000000000000000 ) ) ;
#7629 =( NAMED_UNIT ( * ) SI_UNIT ( $, .STERADIAN. ) SOLID_ANGLE_UNIT ( ) );
#7630 = CIRCLE ( 'NONE', #5019, 0.2000000000000000389 ) ;
#7631 = DIRECTION ( 'NONE',  ( 0.000000000000000000, 0.000000000000000000, -1.000000000000000000 ) ) ;
#7632 = MECHANICAL_DESIGN_GEOMETRIC_PRESENTATION_REPRESENTATION (  '', ( #1527 ), #5166 ) ;
#7633 = VECTOR ( 'NONE', #3290, 1000.000000000000000 ) ;
#7634 = DIRECTION ( 'NONE',  ( 0.000000000000000000, 0.9975640502598241977, -0.06975647374412544122 ) ) ;
#7635 = EDGE_LOOP ( 'NONE', ( #3436, #2898, #7504, #1893 ) ) ;
#7636 = STYLED_ITEM ( 'NONE', ( #5393 ), #7203 ) ;
#7637 = AXIS2_PLACEMENT_3D ( 'NONE', #2033, #2807, #1200 ) ;
#7638 = LINE ( 'NONE', #14, #4466 ) ;
#7639 = STYLED_ITEM ( 'NONE', ( #4977 ), #4869 ) ;
#7640 = CARTESIAN_POINT ( 'NONE',  ( 2.335172790808107024, -1.835172790808106802, 0.5499999999999999334 ) ) ;
#7641 = VECTOR ( 'NONE', #6243, 1000.000000000000000 ) ;
#7642 = ADVANCED_FACE ( 'NONE', ( #9501 ), #4052, .T. ) ;
#7643 = AXIS2_PLACEMENT_3D ( 'NONE', #3093, #5303, #1159 ) ;
#7644 = AXIS2_PLACEMENT_3D ( 'NONE', #8579, #334, #2129 ) ;
#7645 =( NAMED_UNIT ( * ) PLANE_ANGLE_UNIT ( ) SI_UNIT ( $, .RADIAN. ) );
#7646 = CARTESIAN_POINT ( 'NONE',  ( 0.5250000000000000222, -2.135474103490985875, -0.1480945317677201667 ) ) ;
#7647 = CARTESIAN_POINT ( 'NONE',  ( 1.425000000000000044, 2.049999999999999822, -0.1000000000000000056 ) ) ;
#7648 = SURFACE_STYLE_FILL_AREA ( #7704 ) ;
#7649 = ORIENTED_EDGE ( 'NONE', *, *, #4218, .F. ) ;
#7650 = MECHANICAL_DESIGN_GEOMETRIC_PRESENTATION_REPRESENTATION (  '', ( #4135 ), #2774 ) ;
#7651 = CARTESIAN_POINT ( 'NONE',  ( 0.5250000000000000222, 2.330000000000000071, -0.4684254559678819319 ) ) ;
#7652 = FILL_AREA_STYLE_COLOUR ( '', #5813 ) ;
#7653 = VECTOR ( 'NONE', #2890, 1000.000000000000114 ) ;
#7654 = ORIENTED_EDGE ( 'NONE', *, *, #7451, .F. ) ;
#7655 = COLOUR_RGB ( '',0.8039215686274510109, 0.8039215686274510109, 0.8039215686274510109 ) ;
#7656 = FACE_OUTER_BOUND ( 'NONE', #10706, .T. ) ;
#7657 = EDGE_CURVE ( 'NONE', #3143, #6971, #7461, .T. ) ;
#7658 = EDGE_LOOP ( 'NONE', ( #7566, #5481, #9738, #7202 ) ) ;
#7659 =( NAMED_UNIT ( * ) PLANE_ANGLE_UNIT ( ) SI_UNIT ( $, .RADIAN. ) );
#7660 = MECHANICAL_DESIGN_GEOMETRIC_PRESENTATION_REPRESENTATION (  '', ( #8014 ), #6422 ) ;
#7661 = DIRECTION ( 'NONE',  ( -0.000000000000000000, -0.000000000000000000, -1.000000000000000000 ) ) ;
#7662 = PRESENTATION_STYLE_ASSIGNMENT (( #8751 ) ) ;
#7663 = DIRECTION ( 'NONE',  ( 1.000000000000000000, 0.000000000000000000, 0.000000000000000000 ) ) ;
#7664 = SURFACE_STYLE_USAGE ( .BOTH. , #6766 ) ;
#7665 = VERTEX_POINT ( 'NONE', #7185 ) ;
#7666 = PRESENTATION_LAYER_ASSIGNMENT (  '', '', ( #2789 ) ) ;
#7667 = PLANE ( 'NONE',  #2708 ) ;
#7668 = SURFACE_STYLE_USAGE ( .BOTH. , #1782 ) ;
#7669 = EDGE_LOOP ( 'NONE', ( #9128, #6374, #10855, #2944 ) ) ;
#7670 = FILL_AREA_STYLE_COLOUR ( '', #8169 ) ;
#7671 =( NAMED_UNIT ( * ) SI_UNIT ( $, .STERADIAN. ) SOLID_ANGLE_UNIT ( ) );
#7672 = LINE ( 'NONE', #3498, #1937 ) ;
#7673 = PRESENTATION_LAYER_ASSIGNMENT (  '', '', ( #10138 ) ) ;
#7674 = DIRECTION ( 'NONE',  ( 0.000000000000000000, -1.000000000000000000, 0.000000000000000000 ) ) ;
#7675 = UNCERTAINTY_MEASURE_WITH_UNIT (LENGTH_MEASURE( 1.000000000000000082E-05 ), #3919, 'distance_accuracy_value', 'NONE');
#7676 = CARTESIAN_POINT ( 'NONE',  ( -0.1249999999999998890, 3.000000000000000000, -0.6000000000000000888 ) ) ;
#7677 = PRESENTATION_STYLE_ASSIGNMENT (( #832 ) ) ;
#7678 = DIRECTION ( 'NONE',  ( 0.000000000000000000, 0.5190546823227987216, -0.8547410349098599758 ) ) ;
#7679 = EDGE_CURVE ( 'NONE', #613, #7437, #9586, .T. ) ;
#7680 = SURFACE_STYLE_USAGE ( .BOTH. , #9438 ) ;
#7681 = PLANE ( 'NONE',  #6073 ) ;
#7682 = ORIENTED_EDGE ( 'NONE', *, *, #2119, .T. ) ;
#7683 = DIRECTION ( 'NONE',  ( 0.000000000000000000, 0.8547410349098605309, -0.5190546823227980555 ) ) ;
#7684 = VERTEX_POINT ( 'NONE', #7565 ) ;
#7685 = EDGE_LOOP ( 'NONE', ( #131, #3209 ) ) ;
#7686 = CYLINDRICAL_SURFACE ( 'NONE', #4055, 0.2000000000000000389 ) ;
#7687 = COLOUR_RGB ( '',0.8039215686274510109, 0.8039215686274510109, 0.8039215686274510109 ) ;
#7688 =( NAMED_UNIT ( * ) SI_UNIT ( $, .STERADIAN. ) SOLID_ANGLE_UNIT ( ) );
#7689 = CARTESIAN_POINT ( 'NONE',  ( 0.5250000000000000222, 2.106267956964054999, -0.09999999999999999167 ) ) ;
#7690 = ADVANCED_FACE ( 'NONE', ( #6618 ), #3245, .T. ) ;
#7691 = DIRECTION ( 'NONE',  ( 0.000000000000000000, 0.000000000000000000, -1.000000000000000000 ) ) ;
#7692 = AXIS2_PLACEMENT_3D ( 'NONE', #10198, #4166, #9379 ) ;
#7693 = VERTEX_POINT ( 'NONE', #1409 ) ;
#7694 = EDGE_CURVE ( 'NONE', #10770, #2678, #4714, .T. ) ;
#7695 = VERTEX_POINT ( 'NONE', #6562 ) ;
#7696 = AXIS2_PLACEMENT_3D ( 'NONE', #518, #9629, #2142 ) ;
#7697 =( BOUNDED_CURVE ( )  B_SPLINE_CURVE ( 3, ( #3806, #7977, #1372, #4675 ),
 .UNSPECIFIED., .F., .T. ) 
 B_SPLINE_CURVE_WITH_KNOTS ( ( 4, 4 ),
 ( 5.503250352303679982, 7.063120262055495147 ),
 .UNSPECIFIED. ) 
 CURVE ( )  GEOMETRIC_REPRESENTATION_ITEM ( )  RATIONAL_B_SPLINE_CURVE ( ( 1.000000000000000000, 0.8073061876036318196, 0.8073061876036318196, 1.000000000000000000 ) ) 
 REPRESENTATION_ITEM ( '' )  );
#7698 = EDGE_LOOP ( 'NONE', ( #4411, #2125, #9625, #547 ) ) ;
#7699 = ORIENTED_EDGE ( 'NONE', *, *, #7342, .F. ) ;
#7700 = DIRECTION ( 'NONE',  ( -1.000000000000000000, -0.000000000000000000, -0.000000000000000000 ) ) ;
#7701 = CARTESIAN_POINT ( 'NONE',  ( -2.375409738600888332, 1.949998880753508690, -0.1000106489190372011 ) ) ;
#7702 = CLOSED_SHELL ( 'NONE', ( #3843, #10196, #4281, #9197, #2412, #6109, #1977, #8270, #973, #3856, #8160, #5310, #511, #2906 ) ) ;
#7703 = DIRECTION ( 'NONE',  ( 0.000000000000000000, 0.5190546823227987216, -0.8547410349098599758 ) ) ;
#7704 = FILL_AREA_STYLE ('',( #3520 ) ) ;
#7705 = VERTEX_POINT ( 'NONE', #2449 ) ;
#7706 = CARTESIAN_POINT ( 'NONE',  ( -2.335172790808107912, 1.909761932960728270, 0.4828396347450739645 ) ) ;
#7707 = ORIENTED_EDGE ( 'NONE', *, *, #8688, .F. ) ;
#7708 = CARTESIAN_POINT ( 'NONE',  ( 2.449999626916907314, 1.875273160256225369, 0.1000035496485076614 ) ) ;
#7709 = DIRECTION ( 'NONE',  ( 0.000000000000000000, -0.9975640502598241977, 0.06975647374412538571 ) ) ;
#7710 = UNCERTAINTY_MEASURE_WITH_UNIT (LENGTH_MEASURE( 1.000000000000000082E-05 ), #7416, 'distance_accuracy_value', 'NONE');
#7711 = CARTESIAN_POINT ( 'NONE',  ( -2.074999999999999734, 2.500948206981972177, -0.3646145195033222430 ) ) ;
#7712 = VERTEX_POINT ( 'NONE', #5760 ) ;
#7713 = FACE_OUTER_BOUND ( 'NONE', #5092, .T. ) ;
#7714 = ADVANCED_FACE ( 'NONE', ( #9118 ), #1615, .F. ) ;
#7715 = FACE_OUTER_BOUND ( 'NONE', #4646, .T. ) ;
#7716 = FACE_OUTER_BOUND ( 'NONE', #5954, .T. ) ;
#7717 = ORIENTED_EDGE ( 'NONE', *, *, #9777, .T. ) ;
#7718 = SURFACE_SIDE_STYLE ('',( #8552 ) ) ;
#7719 = EDGE_CURVE ( 'NONE', #1511, #8801, #7619, .T. ) ;
#7720 = SURFACE_STYLE_FILL_AREA ( #10088 ) ;
#7721 = EDGE_LOOP ( 'NONE', ( #9601, #10709, #2193, #6264, #10379, #4882 ) ) ;
#7722 = LINE ( 'NONE', #2656, #1683 ) ;
#7723 = FILL_AREA_STYLE_COLOUR ( '', #7687 ) ;
#7724 = COLOUR_RGB ( '',0.8039215686274510109, 0.8039215686274510109, 0.8039215686274510109 ) ;
#7725 = PRESENTATION_STYLE_ASSIGNMENT (( #8498 ) ) ;
#7726 = EDGE_CURVE ( 'NONE', #8801, #3394, #647, .T. ) ;
#7727 = CARTESIAN_POINT ( 'NONE',  ( 2.335172790808107024, 1.835172790808107690, -0.4749999999999999223 ) ) ;
#7728 = DIRECTION ( 'NONE',  ( 1.000000000000000000, 0.000000000000000000, 0.000000000000000000 ) ) ;
#7729 = AXIS2_PLACEMENT_3D ( 'NONE', #2631, #9244, #8418 ) ;
#7730 = VERTEX_POINT ( 'NONE', #8657 ) ;
#7731 = FILL_AREA_STYLE ('',( #9329 ) ) ;
#7732 = ORIENTED_EDGE ( 'NONE', *, *, #3282, .T. ) ;
#7733 = CIRCLE ( 'NONE', #6999, 0.2000000000000000389 ) ;
#7734 = SURFACE_STYLE_FILL_AREA ( #5248 ) ;
#7735 =( NAMED_UNIT ( * ) PLANE_ANGLE_UNIT ( ) SI_UNIT ( $, .RADIAN. ) );
#7736 = FILL_AREA_STYLE_COLOUR ( '', #7825 ) ;
#7737 = PLANE ( 'NONE',  #10613 ) ;
#7738 = SURFACE_STYLE_FILL_AREA ( #6514 ) ;
#7739 = STYLED_ITEM ( 'NONE', ( #5457 ), #10233 ) ;
#7740 = FACE_OUTER_BOUND ( 'NONE', #1825, .T. ) ;
#7741 = EDGE_LOOP ( 'NONE', ( #2290, #1690, #841, #9133 ) ) ;
#7742 = FACE_OUTER_BOUND ( 'NONE', #372, .T. ) ;
#7743 = ORIENTED_EDGE ( 'NONE', *, *, #1354, .T. ) ;
#7744 = EDGE_CURVE ( 'NONE', #2716, #3904, #6937, .T. ) ;
#7745 = VECTOR ( 'NONE', #9475, 1000.000000000000000 ) ;
#7746 = ADVANCED_FACE ( 'NONE', ( #99 ), #7681, .F. ) ;
#7747 = FILL_AREA_STYLE ('',( #6035 ) ) ;
#7748 = PLANE ( 'NONE',  #4150 ) ;
#7749 = CARTESIAN_POINT ( 'NONE',  ( 0.5250000000000000222, 2.277216163946027105, 0.003810936464559766534 ) ) ;
#7750 = LINE ( 'NONE', #6954, #4211 ) ;
#7751 = VERTEX_POINT ( 'NONE', #5198 ) ;
#7752 = DIRECTION ( 'NONE',  ( 1.000000000000000000, 0.000000000000000000, 0.000000000000000000 ) ) ;
#7753 =( NAMED_UNIT ( * ) SI_UNIT ( $, .STERADIAN. ) SOLID_ANGLE_UNIT ( ) );
#7754 = COLOUR_RGB ( '',0.8039215686274510109, 0.8039215686274510109, 0.8039215686274510109 ) ;
#7755 = VERTEX_POINT ( 'NONE', #927 ) ;
#7756 = SURFACE_STYLE_USAGE ( .BOTH. , #10393 ) ;
#7757 = EDGE_CURVE ( 'NONE', #3832, #9015, #4322, .T. ) ;
#7758 = CARTESIAN_POINT ( 'NONE',  ( 0.5250000000000000222, -2.486996912233147228, -0.5641273295552871048 ) ) ;
#7759 = PRESENTATION_STYLE_ASSIGNMENT (( #3578 ) ) ;
#7760 =( GEOMETRIC_REPRESENTATION_CONTEXT ( 3 ) GLOBAL_UNCERTAINTY_ASSIGNED_CONTEXT ( ( #5133 ) ) GLOBAL_UNIT_ASSIGNED_CONTEXT ( ( #1880, #5958, #7671 ) ) REPRESENTATION_CONTEXT ( 'NONE', 'WORKASPACE' ) );
#7761 = VECTOR ( 'NONE', #4835, 1000.000000000000000 ) ;
#7762 = EDGE_LOOP ( 'NONE', ( #3634, #6446, #2836, #2302 ) ) ;
#7763 = PRESENTATION_STYLE_ASSIGNMENT (( #6114 ) ) ;
#7764 = PLANE ( 'NONE',  #1570 ) ;
#7765 = SURFACE_STYLE_USAGE ( .BOTH. , #2029 ) ;
#7766 = VECTOR ( 'NONE', #3677, 1000.000000000000000 ) ;
#7767 = FILL_AREA_STYLE ('',( #136 ) ) ;
#7768 = CARTESIAN_POINT ( 'NONE',  ( 1.175000000000000044, -2.106267956964054999, 0.09999999999999999167 ) ) ;
#7769 = VERTEX_POINT ( 'NONE', #5967 ) ;
#7770 = DIRECTION ( 'NONE',  ( 0.000000000000000000, -0.8547410349098605309, -0.5190546823227980555 ) ) ;
#7771 = DIRECTION ( 'NONE',  ( 0.000000000000000000, 0.5190546823227987216, -0.8547410349098599758 ) ) ;
#7772 =( LENGTH_UNIT ( ) NAMED_UNIT ( * ) SI_UNIT ( .MILLI., .METRE. ) );
#7773 = PRESENTATION_LAYER_ASSIGNMENT (  '', '', ( #7601 ) ) ;
#7774 = ORIENTED_EDGE ( 'NONE', *, *, #1618, .T. ) ;
#7775 = SURFACE_STYLE_USAGE ( .BOTH. , #1307 ) ;
#7776 = SURFACE_STYLE_FILL_AREA ( #143 ) ;
#7777 =( LENGTH_UNIT ( ) NAMED_UNIT ( * ) SI_UNIT ( .MILLI., .METRE. ) );
#7778 = COLOUR_RGB ( '',0.8039215686274510109, 0.8039215686274510109, 0.8039215686274510109 ) ;
#7779 = EDGE_CURVE ( 'NONE', #2675, #8743, #149, .T. ) ;
#7780 = AXIS2_PLACEMENT_3D ( 'NONE', #6809, #4399, #5067 ) ;
#7781 = UNCERTAINTY_MEASURE_WITH_UNIT (LENGTH_MEASURE( 1.000000000000000082E-05 ), #8741, 'distance_accuracy_value', 'NONE');
#7782 = EDGE_CURVE ( 'NONE', #1688, #1410, #10120, .T. ) ;
#7783 = CARTESIAN_POINT ( 'NONE',  ( 1.425000000000000044, 2.277216163946027105, 0.003810936464559820311 ) ) ;
#7784 = DIRECTION ( 'NONE',  ( -0.1039620511844979167, -0.1039620511844979583, 0.9891328443778538704 ) ) ;
#7785 =( NAMED_UNIT ( * ) PLANE_ANGLE_UNIT ( ) SI_UNIT ( $, .RADIAN. ) );
#7786 = ORIENTED_EDGE ( 'NONE', *, *, #2809, .F. ) ;
#7787 = DIRECTION ( 'NONE',  ( 0.000000000000000000, -0.5190546823227987216, -0.8547410349098599758 ) ) ;
#7788 = VERTEX_POINT ( 'NONE', #7037 ) ;
#7789 = ADVANCED_FACE ( 'NONE', ( #6277 ), #9534, .F. ) ;
#7790 = PRESENTATION_LAYER_ASSIGNMENT (  '', '', ( #1684 ) ) ;
#7791 = VECTOR ( 'NONE', #474, 1000.000000000000000 ) ;
#7792 = LINE ( 'NONE', #2868, #8967 ) ;
#7793 =( NAMED_UNIT ( * ) PLANE_ANGLE_UNIT ( ) SI_UNIT ( $, .RADIAN. ) );
#7794 = SURFACE_SIDE_STYLE ('',( #422 ) ) ;
#7795 = COLOUR_RGB ( '',0.8039215686274510109, 0.8039215686274510109, 0.8039215686274510109 ) ;
#7796 = CARTESIAN_POINT ( 'NONE',  ( -1.174999999999999822, 3.000000000000000000, -0.6000000000000000888 ) ) ;
#7797 = DIRECTION ( 'NONE',  ( 1.000000000000000000, -0.000000000000000000, 0.000000000000000000 ) ) ;
#7798 = DIRECTION ( 'NONE',  ( 0.000000000000000000, 0.000000000000000000, -1.000000000000000000 ) ) ;
#7799 = CARTESIAN_POINT ( 'NONE',  ( -2.409761932960727826, -1.835172790808106580, -0.4828396347450739090 ) ) ;
#7800 = ORIENTED_EDGE ( 'NONE', *, *, #7757, .T. ) ;
#7801 = LINE ( 'NONE', #272, #7952 ) ;
#7802 = ORIENTED_EDGE ( 'NONE', *, *, #1866, .F. ) ;
#7803 = CARTESIAN_POINT ( 'NONE',  ( -2.000000000000000000, -1.324999999999999512, -0.4499999999999999556 ) ) ;
#7804 = DIRECTION ( 'NONE',  ( 0.000000000000000000, 1.000000000000000000, 0.000000000000000000 ) ) ;
#7805 = VECTOR ( 'NONE', #4897, 1000.000000000000000 ) ;
#7806 = VERTEX_POINT ( 'NONE', #3759 ) ;
#7807 = PRESENTATION_STYLE_ASSIGNMENT (( #9261 ) ) ;
#7808 = STYLED_ITEM ( 'NONE', ( #2414 ), #7350 ) ;
#7809 =( NAMED_UNIT ( * ) PLANE_ANGLE_UNIT ( ) SI_UNIT ( $, .RADIAN. ) );
#7810 = EDGE_CURVE ( 'NONE', #1021, #100, #9599, .T. ) ;
#7811 = SURFACE_SIDE_STYLE ('',( #220 ) ) ;
#7812 = LINE ( 'NONE', #7911, #3600 ) ;
#7813 = ORIENTED_EDGE ( 'NONE', *, *, #6798, .F. ) ;
#7814 = FACE_OUTER_BOUND ( 'NONE', #9876, .T. ) ;
#7815 = EDGE_LOOP ( 'NONE', ( #4799, #2138, #944, #3977 ) ) ;
#7816 = MECHANICAL_DESIGN_GEOMETRIC_PRESENTATION_REPRESENTATION (  '', ( #7639 ), #2761 ) ;
#7817 = ADVANCED_FACE ( 'NONE', ( #7103 ), #3820, .T. ) ;
#7818 = DIRECTION ( 'NONE',  ( 1.000000000000000000, -0.000000000000000000, 0.000000000000000000 ) ) ;
#7819 = COLOUR_RGB ( '',0.8039215686274510109, 0.8039215686274510109, 0.8039215686274510109 ) ;
#7820 = PRESENTATION_LAYER_ASSIGNMENT (  '', '', ( #5167 ) ) ;
#7821 = CARTESIAN_POINT ( 'NONE',  ( 1.175000000000000044, 2.049999999999999822, -0.1000000000000000056 ) ) ;
#7822 = AXIS2_PLACEMENT_3D ( 'NONE', #8288, #6559, #773 ) ;
#7823 = DIRECTION ( 'NONE',  ( 0.000000000000000000, -0.8547410349098599758, 0.5190546823227987216 ) ) ;
#7824 = AXIS2_PLACEMENT_3D ( 'NONE', #5830, #9351, #4133 ) ;
#7825 = COLOUR_RGB ( '',0.8039215686274510109, 0.8039215686274510109, 0.8039215686274510109 ) ;
#7826 = UNCERTAINTY_MEASURE_WITH_UNIT (LENGTH_MEASURE( 1.000000000000000082E-05 ), #5462, 'distance_accuracy_value', 'NONE');
#7827 = ORIENTED_EDGE ( 'NONE', *, *, #4229, .F. ) ;
#7828 = UNCERTAINTY_MEASURE_WITH_UNIT (LENGTH_MEASURE( 1.000000000000000082E-05 ), #7959, 'distance_accuracy_value', 'NONE');
#7829 = DIRECTION ( 'NONE',  ( 0.000000000000000000, -1.000000000000000000, 0.000000000000000000 ) ) ;
#7830 = COLOUR_RGB ( '',0.8039215686274510109, 0.8039215686274510109, 0.8039215686274510109 ) ;
#7831 = EDGE_CURVE ( 'NONE', #4600, #10161, #2916, .T. ) ;
#7832 = MECHANICAL_DESIGN_GEOMETRIC_PRESENTATION_REPRESENTATION (  '', ( #4306 ), #3774 ) ;
#7833 = MECHANICAL_DESIGN_GEOMETRIC_PRESENTATION_REPRESENTATION (  '', ( #2959 ), #305 ) ;
#7834 = FACE_OUTER_BOUND ( 'NONE', #2728, .T. ) ;
#7835 = ORIENTED_EDGE ( 'NONE', *, *, #8058, .F. ) ;
#7836 = MECHANICAL_DESIGN_GEOMETRIC_PRESENTATION_REPRESENTATION (  '', ( #1904 ), #6406 ) ;
#7837 = MECHANICAL_DESIGN_GEOMETRIC_PRESENTATION_REPRESENTATION (  '', ( #2941 ), #5727 ) ;
#7838 = DIRECTION ( 'NONE',  ( 1.000000000000000000, 0.000000000000000000, 0.000000000000000000 ) ) ;
#7839 = ADVANCED_FACE ( 'NONE', ( #4535 ), #360, .T. ) ;
#7840 = DIRECTION ( 'NONE',  ( -1.000000000000000000, -0.000000000000000000, 0.000000000000000000 ) ) ;
#7841 = VECTOR ( 'NONE', #7423, 1000.000000000000114 ) ;
#7842 = PLANE ( 'NONE',  #5460 ) ;
#7843 = AXIS2_PLACEMENT_3D ( 'NONE', #8747, #5227, #10346 ) ;
#7844 = PLANE ( 'NONE',  #6613 ) ;
#7845 = COLOUR_RGB ( '',0.8039215686274510109, 0.8039215686274510109, 0.8039215686274510109 ) ;
#7846 = SURFACE_STYLE_FILL_AREA ( #6123 ) ;
#7847 = DIRECTION ( 'NONE',  ( 0.000000000000000000, 0.000000000000000000, -1.000000000000000000 ) ) ;
#7848 =( LENGTH_UNIT ( ) NAMED_UNIT ( * ) SI_UNIT ( .MILLI., .METRE. ) );
#7849 = LINE ( 'NONE', #10417, #7627 ) ;
#7850 = LINE ( 'NONE', #6323, #6690 ) ;
#7851 =( LENGTH_UNIT ( ) NAMED_UNIT ( * ) SI_UNIT ( .MILLI., .METRE. ) );
#7852 = ORIENTED_EDGE ( 'NONE', *, *, #5692, .T. ) ;
#7853 = ORIENTED_EDGE ( 'NONE', *, *, #605, .T. ) ;
#7854 =( LENGTH_UNIT ( ) NAMED_UNIT ( * ) SI_UNIT ( .MILLI., .METRE. ) );
#7855 = CIRCLE ( 'NONE', #2629, 0.2000000000000000389 ) ;
#7856 = FILL_AREA_STYLE ('',( #2222 ) ) ;
#7857 = DIRECTION ( 'NONE',  ( 0.000000000000000000, 0.000000000000000000, -1.000000000000000000 ) ) ;
#7858 = EDGE_CURVE ( 'NONE', #8767, #3016, #1317, .T. ) ;
#7859 = LINE ( 'NONE', #6888, #4449 ) ;
#7860 = ORIENTED_EDGE ( 'NONE', *, *, #8419, .F. ) ;
#7861 = DIRECTION ( 'NONE',  ( 0.000000000000000000, -0.5190546823227979445, 0.8547410349098604199 ) ) ;
#7862 = EDGE_CURVE ( 'NONE', #9484, #7311, #10296, .T. ) ;
#7863 = SURFACE_SIDE_STYLE ('',( #3669 ) ) ;
#7864 = CARTESIAN_POINT ( 'NONE',  ( -2.074999999999999734, 2.330000000000000071, -0.4684254559678819319 ) ) ;
#7865 =( LENGTH_UNIT ( ) NAMED_UNIT ( * ) SI_UNIT ( .MILLI., .METRE. ) );
#7866 = VERTEX_POINT ( 'NONE', #10419 ) ;
#7867 = VECTOR ( 'NONE', #5402, 1000.000000000000227 ) ;
#7868 = LINE ( 'NONE', #1916, #5288 ) ;
#7869 = PRESENTATION_STYLE_ASSIGNMENT (( #6142 ) ) ;
#7870 = ORIENTED_EDGE ( 'NONE', *, *, #2109, .T. ) ;
#7871 = DIRECTION ( 'NONE',  ( -0.000000000000000000, -0.000000000000000000, 1.000000000000000000 ) ) ;
#7872 =( LENGTH_UNIT ( ) NAMED_UNIT ( * ) SI_UNIT ( .MILLI., .METRE. ) );
#7873 = VERTEX_POINT ( 'NONE', #6227 ) ;
#7874 = CARTESIAN_POINT ( 'NONE',  ( 2.449998880753506914, 1.875409738600887888, -0.1000106489190370346 ) ) ;
#7875 =( LENGTH_UNIT ( ) NAMED_UNIT ( * ) SI_UNIT ( .MILLI., .METRE. ) );
#7876 = CARTESIAN_POINT ( 'NONE',  ( -2.074999999999999734, 2.552580984647486062, -0.3682250350372594516 ) ) ;
#7877 = ORIENTED_EDGE ( 'NONE', *, *, #7082, .T. ) ;
#7878 =( LENGTH_UNIT ( ) NAMED_UNIT ( * ) SI_UNIT ( .MILLI., .METRE. ) );
#7879 =( NAMED_UNIT ( * ) PLANE_ANGLE_UNIT ( ) SI_UNIT ( $, .RADIAN. ) );
#7880 =( NAMED_UNIT ( * ) SI_UNIT ( $, .STERADIAN. ) SOLID_ANGLE_UNIT ( ) );
#7881 = ORIENTED_EDGE ( 'NONE', *, *, #7889, .T. ) ;
#7882 =( NAMED_UNIT ( * ) PLANE_ANGLE_UNIT ( ) SI_UNIT ( $, .RADIAN. ) );
#7883 = DIRECTION ( 'NONE',  ( 0.000000000000000000, 0.000000000000000000, -1.000000000000000000 ) ) ;
#7884 = CARTESIAN_POINT ( 'NONE',  ( 1.824999999999999956, 2.049999999999999822, -0.1000000000000000056 ) ) ;
#7885 = CARTESIAN_POINT ( 'NONE',  ( -2.074999999999999734, 2.277216163946027105, 0.003810936464559820311 ) ) ;
#7886 = EDGE_CURVE ( 'NONE', #7354, #10354, #8055, .T. ) ;
#7887 = CARTESIAN_POINT ( 'NONE',  ( -1.424999999999999822, -1.949999999999999512, 0.1000000000000000056 ) ) ;
#7888 = UNCERTAINTY_MEASURE_WITH_UNIT (LENGTH_MEASURE( 1.000000000000000082E-05 ), #8511, 'distance_accuracy_value', 'NONE');
#7889 = EDGE_CURVE ( 'NONE', #794, #2018, #8375, .T. ) ;
#7890 = CARTESIAN_POINT ( 'NONE',  ( 2.075000000000000178, -2.330000000000000071, -0.4684254559678819319 ) ) ;
#7891 = DIRECTION ( 'NONE',  ( 0.000000000000000000, 0.000000000000000000, -1.000000000000000000 ) ) ;
#7892 = DIRECTION ( 'NONE',  ( -0.000000000000000000, 1.000000000000000000, 0.000000000000000000 ) ) ;
#7893 = SURFACE_SIDE_STYLE ('',( #8655 ) ) ;
#7894 =( NAMED_UNIT ( * ) PLANE_ANGLE_UNIT ( ) SI_UNIT ( $, .RADIAN. ) );
#7895 = VERTEX_POINT ( 'NONE', #10238 ) ;
#7896 = VECTOR ( 'NONE', #1964, 1000.000000000000000 ) ;
#7897 = CARTESIAN_POINT ( 'NONE',  ( 2.375273160256224259, -1.949999626916907980, 0.1000035496485075920 ) ) ;
#7898 = DIRECTION ( 'NONE',  ( 1.000000000000000000, 0.000000000000000000, 0.000000000000000000 ) ) ;
#7899 =( LENGTH_UNIT ( ) NAMED_UNIT ( * ) SI_UNIT ( .MILLI., .METRE. ) );
#7900 = SURFACE_STYLE_USAGE ( .BOTH. , #8898 ) ;
#7901 = EDGE_LOOP ( 'NONE', ( #5805, #2902, #1031, #2487 ) ) ;
#7902 = STYLED_ITEM ( 'NONE', ( #8082 ), #9650 ) ;
#7903 = VERTEX_POINT ( 'NONE', #5325 ) ;
#7904 = DIRECTION ( 'NONE',  ( 1.000000000000000000, 0.000000000000000000, -0.000000000000000000 ) ) ;
#7905 =( LENGTH_UNIT ( ) NAMED_UNIT ( * ) SI_UNIT ( .MILLI., .METRE. ) );
#7906 = VERTEX_POINT ( 'NONE', #8699 ) ;
#7907 = EDGE_CURVE ( 'NONE', #9733, #9355, #9237, .T. ) ;
#7908 = CARTESIAN_POINT ( 'NONE',  ( -1.424999999999999822, -2.500948206981972177, -0.3646145195033222430 ) ) ;
#7909 = EDGE_CURVE ( 'NONE', #9279, #6459, #6054, .T. ) ;
#7910 = SURFACE_STYLE_FILL_AREA ( #553 ) ;
#7911 = CARTESIAN_POINT ( 'NONE',  ( -2.402703094130445027, -1.909761932960727382, 0.4828396347450739645 ) ) ;
#7912 = ORIENTED_EDGE ( 'NONE', *, *, #869, .F. ) ;
#7913 = DIRECTION ( 'NONE',  ( 1.000000000000000000, 0.000000000000000000, 0.000000000000000000 ) ) ;
#7914 = ORIENTED_EDGE ( 'NONE', *, *, #4545, .F. ) ;
#7915 = AXIS2_PLACEMENT_3D ( 'NONE', #1642, #8385, #4192 ) ;
#7916 = ADVANCED_FACE ( 'NONE', ( #177 ), #1927, .T. ) ;
#7917 = PLANE ( 'NONE',  #2384 ) ;
#7918 = UNCERTAINTY_MEASURE_WITH_UNIT (LENGTH_MEASURE( 1.000000000000000082E-05 ), #1326, 'distance_accuracy_value', 'NONE');
#7919 = ORIENTED_EDGE ( 'NONE', *, *, #7810, .F. ) ;
#7920 = PRESENTATION_STYLE_ASSIGNMENT (( #5328 ) ) ;
#7921 = LINE ( 'NONE', #2140, #10792 ) ;
#7922 = ORIENTED_EDGE ( 'NONE', *, *, #10528, .T. ) ;
#7923 = PRESENTATION_STYLE_ASSIGNMENT (( #5334 ) ) ;
#7924 = CARTESIAN_POINT ( 'NONE',  ( -1.424999999999999822, 3.000000000000000000, -0.3995116203837655866 ) ) ;
#7925 = AXIS2_PLACEMENT_3D ( 'NONE', #671, #84, #3335 ) ;
#7926 =( NAMED_UNIT ( * ) SI_UNIT ( $, .STERADIAN. ) SOLID_ANGLE_UNIT ( ) );
#7927 = PLANE ( 'NONE',  #5009 ) ;
#7928 = VECTOR ( 'NONE', #7494, 1000.000000000000000 ) ;
#7929 = FACE_OUTER_BOUND ( 'NONE', #5778, .T. ) ;
#7930 =( NAMED_UNIT ( * ) SI_UNIT ( $, .STERADIAN. ) SOLID_ANGLE_UNIT ( ) );
#7931 = CARTESIAN_POINT ( 'NONE',  ( 2.335172790808107024, 1.835172790808107468, -0.4749999999999998668 ) ) ;
#7932 = CARTESIAN_POINT ( 'NONE',  ( 0.1250000000000001110, 3.000000000000000000, -0.6000000000000000888 ) ) ;
#7933 = LINE ( 'NONE', #413, #2748 ) ;
#7934 = CARTESIAN_POINT ( 'NONE',  ( -1.174999999999999822, 2.500948206981972177, -0.3646145195033222430 ) ) ;
#7935 = EDGE_CURVE ( 'NONE', #6030, #3440, #2025, .T. ) ;
#7936 = COLOUR_RGB ( '',0.8039215686274510109, 0.8039215686274510109, 0.8039215686274510109 ) ;
#7937 = CARTESIAN_POINT ( 'NONE',  ( -2.074999999999999734, -2.277216163946027105, 0.003810936464559820311 ) ) ;
#7938 = EDGE_LOOP ( 'NONE', ( #6528, #3044 ) ) ;
#7939 = STYLED_ITEM ( 'NONE', ( #10548 ), #3183 ) ;
#7940 = CARTESIAN_POINT ( 'NONE',  ( -2.074999999999999734, -3.000000000000000000, -0.3995116203837655866 ) ) ;
#7941 = SURFACE_STYLE_USAGE ( .BOTH. , #420 ) ;
#7942 = VECTOR ( 'NONE', #7898, 1000.000000000000000 ) ;
#7943 = PLANE ( 'NONE',  #10416 ) ;
#7944 = CARTESIAN_POINT ( 'NONE',  ( -1.174999999999999822, -2.474082528530912928, -0.3203740982435569484 ) ) ;
#7945 = PRESENTATION_STYLE_ASSIGNMENT (( #7167 ) ) ;
#7946 = DIRECTION ( 'NONE',  ( 0.000000000000000000, 0.000000000000000000, -1.000000000000000000 ) ) ;
#7947 = ADVANCED_FACE ( 'NONE', ( #293 ), #8483, .T. ) ;
#7948 = DIRECTION ( 'NONE',  ( 0.000000000000000000, 0.000000000000000000, -1.000000000000000000 ) ) ;
#7949 = ORIENTED_EDGE ( 'NONE', *, *, #2715, .T. ) ;
#7950 = SURFACE_STYLE_FILL_AREA ( #10431 ) ;
#7951 =( NAMED_UNIT ( * ) SI_UNIT ( $, .STERADIAN. ) SOLID_ANGLE_UNIT ( ) );
#7952 = VECTOR ( 'NONE', #8386, 1000.000000000000114 ) ;
#7953 = DIRECTION ( 'NONE',  ( 0.000000000000000000, 0.000000000000000000, -1.000000000000000000 ) ) ;
#7954 = VERTEX_POINT ( 'NONE', #2847 ) ;
#7955 = CARTESIAN_POINT ( 'NONE',  ( -1.424999999999999822, 2.049999999999999822, -0.2000000000000000111 ) ) ;
#7956 = LINE ( 'NONE', #1234, #5714 ) ;
#7957 = ORIENTED_EDGE ( 'NONE', *, *, #4388, .T. ) ;
#7958 = CIRCLE ( 'NONE', #3249, 0.2000000000000000389 ) ;
#7959 =( LENGTH_UNIT ( ) NAMED_UNIT ( * ) SI_UNIT ( .MILLI., .METRE. ) );
#7960 = ORIENTED_EDGE ( 'NONE', *, *, #7719, .T. ) ;
#7961 = MECHANICAL_DESIGN_GEOMETRIC_PRESENTATION_REPRESENTATION (  '', ( #3250 ), #1146 ) ;
#7962 = LINE ( 'NONE', #8206, #3765 ) ;
#7963 = EDGE_CURVE ( 'NONE', #10407, #9459, #3580, .T. ) ;
#7964 = DIRECTION ( 'NONE',  ( 1.000000000000000000, 0.000000000000000000, 0.000000000000000000 ) ) ;
#7965 = STYLED_ITEM ( 'NONE', ( #9909 ), #8509 ) ;
#7966 = AXIS2_PLACEMENT_3D ( 'NONE', #4533, #2976, #7033 ) ;
#7967 = DIRECTION ( 'NONE',  ( 0.000000000000000000, 0.000000000000000000, -1.000000000000000000 ) ) ;
#7968 = ORIENTED_EDGE ( 'NONE', *, *, #3959, .F. ) ;
#7969 = STYLED_ITEM ( 'NONE', ( #3164 ), #5206 ) ;
#7970 = PRESENTATION_STYLE_ASSIGNMENT (( #4357 ) ) ;
#7971 = EDGE_CURVE ( 'NONE', #6947, #1303, #8574, .T. ) ;
#7972 = CIRCLE ( 'NONE', #9391, 0.1000000000000000194 ) ;
#7973 = LINE ( 'NONE', #7020, #9921 ) ;
#7974 = ORIENTED_EDGE ( 'NONE', *, *, #1810, .F. ) ;
#7975 = AXIS2_PLACEMENT_3D ( 'NONE', #7246, #4773, #5661 ) ;
#7976 = SURFACE_STYLE_FILL_AREA ( #8974 ) ;
#7978 = SURFACE_STYLE_USAGE ( .BOTH. , #5439 ) ;
#7977 = CARTESIAN_POINT ( 'NONE',  ( 2.449760935694444974, 1.918963392251840983, 0.1022745449310353827 ) ) ;
#7979 = STYLED_ITEM ( 'NONE', ( #2107 ), #8270 ) ;
#7980 = AXIS2_PLACEMENT_3D ( 'NONE', #5277, #5437, #8806 ) ;
#7981 = ORIENTED_EDGE ( 'NONE', *, *, #6890, .T. ) ;
#7982 = AXIS2_PLACEMENT_3D ( 'NONE', #7689, #2671, #5049 ) ;
#7983 = EDGE_CURVE ( 'NONE', #3291, #4880, #863, .T. ) ;
#7984 = CARTESIAN_POINT ( 'NONE',  ( -2.074999999999999734, -3.000000000000000000, -0.3995116203837655866 ) ) ;
#7985 = CYLINDRICAL_SURFACE ( 'NONE', #3567, 0.1000000000000000194 ) ;
#7986 = MECHANICAL_DESIGN_GEOMETRIC_PRESENTATION_REPRESENTATION (  '', ( #10797 ), #9925 ) ;
#7987 = SURFACE_STYLE_FILL_AREA ( #7206 ) ;
#7988 = VECTOR ( 'NONE', #4315, 1000.000000000000000 ) ;
#7989 = LINE ( 'NONE', #3596, #8125 ) ;
#7990 = PRESENTATION_LAYER_ASSIGNMENT (  '', '', ( #5893 ) ) ;
#7991 = UNCERTAINTY_MEASURE_WITH_UNIT (LENGTH_MEASURE( 1.000000000000000082E-05 ), #7250, 'distance_accuracy_value', 'NONE');
#7992 = AXIS2_PLACEMENT_3D ( 'NONE', #4702, #10590, #1219 ) ;
#7993 = VECTOR ( 'NONE', #3906, 1000.000000000000000 ) ;
#7994 = DIRECTION ( 'NONE',  ( 0.000000000000000000, 0.000000000000000000, 1.000000000000000000 ) ) ;
#7995 = FACE_OUTER_BOUND ( 'NONE', #8785, .T. ) ;
#7996 = DIRECTION ( 'NONE',  ( 0.000000000000000000, -0.5190546823227979445, 0.8547410349098604199 ) ) ;
#7997 = ORIENTED_EDGE ( 'NONE', *, *, #10674, .T. ) ;
#7998 = ADVANCED_FACE ( 'NONE', ( #7742 ), #9907, .T. ) ;
#7999 = CARTESIAN_POINT ( 'NONE',  ( -0.5249999999999999112, 2.106267956964054999, -0.09999999999999999167 ) ) ;
#8000 = DIRECTION ( 'NONE',  ( 0.000000000000000000, -0.9975640502598241977, 0.06975647374412535795 ) ) ;
#8001 = CARTESIAN_POINT ( 'NONE',  ( 0.5250000000000000222, 2.277216163946027105, 0.003810936464559820311 ) ) ;
#8002 = AXIS2_PLACEMENT_3D ( 'NONE', #2269, #2318, #4906 ) ;
#8003 = ORIENTED_EDGE ( 'NONE', *, *, #6557, .T. ) ;
#8004 = MECHANICAL_DESIGN_GEOMETRIC_PRESENTATION_REPRESENTATION (  '', ( #7965 ), #6231 ) ;
#8005 = VECTOR ( 'NONE', #648, 1000.000000000000000 ) ;
#8006 = PLANE ( 'NONE',  #8928 ) ;
#8007 =( LENGTH_UNIT ( ) NAMED_UNIT ( * ) SI_UNIT ( .MILLI., .METRE. ) );
#8008 = CARTESIAN_POINT ( 'NONE',  ( -1.174999999999999822, -2.552580984647486062, -0.3682250350372594516 ) ) ;
#8009 = EDGE_CURVE ( 'NONE', #30, #1577, #7801, .T. ) ;
#8010 = CARTESIAN_POINT ( 'NONE',  ( 1.824999999999999956, 1.949999999999999512, -0.1000000000000000056 ) ) ;
#8011 = UNCERTAINTY_MEASURE_WITH_UNIT (LENGTH_MEASURE( 1.000000000000000082E-05 ), #9910, 'distance_accuracy_value', 'NONE');
#8012 = CYLINDRICAL_SURFACE ( 'NONE', #6398, 0.07499999999999998335 ) ;
#8013 = LINE ( 'NONE', #8664, #4303 ) ;
#8014 = STYLED_ITEM ( 'NONE', ( #8516 ), #6525 ) ;
#8015 = APPLICATION_CONTEXT ( 'automotive_design' ) ;
#8016 = FACE_OUTER_BOUND ( 'NONE', #429, .T. ) ;
#8017 = VERTEX_POINT ( 'NONE', #1592 ) ;
#8018 = FILL_AREA_STYLE ('',( #4650 ) ) ;
#8019 = ORIENTED_EDGE ( 'NONE', *, *, #1951, .F. ) ;
#8020 = LINE ( 'NONE', #9656, #7093 ) ;
#8021 = AXIS2_PLACEMENT_3D ( 'NONE', #5797, #880, #10747 ) ;
#8022 = ADVANCED_FACE ( 'NONE', ( #7542 ), #2477, .T. ) ;
#8023 = COLOUR_RGB ( '',0.8039215686274510109, 0.8039215686274510109, 0.8039215686274510109 ) ;
#8024 = CARTESIAN_POINT ( 'NONE',  ( -2.335172790808107468, -1.902703094130445027, 0.5499999999999999334 ) ) ;
#8025 = ORIENTED_EDGE ( 'NONE', *, *, #3355, .F. ) ;
#8026 = DIRECTION ( 'NONE',  ( 0.000000000000000000, 0.000000000000000000, -1.000000000000000000 ) ) ;
#8027 = EDGE_CURVE ( 'NONE', #5238, #7769, #4955, .T. ) ;
#8028 = CARTESIAN_POINT ( 'NONE',  ( -1.424999999999999822, -2.049999999999999822, -0.2000000000000000111 ) ) ;
#8029 = DIRECTION ( 'NONE',  ( 1.000000000000000000, 0.000000000000000000, 0.000000000000000000 ) ) ;
#8030 = SURFACE_SIDE_STYLE ('',( #446 ) ) ;
#8031 = CARTESIAN_POINT ( 'NONE',  ( -2.374999999999999556, -1.949999999999999512, 0.1000000000000000056 ) ) ;
#8032 = ORIENTED_EDGE ( 'NONE', *, *, #9905, .T. ) ;
#8033 = SURFACE_STYLE_FILL_AREA ( #10612 ) ;
#8034 = CARTESIAN_POINT ( 'NONE',  ( 2.418963392251840538, -1.949760935694444752, 0.1022745449310375337 ) ) ;
#8035 = LINE ( 'NONE', #6960, #5308 ) ;
#8036 = VECTOR ( 'NONE', #7116, 1000.000000000000000 ) ;
#8037 = COLOUR_RGB ( '',0.8039215686274510109, 0.8039215686274510109, 0.8039215686274510109 ) ;
#8038 = UNCERTAINTY_MEASURE_WITH_UNIT (LENGTH_MEASURE( 1.000000000000000082E-05 ), #5608, 'distance_accuracy_value', 'NONE');
#8039 = DIRECTION ( 'NONE',  ( -0.000000000000000000, 1.000000000000000000, -0.000000000000000000 ) ) ;
#8040 = EDGE_LOOP ( 'NONE', ( #7197, #6365, #10000, #8660 ) ) ;
#8041 =( NAMED_UNIT ( * ) PLANE_ANGLE_UNIT ( ) SI_UNIT ( $, .RADIAN. ) );
#8042 = DIRECTION ( 'NONE',  ( 0.000000000000000000, 0.000000000000000000, 1.000000000000000000 ) ) ;
#8043 = ORIENTED_EDGE ( 'NONE', *, *, #327, .T. ) ;
#8044 = CARTESIAN_POINT ( 'NONE',  ( 2.000000000000000000, -1.324999999999999512, -0.4499999999999999556 ) ) ;
#8045 = DIRECTION ( 'NONE',  ( 0.000000000000000000, 0.000000000000000000, 1.000000000000000000 ) ) ;
#8046 = ORIENTED_EDGE ( 'NONE', *, *, #10155, .T. ) ;
#8047 = VECTOR ( 'NONE', #7216, 1000.000000000000000 ) ;
#8048 = CARTESIAN_POINT ( 'NONE',  ( 1.175000000000000044, -1.949999999999999512, -0.1000000000000000056 ) ) ;
#8049 =( NAMED_UNIT ( * ) PLANE_ANGLE_UNIT ( ) SI_UNIT ( $, .RADIAN. ) );
#8050 = SURFACE_STYLE_USAGE ( .BOTH. , #6379 ) ;
#8051 = ADVANCED_FACE ( 'NONE', ( #7495 ), #2726, .T. ) ;
#8052 = FILL_AREA_STYLE ('',( #1382 ) ) ;
#8053 = ADVANCED_FACE ( 'NONE', ( #6340 ), #2168, .T. ) ;
#8054 = CARTESIAN_POINT ( 'NONE',  ( 0.5250000000000000222, -1.949999999999999512, -0.1000000000000000056 ) ) ;
#8055 = LINE ( 'NONE', #5454, #10638 ) ;
#8056 = PRESENTATION_STYLE_ASSIGNMENT (( #584 ) ) ;
#8057 = ORIENTED_EDGE ( 'NONE', *, *, #1327, .T. ) ;
#8058 = EDGE_CURVE ( 'NONE', #875, #10161, #325, .T. ) ;
#8059 = FILL_AREA_STYLE_COLOUR ( '', #1274 ) ;
#8060 = SURFACE_STYLE_FILL_AREA ( #6328 ) ;
#8061 = SURFACE_STYLE_USAGE ( .BOTH. , #7220 ) ;
#8062 = DIRECTION ( 'NONE',  ( 0.1039620511844982220, -0.1039620511844980416, 0.9891328443778539814 ) ) ;
#8063 = ORIENTED_EDGE ( 'NONE', *, *, #269, .T. ) ;
#8064 =( LENGTH_UNIT ( ) NAMED_UNIT ( * ) SI_UNIT ( .MILLI., .METRE. ) );
#8065 = VERTEX_POINT ( 'NONE', #2878 ) ;
#8066 = SURFACE_SIDE_STYLE ('',( #7950 ) ) ;
#8067 = ORIENTED_EDGE ( 'NONE', *, *, #1810, .T. ) ;
#8068 = ORIENTED_EDGE ( 'NONE', *, *, #3274, .F. ) ;
#8069 = CARTESIAN_POINT ( 'NONE',  ( 1.175000000000000044, -2.106267956964054999, 0.09999999999999999167 ) ) ;
#8070 = EDGE_CURVE ( 'NONE', #10770, #3994, #3074, .T. ) ;
#8071 = DIRECTION ( 'NONE',  ( -0.000000000000000000, 0.000000000000000000, -1.000000000000000000 ) ) ;
#8072 = DIRECTION ( 'NONE',  ( 0.000000000000000000, 1.000000000000000000, 0.000000000000000000 ) ) ;
#8073 =( LENGTH_UNIT ( ) NAMED_UNIT ( * ) SI_UNIT ( .MILLI., .METRE. ) );
#8074 = CIRCLE ( 'NONE', #5966, 0.1000000000000000194 ) ;
#8075 = FILL_AREA_STYLE_COLOUR ( '', #7724 ) ;
#8076 = CARTESIAN_POINT ( 'NONE',  ( -2.335172790808107468, 0.000000000000000000, -0.5499999999999999334 ) ) ;
#8077 = ORIENTED_EDGE ( 'NONE', *, *, #10149, .F. ) ;
#8078 =( LENGTH_UNIT ( ) NAMED_UNIT ( * ) SI_UNIT ( .MILLI., .METRE. ) );
#8079 = ADVANCED_FACE ( 'NONE', ( #6992 ), #10378, .T. ) ;
#8080 =( LENGTH_UNIT ( ) NAMED_UNIT ( * ) SI_UNIT ( .MILLI., .METRE. ) );
#8081 = ORIENTED_EDGE ( 'NONE', *, *, #3106, .F. ) ;
#8082 = PRESENTATION_STYLE_ASSIGNMENT (( #2304 ) ) ;
#8083 = DIRECTION ( 'NONE',  ( 0.000000000000000000, 0.000000000000000000, 1.000000000000000000 ) ) ;
#8084 = VECTOR ( 'NONE', #107, 1000.000000000000000 ) ;
#8085 =( NAMED_UNIT ( * ) PLANE_ANGLE_UNIT ( ) SI_UNIT ( $, .RADIAN. ) );
#8086 = VERTEX_POINT ( 'NONE', #1617 ) ;
#8087 = SURFACE_SIDE_STYLE ('',( #4616 ) ) ;
#8088 = FACE_OUTER_BOUND ( 'NONE', #6403, .T. ) ;
#8089 = CARTESIAN_POINT ( 'NONE',  ( -1.945172790808107344, -1.445172790808107122, 0.5399999999999999245 ) ) ;
#8090 = LINE ( 'NONE', #564, #3778 ) ;
#8091 = ORIENTED_EDGE ( 'NONE', *, *, #6488, .F. ) ;
#8092 = EDGE_CURVE ( 'NONE', #851, #1505, #4982, .T. ) ;
#8093 = DIRECTION ( 'NONE',  ( 0.000000000000000000, 0.000000000000000000, 1.000000000000000000 ) ) ;
#8094 = AXIS2_PLACEMENT_3D ( 'NONE', #7287, #5578, #6450 ) ;
#8095 = ORIENTED_EDGE ( 'NONE', *, *, #5551, .F. ) ;
#8096 = CARTESIAN_POINT ( 'NONE',  ( -0.1249999999999998890, -2.049999999999999822, -0.1000000000000000056 ) ) ;
#8097 = CARTESIAN_POINT ( 'NONE',  ( -1.945172790808107344, -1.445172790808107122, -0.01154328932550770584 ) ) ;
#8098 = VECTOR ( 'NONE', #2143, 1000.000000000000000 ) ;
#8099 = FILL_AREA_STYLE_COLOUR ( '', #6581 ) ;
#8100 = CARTESIAN_POINT ( 'NONE',  ( -1.824999999999999734, -2.049999999999999822, -0.1000000000000000056 ) ) ;
#8101 = CARTESIAN_POINT ( 'NONE',  ( 0.5250000000000000222, 3.000000000000000000, -0.3995116203837655866 ) ) ;
#8102 = ORIENTED_EDGE ( 'NONE', *, *, #4719, .T. ) ;
#8103 =( BOUNDED_CURVE ( )  B_SPLINE_CURVE ( 3, ( #6523, #8034, #7249, #3846 ),
 .UNSPECIFIED., .F., .F. ) 
 B_SPLINE_CURVE_WITH_KNOTS ( ( 4, 4 ),
 ( 5.503250352303694193, 7.063120262055498699 ),
 .UNSPECIFIED. ) 
 CURVE ( )  GEOMETRIC_REPRESENTATION_ITEM ( )  RATIONAL_B_SPLINE_CURVE ( ( 1.000000000000000000, 0.8073061876036344842, 0.8073061876036344842, 1.000000000000000000 ) ) 
 REPRESENTATION_ITEM ( '' )  );
#8104 = CARTESIAN_POINT ( 'NONE',  ( -2.000000000000000000, -1.324999999999999512, -0.4499999999999999556 ) ) ;
#8105 = VERTEX_POINT ( 'NONE', #10707 ) ;
#8106 =( NAMED_UNIT ( * ) PLANE_ANGLE_UNIT ( ) SI_UNIT ( $, .RADIAN. ) );
#8107 = MECHANICAL_DESIGN_GEOMETRIC_PRESENTATION_REPRESENTATION (  '', ( #2003 ), #9507 ) ;
#8108 = LINE ( 'NONE', #10530, #3991 ) ;
#8109 = EDGE_CURVE ( 'NONE', #9823, #9993, #2337, .T. ) ;
#8110 = UNCERTAINTY_MEASURE_WITH_UNIT (LENGTH_MEASURE( 1.000000000000000082E-05 ), #282, 'distance_accuracy_value', 'NONE');
#8111 = CARTESIAN_POINT ( 'NONE',  ( -0.7749999999999999112, 2.277216163946027105, 0.003810936464559766534 ) ) ;
#8112 = CIRCLE ( 'NONE', #3382, 0.09999999999999982514 ) ;
#8113 = AXIS2_PLACEMENT_3D ( 'NONE', #3511, #268, #7691 ) ;
#8114 = EDGE_LOOP ( 'NONE', ( #9315, #5173, #346, #10068 ) ) ;
#8115 = MECHANICAL_DESIGN_GEOMETRIC_PRESENTATION_REPRESENTATION (  '', ( #7939 ), #10402 ) ;
#8116 = ORIENTED_EDGE ( 'NONE', *, *, #6287, .T. ) ;
#8117 = VERTEX_POINT ( 'NONE', #8950 ) ;
#8118 = COLOUR_RGB ( '',0.8039215686274510109, 0.8039215686274510109, 0.8039215686274510109 ) ;
#8119 = ORIENTED_EDGE ( 'NONE', *, *, #10730, .T. ) ;
#8120 = ADVANCED_FACE ( 'NONE', ( #674 ), #4110, .T. ) ;
#8121 = CARTESIAN_POINT ( 'NONE',  ( 0.5250000000000000222, 2.106267956964054999, -0.09999999999999999167 ) ) ;
#8122 = STYLED_ITEM ( 'NONE', ( #7019 ), #1255 ) ;
#8123 = AXIS2_PLACEMENT_3D ( 'NONE', #10299, #26, #1925 ) ;
#8124 = SURFACE_SIDE_STYLE ('',( #8622 ) ) ;
#8125 = VECTOR ( 'NONE', #1987, 1000.000000000000000 ) ;
#8126 = CARTESIAN_POINT ( 'NONE',  ( -2.323257295734052263, 1.897846437886672399, 0.5962079975321372682 ) ) ;
#8127 = ORIENTED_EDGE ( 'NONE', *, *, #8783, .F. ) ;
#8128 =( NAMED_UNIT ( * ) PLANE_ANGLE_UNIT ( ) SI_UNIT ( $, .RADIAN. ) );
#8129 = ORIENTED_EDGE ( 'NONE', *, *, #6150, .T. ) ;
#8130 = FACE_OUTER_BOUND ( 'NONE', #47, .T. ) ;
#8131 = SURFACE_SIDE_STYLE ('',( #10112 ) ) ;
#8132 = UNCERTAINTY_MEASURE_WITH_UNIT (LENGTH_MEASURE( 1.000000000000000082E-05 ), #3351, 'distance_accuracy_value', 'NONE');
#8133 = LINE ( 'NONE', #1359, #974 ) ;
#8134 = EDGE_CURVE ( 'NONE', #4227, #6436, #9945, .T. ) ;
#8135 = ORIENTED_EDGE ( 'NONE', *, *, #9829, .T. ) ;
#8136 = DIRECTION ( 'NONE',  ( 1.000000000000000000, 0.000000000000000000, 0.000000000000000000 ) ) ;
#8137 = MECHANICAL_DESIGN_GEOMETRIC_PRESENTATION_REPRESENTATION (  '', ( #4276 ), #4804 ) ;
#8138 = SURFACE_SIDE_STYLE ('',( #6430 ) ) ;
#8139 = CARTESIAN_POINT ( 'NONE',  ( -2.408654545973159422, -1.834065403820539286, 0.4933757181366588696 ) ) ;
#8140 = CARTESIAN_POINT ( 'NONE',  ( -2.374999999999999556, 1.950000000000000400, 0.1000000000000000056 ) ) ;
#8141 = ORIENTED_EDGE ( 'NONE', *, *, #8497, .T. ) ;
#8142 = DIRECTION ( 'NONE',  ( 0.000000000000000000, 0.9975640502598241977, -0.06975647374412544122 ) ) ;
#8144 = CARTESIAN_POINT ( 'NONE',  ( 0.7750000000000001332, 3.000000000000000000, -0.3995116203837655866 ) ) ;
#8143 = FACE_OUTER_BOUND ( 'NONE', #6706, .T. ) ;
#8145 = VERTEX_POINT ( 'NONE', #3301 ) ;
#8146 = DIRECTION ( 'NONE',  ( 0.000000000000000000, 0.9975640502598241977, -0.06975647374412544122 ) ) ;
#8147 =( GEOMETRIC_REPRESENTATION_CONTEXT ( 3 ) GLOBAL_UNCERTAINTY_ASSIGNED_CONTEXT ( ( #5693 ) ) GLOBAL_UNIT_ASSIGNED_CONTEXT ( ( #5597, #2949, #1348 ) ) REPRESENTATION_CONTEXT ( 'NONE', 'WORKASPACE' ) );
#8148 = ORIENTED_EDGE ( 'NONE', *, *, #2322, .T. ) ;
#8149 = FILL_AREA_STYLE_COLOUR ( '', #2068 ) ;
#8150 = CARTESIAN_POINT ( 'NONE',  ( 0.7750000000000001332, 2.106267956964054999, -0.09999999999999999167 ) ) ;
#8151 = COLOUR_RGB ( '',0.8039215686274510109, 0.8039215686274510109, 0.8039215686274510109 ) ;
#8152 =( GEOMETRIC_REPRESENTATION_CONTEXT ( 3 ) GLOBAL_UNCERTAINTY_ASSIGNED_CONTEXT ( ( #3121 ) ) GLOBAL_UNIT_ASSIGNED_CONTEXT ( ( #1635, #6472, #4067 ) ) REPRESENTATION_CONTEXT ( 'NONE', 'WORKASPACE' ) );
#8153 = CARTESIAN_POINT ( 'NONE',  ( -0.7749999999999999112, 2.049999999999999822, -0.2000000000000000111 ) ) ;
#8154 = UNCERTAINTY_MEASURE_WITH_UNIT (LENGTH_MEASURE( 1.000000000000000082E-05 ), #1318, 'distance_accuracy_value', 'NONE');
#8155 = EDGE_CURVE ( 'NONE', #1319, #1868, #7231, .T. ) ;
#8156 = ORIENTED_EDGE ( 'NONE', *, *, #3588, .F. ) ;
#8157 = FACE_OUTER_BOUND ( 'NONE', #9758, .T. ) ;
#8158 = CARTESIAN_POINT ( 'NONE',  ( -1.174999999999999822, 2.552580984647486062, -0.3682250350372596737 ) ) ;
#8159 = LINE ( 'NONE', #5684, #9951 ) ;
#8160 = ADVANCED_FACE ( 'NONE', ( #2291 ), #10597, .T. ) ;
#8161 = SURFACE_STYLE_FILL_AREA ( #9975 ) ;
#8162 = LINE ( 'NONE', #5509, #5295 ) ;
#8163 = ADVANCED_FACE ( 'NONE', ( #3345 ), #10202, .T. ) ;
#8164 = MECHANICAL_DESIGN_GEOMETRIC_PRESENTATION_REPRESENTATION (  '', ( #8523 ), #5170 ) ;
#8165 = LINE ( 'NONE', #5514, #6220 ) ;
#8166 = EDGE_LOOP ( 'NONE', ( #3004, #5091, #2973, #1248, #4157, #7624, #9387, #620, #5889, #9776, #4566, #3099 ) ) ;
#8167 = VECTOR ( 'NONE', #17, 1000.000000000000000 ) ;
#8168 = CARTESIAN_POINT ( 'NONE',  ( -0.7749999999999999112, 1.949999999999999512, -0.1000000000000000056 ) ) ;
#8169 = COLOUR_RGB ( '',0.8039215686274510109, 0.8039215686274510109, 0.8039215686274510109 ) ;
#8170 = AXIS2_PLACEMENT_3D ( 'NONE', #7556, #8553, #4314 ) ;
#8171 = DIRECTION ( 'NONE',  ( 1.000000000000000000, -0.000000000000000000, 0.000000000000000000 ) ) ;
#8172 =( GEOMETRIC_REPRESENTATION_CONTEXT ( 3 ) GLOBAL_UNCERTAINTY_ASSIGNED_CONTEXT ( ( #3008 ) ) GLOBAL_UNIT_ASSIGNED_CONTEXT ( ( #7899, #6284, #3998 ) ) REPRESENTATION_CONTEXT ( 'NONE', 'WORKASPACE' ) );
#8173 = STYLED_ITEM ( 'NONE', ( #2683 ), #7519 ) ;
#8174 = PLANE ( 'NONE',  #6019 ) ;
#8175 = MECHANICAL_DESIGN_GEOMETRIC_PRESENTATION_REPRESENTATION (  '', ( #9574 ), #1542 ) ;
#8176 = SURFACE_STYLE_USAGE ( .BOTH. , #9115 ) ;
#8177 = SURFACE_STYLE_USAGE ( .BOTH. , #9062 ) ;
#8178 = CARTESIAN_POINT ( 'NONE',  ( -2.323257295734052263, 1.897846437886672399, -0.5962079975321372682 ) ) ;
#8179 = CARTESIAN_POINT ( 'NONE',  ( 2.075000000000000178, -2.106267956964054999, 0.09999999999999999167 ) ) ;
#8180 = PRESENTATION_LAYER_ASSIGNMENT (  '', '', ( #10290 ) ) ;
#8181 = ORIENTED_EDGE ( 'NONE', *, *, #7935, .F. ) ;
#8182 = PRESENTATION_LAYER_ASSIGNMENT (  '', '', ( #3442 ) ) ;
#8183 = LINE ( 'NONE', #7297, #3769 ) ;
#8184 =( GEOMETRIC_REPRESENTATION_CONTEXT ( 3 ) GLOBAL_UNCERTAINTY_ASSIGNED_CONTEXT ( ( #7991 ) ) GLOBAL_UNIT_ASSIGNED_CONTEXT ( ( #7250, #10614, #6524 ) ) REPRESENTATION_CONTEXT ( 'NONE', 'WORKASPACE' ) );
#8185 = ORIENTED_EDGE ( 'NONE', *, *, #7679, .T. ) ;
#8186 = MECHANICAL_DESIGN_GEOMETRIC_PRESENTATION_REPRESENTATION (  '', ( #112 ), #1746 ) ;
#8187 = STYLED_ITEM ( 'NONE', ( #9989 ), #7690 ) ;
#8188 = DIRECTION ( 'NONE',  ( 0.000000000000000000, -1.000000000000000000, 0.000000000000000000 ) ) ;
#8189 = EDGE_LOOP ( 'NONE', ( #1389, #8907, #3321, #9311 ) ) ;
#8190 = ORIENTED_EDGE ( 'NONE', *, *, #2788, .F. ) ;
#8191 = ORIENTED_EDGE ( 'NONE', *, *, #4164, .T. ) ;
#8192 = FILL_AREA_STYLE_COLOUR ( '', #4046 ) ;
#8193 = MECHANICAL_DESIGN_GEOMETRIC_PRESENTATION_REPRESENTATION (  '', ( #5902 ), #285 ) ;
#8194 = ADVANCED_FACE ( 'NONE', ( #9441 ), #10043, .T. ) ;
#8195 = PRESENTATION_LAYER_ASSIGNMENT (  '', '', ( #9765 ) ) ;
#8196 = DIRECTION ( 'NONE',  ( 1.000000000000000000, 0.000000000000000000, 0.000000000000000000 ) ) ;
#8197 =( NAMED_UNIT ( * ) PLANE_ANGLE_UNIT ( ) SI_UNIT ( $, .RADIAN. ) );
#8198 = STYLED_ITEM ( 'NONE', ( #2039 ), #2651 ) ;
#8199 = DIRECTION ( 'NONE',  ( 0.000000000000000000, 0.000000000000000000, 1.000000000000000000 ) ) ;
#8200 =( NAMED_UNIT ( * ) SI_UNIT ( $, .STERADIAN. ) SOLID_ANGLE_UNIT ( ) );
#8201 = ADVANCED_FACE ( 'NONE', ( #3395 ), #1041, .T. ) ;
#8202 = ORIENTED_EDGE ( 'NONE', *, *, #2872, .F. ) ;
#8203 = SURFACE_STYLE_FILL_AREA ( #10608 ) ;
#8204 = PRESENTATION_STYLE_ASSIGNMENT (( #10667 ) ) ;
#8205 = ORIENTED_EDGE ( 'NONE', *, *, #942, .F. ) ;
#8206 = CARTESIAN_POINT ( 'NONE',  ( -0.7749999999999999112, 2.486996912233147228, -0.5641273295552871048 ) ) ;
#8207 = LINE ( 'NONE', #3211, #176 ) ;
#8208 = COLOUR_RGB ( '',0.8039215686274510109, 0.8039215686274510109, 0.8039215686274510109 ) ;
#8209 = CARTESIAN_POINT ( 'NONE',  ( -0.5249999999999999112, 2.277216163946027105, 0.003810936464559766534 ) ) ;
#8210 = CARTESIAN_POINT ( 'NONE',  ( -1.174999999999999822, -2.486996912233147228, -0.5641273295552871048 ) ) ;
#8211 = ORIENTED_EDGE ( 'NONE', *, *, #6720, .T. ) ;
#8212 =( LENGTH_UNIT ( ) NAMED_UNIT ( * ) SI_UNIT ( .MILLI., .METRE. ) );
#8213 = CARTESIAN_POINT ( 'NONE',  ( 2.449999999999998845, -1.875136580382891216, -0.09999999999999982514 ) ) ;
#8214 = DIRECTION ( 'NONE',  ( 0.000000000000000000, -0.8547410349098599758, 0.5190546823227987216 ) ) ;
#8215 = ORIENTED_EDGE ( 'NONE', *, *, #1407, .F. ) ;
#8216 = DIRECTION ( 'NONE',  ( 0.000000000000000000, -0.9975640502598241977, 0.06975647374412535795 ) ) ;
#8218 = DIRECTION ( 'NONE',  ( -1.000000000000000000, -0.000000000000000000, -0.000000000000000000 ) ) ;
#8217 = DIRECTION ( 'NONE',  ( 0.000000000000000000, -0.9975640502598241977, 0.06975647374412535795 ) ) ;
#8219 = ORIENTED_EDGE ( 'NONE', *, *, #5398, .F. ) ;
#8220 = LINE ( 'NONE', #10731, #2069 ) ;
#8221 = VERTEX_POINT ( 'NONE', #4424 ) ;
#8222 = MECHANICAL_DESIGN_GEOMETRIC_PRESENTATION_REPRESENTATION (  '', ( #9789 ), #6623 ) ;
#8223 = DIRECTION ( 'NONE',  ( 0.000000000000000000, 1.000000000000000000, 0.000000000000000000 ) ) ;
#8224 = DIRECTION ( 'NONE',  ( 0.000000000000000000, 0.000000000000000000, -1.000000000000000000 ) ) ;
#8225 = EDGE_LOOP ( 'NONE', ( #1768, #9109, #2840, #7960 ) ) ;
#8226 = FILL_AREA_STYLE_COLOUR ( '', #6750 ) ;
#8227 = DIRECTION ( 'NONE',  ( 0.000000000000000000, -0.06975647374412545509, 0.9975640502598243087 ) ) ;
#8228 = LINE ( 'NONE', #5746, #1562 ) ;
#8229 = MECHANICAL_DESIGN_GEOMETRIC_PRESENTATION_REPRESENTATION (  '', ( #10495 ), #7522 ) ;
#8230 = DIRECTION ( 'NONE',  ( 0.000000000000000000, 0.5190546823227978335, 0.8547410349098604199 ) ) ;
#8231 = ORIENTED_EDGE ( 'NONE', *, *, #3783, .F. ) ;
#8232 = LINE ( 'NONE', #4041, #2420 ) ;
#8233 = EDGE_CURVE ( 'NONE', #10686, #3330, #6278, .T. ) ;
#8234 = VERTEX_POINT ( 'NONE', #1994 ) ;
#8235 = DIRECTION ( 'NONE',  ( 1.000000000000000000, 0.000000000000000000, 0.000000000000000000 ) ) ;
#8236 = CYLINDRICAL_SURFACE ( 'NONE', #1660, 0.09999999999999982514 ) ;
#8237 = CARTESIAN_POINT ( 'NONE',  ( -0.7749999999999999112, 2.474082528530912928, -0.3203740982435569484 ) ) ;
#8238 = DIRECTION ( 'NONE',  ( 1.000000000000000000, 0.000000000000000000, 0.000000000000000000 ) ) ;
#8239 = EDGE_CURVE ( 'NONE', #1593, #6001, #8412, .T. ) ;
#8240 = DIRECTION ( 'NONE',  ( 0.000000000000000000, 0.000000000000000000, -1.000000000000000000 ) ) ;
#8241 = DIRECTION ( 'NONE',  ( 0.000000000000000000, -0.000000000000000000, 1.000000000000000000 ) ) ;
#8242 = CARTESIAN_POINT ( 'NONE',  ( 1.425000000000000044, -2.049999999999999822, -0.1000000000000000056 ) ) ;
#8243 = ORIENTED_EDGE ( 'NONE', *, *, #827, .T. ) ;
#8244 = ORIENTED_EDGE ( 'NONE', *, *, #2583, .T. ) ;
#8245 = VERTEX_POINT ( 'NONE', #8659 ) ;
#8246 = CARTESIAN_POINT ( 'NONE',  ( -0.1249999999999998890, -2.552580984647486062, -0.3682250350372594516 ) ) ;
#8247 = DIRECTION ( 'NONE',  ( 0.000000000000000000, 0.000000000000000000, -1.000000000000000000 ) ) ;
#8248 = DIRECTION ( 'NONE',  ( 0.000000000000000000, -0.8547410349098599758, 0.5190546823227987216 ) ) ;
#8249 = ORIENTED_EDGE ( 'NONE', *, *, #10685, .T. ) ;
#8250 = SURFACE_SIDE_STYLE ('',( #737 ) ) ;
#8251 = ORIENTED_EDGE ( 'NONE', *, *, #5628, .F. ) ;
#8252 =( NAMED_UNIT ( * ) SI_UNIT ( $, .STERADIAN. ) SOLID_ANGLE_UNIT ( ) );
#8253 = FACE_OUTER_BOUND ( 'NONE', #8040, .T. ) ;
#8254 = UNCERTAINTY_MEASURE_WITH_UNIT (LENGTH_MEASURE( 1.000000000000000082E-05 ), #5446, 'distance_accuracy_value', 'NONE');
#8255 = VECTOR ( 'NONE', #10511, 1000.000000000000000 ) ;
#8256 = EDGE_CURVE ( 'NONE', #10684, #2820, #3766, .T. ) ;
#8257 = EDGE_CURVE ( 'NONE', #561, #10770, #6211, .T. ) ;
#8258 =( LENGTH_UNIT ( ) NAMED_UNIT ( * ) SI_UNIT ( .MILLI., .METRE. ) );
#8259 = ORIENTED_EDGE ( 'NONE', *, *, #8070, .T. ) ;
#8260 = AXIS2_PLACEMENT_3D ( 'NONE', #1007, #6797, #15 ) ;
#8261 = CARTESIAN_POINT ( 'NONE',  ( 1.425000000000000044, 2.500948206981972177, -0.3646145195033222430 ) ) ;
#8262 = SURFACE_STYLE_USAGE ( .BOTH. , #3365 ) ;
#8263 = CARTESIAN_POINT ( 'NONE',  ( 2.075000000000000178, 1.949999999999999512, 0.1000000000000000056 ) ) ;
#8264 = CARTESIAN_POINT ( 'NONE',  ( 0.5250000000000000222, 3.000000000000000000, -0.6000000000000000888 ) ) ;
#8265 = ORIENTED_EDGE ( 'NONE', *, *, #2657, .T. ) ;
#8266 = FILL_AREA_STYLE_COLOUR ( '', #4241 ) ;
#8268 =( NAMED_UNIT ( * ) PLANE_ANGLE_UNIT ( ) SI_UNIT ( $, .RADIAN. ) );
#8267 = LINE ( 'NONE', #7199, #8983 ) ;
#8269 = ORIENTED_EDGE ( 'NONE', *, *, #5273, .F. ) ;
#8270 = ADVANCED_FACE ( 'NONE', ( #8766 ), #5408, .T. ) ;
#8271 = FILL_AREA_STYLE_COLOUR ( '', #9940 ) ;
#8272 = AXIS2_PLACEMENT_3D ( 'NONE', #5928, #729, #7405 ) ;
#8273 = DIRECTION ( 'NONE',  ( 0.000000000000000000, 0.000000000000000000, 1.000000000000000000 ) ) ;
#8274 = DIRECTION ( 'NONE',  ( 1.000000000000000000, 0.000000000000000000, 0.000000000000000000 ) ) ;
#8275 = CARTESIAN_POINT ( 'NONE',  ( -0.5249999999999999112, 3.000000000000000000, -0.3995116203837655866 ) ) ;
#8276 = UNCERTAINTY_MEASURE_WITH_UNIT (LENGTH_MEASURE( 1.000000000000000082E-05 ), #1278, 'distance_accuracy_value', 'NONE');
#8277 = ORIENTED_EDGE ( 'NONE', *, *, #7779, .T. ) ;
#8278 = CARTESIAN_POINT ( 'NONE',  ( -2.074999999999999734, -2.500948206981972177, -0.3646145195033222430 ) ) ;
#8279 =( LENGTH_UNIT ( ) NAMED_UNIT ( * ) SI_UNIT ( .MILLI., .METRE. ) );
#8280 = DIRECTION ( 'NONE',  ( 1.000000000000000000, 0.000000000000000000, 0.000000000000000000 ) ) ;
#8281 = ORIENTED_EDGE ( 'NONE', *, *, #9231, .F. ) ;
#8282 = VERTEX_POINT ( 'NONE', #9536 ) ;
#8283 = PRESENTATION_STYLE_ASSIGNMENT (( #2606 ) ) ;
#8284 = EDGE_CURVE ( 'NONE', #8952, #7360, #5355, .T. ) ;
#8285 = CARTESIAN_POINT ( 'NONE',  ( -0.7749999999999999112, 2.106267956964054999, 0.09999999999999999167 ) ) ;
#8286 = CARTESIAN_POINT ( 'NONE',  ( 1.824999999999999956, 2.559556632021898537, -0.2684686300112771873 ) ) ;
#8287 = CYLINDRICAL_SURFACE ( 'NONE', #5849, 0.1000000000000000194 ) ;
#8288 = CARTESIAN_POINT ( 'NONE',  ( -0.7749999999999999112, -2.330000000000000071, -0.4684254559678819319 ) ) ;
#8289 =( LENGTH_UNIT ( ) NAMED_UNIT ( * ) SI_UNIT ( .MILLI., .METRE. ) );
#8290 = DIRECTION ( 'NONE',  ( 0.000000000000000000, -0.9975640502598241977, 0.06975647374412535795 ) ) ;
#8291 = ADVANCED_FACE ( 'NONE', ( #10321 ), #9483, .F. ) ;
#8292 = DIRECTION ( 'NONE',  ( 1.000000000000000000, 0.000000000000000000, 0.000000000000000000 ) ) ;
#8293 = DIRECTION ( 'NONE',  ( -0.000000000000000000, 1.000000000000000000, -0.000000000000000000 ) ) ;
#8294 = EDGE_CURVE ( 'NONE', #5493, #3333, #4095, .T. ) ;
#8295 = EDGE_LOOP ( 'NONE', ( #6566, #4333, #1812, #10763 ) ) ;
#8296 = CARTESIAN_POINT ( 'NONE',  ( 2.374999999999999112, 1.950000000000000400, 0.1000000000000000056 ) ) ;
#8297 = ORIENTED_EDGE ( 'NONE', *, *, #3729, .T. ) ;
#8298 = VERTEX_POINT ( 'NONE', #4749 ) ;
#8299 = AXIS2_PLACEMENT_3D ( 'NONE', #5187, #9270, #976 ) ;
#8300 =( LENGTH_UNIT ( ) NAMED_UNIT ( * ) SI_UNIT ( .MILLI., .METRE. ) );
#8301 = MECHANICAL_DESIGN_GEOMETRIC_PRESENTATION_REPRESENTATION (  '', ( #9348 ), #3052 ) ;
#8302 = AXIS2_PLACEMENT_3D ( 'NONE', #3358, #61, #115 ) ;
#8303 = LINE ( 'NONE', #2559, #6738 ) ;
#8304 = EDGE_CURVE ( 'NONE', #4732, #8298, #8988, .T. ) ;
#8305 =( GEOMETRIC_REPRESENTATION_CONTEXT ( 3 ) GLOBAL_UNCERTAINTY_ASSIGNED_CONTEXT ( ( #4686 ) ) GLOBAL_UNIT_ASSIGNED_CONTEXT ( ( #10510, #8041, #10678 ) ) REPRESENTATION_CONTEXT ( 'NONE', 'WORKASPACE' ) );
#8306 = DIRECTION ( 'NONE',  ( 0.000000000000000000, -0.5190546823227987216, -0.8547410349098599758 ) ) ;
#8307 = CARTESIAN_POINT ( 'NONE',  ( -2.374999999999999556, 1.950000000000000400, -0.1000000000000000056 ) ) ;
#8308 = VERTEX_POINT ( 'NONE', #8104 ) ;
#8309 = EDGE_CURVE ( 'NONE', #6782, #2617, #10645, .T. ) ;
#8310 = EDGE_LOOP ( 'NONE', ( #4952, #5202, #5309, #1950 ) ) ;
#8311 = FILL_AREA_STYLE ('',( #5774 ) ) ;
#8312 = MECHANICAL_DESIGN_GEOMETRIC_PRESENTATION_REPRESENTATION (  '', ( #5297 ), #4597 ) ;
#8313 =( NAMED_UNIT ( * ) PLANE_ANGLE_UNIT ( ) SI_UNIT ( $, .RADIAN. ) );
#8314 = AXIS2_PLACEMENT_3D ( 'NONE', #3527, #6856, #9421 ) ;
#8315 = ORIENTED_EDGE ( 'NONE', *, *, #4988, .F. ) ;
#8316 =( NAMED_UNIT ( * ) PLANE_ANGLE_UNIT ( ) SI_UNIT ( $, .RADIAN. ) );
#8317 =( NAMED_UNIT ( * ) PLANE_ANGLE_UNIT ( ) SI_UNIT ( $, .RADIAN. ) );
#8318 = CARTESIAN_POINT ( 'NONE',  ( 2.075000000000000178, -1.949999999999999512, -0.1000000000000000056 ) ) ;
#8319 = CARTESIAN_POINT ( 'NONE',  ( -2.375136580382891438, 1.950000000000000622, 0.09999999999999982514 ) ) ;
#8320 = VERTEX_POINT ( 'NONE', #4805 ) ;
#8321 = SURFACE_SIDE_STYLE ('',( #10071 ) ) ;
#8322 = ORIENTED_EDGE ( 'NONE', *, *, #1951, .T. ) ;
#8323 = PRESENTATION_LAYER_ASSIGNMENT (  '', '', ( #1494 ) ) ;
#8324 = VECTOR ( 'NONE', #10410, 1000.000000000000000 ) ;
#8325 = SURFACE_SIDE_STYLE ('',( #4958 ) ) ;
#8326 =( GEOMETRIC_REPRESENTATION_CONTEXT ( 3 ) GLOBAL_UNCERTAINTY_ASSIGNED_CONTEXT ( ( #1988 ) ) GLOBAL_UNIT_ASSIGNED_CONTEXT ( ( #1445, #6498, #9769 ) ) REPRESENTATION_CONTEXT ( 'NONE', 'WORKASPACE' ) );
#8327 =( NAMED_UNIT ( * ) PLANE_ANGLE_UNIT ( ) SI_UNIT ( $, .RADIAN. ) );
#8328 =( NAMED_UNIT ( * ) SI_UNIT ( $, .STERADIAN. ) SOLID_ANGLE_UNIT ( ) );
#8329 = AXIS2_PLACEMENT_3D ( 'NONE', #1397, #6989, #9706 ) ;
#8330 = ORIENTED_EDGE ( 'NONE', *, *, #9719, .F. ) ;
#8331 = EDGE_CURVE ( 'NONE', #6542, #8484, #4694, .T. ) ;
#8332 = FACE_OUTER_BOUND ( 'NONE', #10022, .T. ) ;
#8333 = ORIENTED_EDGE ( 'NONE', *, *, #6677, .F. ) ;
#8334 = EDGE_CURVE ( 'NONE', #1426, #382, #8165, .T. ) ;
#8335 = FILL_AREA_STYLE ('',( #1661 ) ) ;
#8336 = AXIS2_PLACEMENT_3D ( 'NONE', #3865, #9755, #2276 ) ;
#8337 = DIRECTION ( 'NONE',  ( 0.000000000000000000, -1.000000000000000000, 0.000000000000000000 ) ) ;
#8338 = DIRECTION ( 'NONE',  ( -1.000000000000000000, -0.000000000000000000, -0.000000000000000000 ) ) ;
#8339 = ADVANCED_FACE ( 'NONE', ( #1440 ), #3084, .T. ) ;
#8340 = VECTOR ( 'NONE', #6918, 1000.000000000000000 ) ;
#8341 = LINE ( 'NONE', #4876, #2423 ) ;
#8342 = DIRECTION ( 'NONE',  ( 0.000000000000000000, 1.000000000000000000, 0.000000000000000000 ) ) ;
#8343 = PRESENTATION_LAYER_ASSIGNMENT (  '', '', ( #7459 ) ) ;
#8344 = DIRECTION ( 'NONE',  ( 0.000000000000000000, 1.000000000000000000, 0.000000000000000000 ) ) ;
#8345 = ORIENTED_EDGE ( 'NONE', *, *, #1682, .T. ) ;
#8346 =( NAMED_UNIT ( * ) SI_UNIT ( $, .STERADIAN. ) SOLID_ANGLE_UNIT ( ) );
#8347 =( GEOMETRIC_REPRESENTATION_CONTEXT ( 3 ) GLOBAL_UNCERTAINTY_ASSIGNED_CONTEXT ( ( #6943 ) ) GLOBAL_UNIT_ASSIGNED_CONTEXT ( ( #5758, #5083, #9275 ) ) REPRESENTATION_CONTEXT ( 'NONE', 'WORKASPACE' ) );
#8348 = VERTEX_POINT ( 'NONE', #8940 ) ;
#8349 = VECTOR ( 'NONE', #2438, 1000.000000000000000 ) ;
#8350 = ORIENTED_EDGE ( 'NONE', *, *, #9298, .T. ) ;
#8351 = MECHANICAL_DESIGN_GEOMETRIC_PRESENTATION_REPRESENTATION (  '', ( #981 ), #10093 ) ;
#8352 = ORIENTED_EDGE ( 'NONE', *, *, #10840, .F. ) ;
#8353 = COLOUR_RGB ( '',0.8039215686274510109, 0.8039215686274510109, 0.8039215686274510109 ) ;
#8354 = AXIS2_PLACEMENT_3D ( 'NONE', #10228, #2574, #4286 ) ;
#8355 = VERTEX_POINT ( 'NONE', #6392 ) ;
#8356 = EDGE_CURVE ( 'NONE', #2421, #8743, #9761, .T. ) ;
#8357 = MECHANICAL_DESIGN_GEOMETRIC_PRESENTATION_REPRESENTATION (  '', ( #274 ), #3426 ) ;
#8358 = CARTESIAN_POINT ( 'NONE',  ( -1.424999999999999822, 2.552580984647486062, -0.3682250350372596737 ) ) ;
#8359 = DIRECTION ( 'NONE',  ( 0.000000000000000000, 0.000000000000000000, -1.000000000000000000 ) ) ;
#8360 = AXIS2_PLACEMENT_3D ( 'NONE', #9512, #2027, #10351 ) ;
#8361 = DIRECTION ( 'NONE',  ( 0.000000000000000000, 0.000000000000000000, 1.000000000000000000 ) ) ;
#8362 = AXIS2_PLACEMENT_3D ( 'NONE', #486, #10800, #9983 ) ;
#8363 = FILL_AREA_STYLE ('',( #9884 ) ) ;
#8364 = VECTOR ( 'NONE', #4910, 1000.000000000000000 ) ;
#8365 = STYLED_ITEM ( 'NONE', ( #1992 ), #7714 ) ;
#8366 = LINE ( 'NONE', #4888, #4948 ) ;
#8367 = PRESENTATION_STYLE_ASSIGNMENT (( #9998 ) ) ;
#8368 = ORIENTED_EDGE ( 'NONE', *, *, #5477, .T. ) ;
#8369 = VERTEX_POINT ( 'NONE', #1557 ) ;
#8370 = CIRCLE ( 'NONE', #2613, 0.1000000000000000194 ) ;
#8371 = LINE ( 'NONE', #9290, #5333 ) ;
#8372 = PRESENTATION_LAYER_ASSIGNMENT (  '', '', ( #7304 ) ) ;
#8373 = EDGE_CURVE ( 'NONE', #10219, #6248, #8232, .T. ) ;
#8374 = CIRCLE ( 'NONE', #6928, 0.2000000000000000389 ) ;
#8375 = CIRCLE ( 'NONE', #5016, 0.2000000000000000389 ) ;
#8376 = ADVANCED_FACE ( 'NONE', ( #3237 ), #877, .T. ) ;
#8377 = DIRECTION ( 'NONE',  ( 0.000000000000000000, 0.000000000000000000, -1.000000000000000000 ) ) ;
#8378 = ORIENTED_EDGE ( 'NONE', *, *, #7238, .T. ) ;
#8379 = LINE ( 'NONE', #7535, #8167 ) ;
#8380 = CARTESIAN_POINT ( 'NONE',  ( -2.449999999999999289, 1.875000000000000444, 0.1000000000000000056 ) ) ;
#8381 = DIRECTION ( 'NONE',  ( 0.000000000000000000, 1.000000000000000000, 0.000000000000000000 ) ) ;
#8382 = DIRECTION ( 'NONE',  ( 0.000000000000000000, 0.000000000000000000, -1.000000000000000000 ) ) ;
#8383 = ORIENTED_EDGE ( 'NONE', *, *, #1530, .F. ) ;
#8384 = MECHANICAL_DESIGN_GEOMETRIC_PRESENTATION_REPRESENTATION (  '', ( #844 ), #7618 ) ;
#8385 = DIRECTION ( 'NONE',  ( 1.000000000000000000, 0.000000000000000000, 0.000000000000000000 ) ) ;
#8386 = DIRECTION ( 'NONE',  ( 0.000000000000000000, 0.5190546823227978335, 0.8547410349098604199 ) ) ;
#8387 = ORIENTED_EDGE ( 'NONE', *, *, #5254, .T. ) ;
#8388 = DIRECTION ( 'NONE',  ( 0.000000000000000000, 0.000000000000000000, -1.000000000000000000 ) ) ;
#8389 = AXIS2_PLACEMENT_3D ( 'NONE', #4320, #978, #4528 ) ;
#8390 = UNCERTAINTY_MEASURE_WITH_UNIT (LENGTH_MEASURE( 1.000000000000000082E-05 ), #48, 'distance_accuracy_value', 'NONE');
#8391 = DIRECTION ( 'NONE',  ( -1.000000000000000000, -0.000000000000000000, -0.000000000000000000 ) ) ;
#8392 = PRESENTATION_STYLE_ASSIGNMENT (( #9203 ) ) ;
#8393 = DIRECTION ( 'NONE',  ( 1.000000000000000000, 0.000000000000000000, 0.000000000000000000 ) ) ;
#8394 = CARTESIAN_POINT ( 'NONE',  ( 1.425000000000000044, -1.949999999999999512, -0.1000000000000000056 ) ) ;
#8395 = VERTEX_POINT ( 'NONE', #7610 ) ;
#8396 = FILL_AREA_STYLE_COLOUR ( '', #9923 ) ;
#8397 = ORIENTED_EDGE ( 'NONE', *, *, #8591, .F. ) ;
#8398 = EDGE_CURVE ( 'NONE', #5376, #7259, #3276, .T. ) ;
#8399 = SURFACE_STYLE_FILL_AREA ( #1032 ) ;
#8400 =( LENGTH_UNIT ( ) NAMED_UNIT ( * ) SI_UNIT ( .MILLI., .METRE. ) );
#8401 = ADVANCED_FACE ( 'NONE', ( #5030 ), #8493, .T. ) ;
#8402 = VECTOR ( 'NONE', #4907, 1000.000000000000000 ) ;
#8403 = EDGE_CURVE ( 'NONE', #386, #3822, #10150, .T. ) ;
#8404 = CARTESIAN_POINT ( 'NONE',  ( 1.175000000000000044, 2.330000000000000071, -0.4684254559678819319 ) ) ;
#8405 = DIRECTION ( 'NONE',  ( 1.000000000000000000, 0.000000000000000000, 0.000000000000000000 ) ) ;
#8406 = ORIENTED_EDGE ( 'NONE', *, *, #2718, .F. ) ;
#8407 = SURFACE_SIDE_STYLE ('',( #3551 ) ) ;
#8408 = ORIENTED_EDGE ( 'NONE', *, *, #6150, .F. ) ;
#8409 = EDGE_CURVE ( 'NONE', #8145, #7806, #9208, .T. ) ;
#8410 = ORIENTED_EDGE ( 'NONE', *, *, #10574, .T. ) ;
#8411 = LINE ( 'NONE', #1751, #10018 ) ;
#8412 =( BOUNDED_CURVE ( )  B_SPLINE_CURVE ( 3, ( #3821, #3761, #7160, #417 ),
 .UNSPECIFIED., .F., .T. ) 
 B_SPLINE_CURVE_WITH_KNOTS ( ( 4, 4 ),
 ( 5.503250352303687976, 7.063120262055495147 ),
 .UNSPECIFIED. ) 
 CURVE ( )  GEOMETRIC_REPRESENTATION_ITEM ( )  RATIONAL_B_SPLINE_CURVE ( ( 1.000000000000000000, 0.8073061876036338180, 0.8073061876036338180, 1.000000000000000000 ) ) 
 REPRESENTATION_ITEM ( '' )  );
#8413 = CARTESIAN_POINT ( 'NONE',  ( 1.175000000000000044, -2.135474103490985875, -0.1480945317677201667 ) ) ;
#8414 = CARTESIAN_POINT ( 'NONE',  ( 2.075000000000000178, -2.552580984647486062, -0.3682250350372594516 ) ) ;
#8415 = EDGE_LOOP ( 'NONE', ( #10704, #4004, #5222, #1704 ) ) ;
#8416 = ORIENTED_EDGE ( 'NONE', *, *, #6249, .F. ) ;
#8417 = CARTESIAN_POINT ( 'NONE',  ( 1.824999999999999956, 2.486996912233147228, -0.5641273295552871048 ) ) ;
#8418 = DIRECTION ( 'NONE',  ( 0.000000000000000000, 0.000000000000000000, -1.000000000000000000 ) ) ;
#8419 = EDGE_CURVE ( 'NONE', #9189, #8145, #6002, .T. ) ;
#8420 = DIRECTION ( 'NONE',  ( 1.000000000000000000, 0.000000000000000000, 0.000000000000000000 ) ) ;
#8421 = ADVANCED_FACE ( 'NONE', ( #2488 ), #5793, .T. ) ;
#8422 = CARTESIAN_POINT ( 'NONE',  ( -0.7749999999999999112, -2.552580984647486062, -0.3682250350372596737 ) ) ;
#8423 = CARTESIAN_POINT ( 'NONE',  ( 2.335172790808107024, 0.000000000000000000, -0.5499999999999999334 ) ) ;
#8424 = ORIENTED_EDGE ( 'NONE', *, *, #5117, .T. ) ;
#8425 = SURFACE_STYLE_USAGE ( .BOTH. , #749 ) ;
#8426 = CARTESIAN_POINT ( 'NONE',  ( -2.335172790808107468, -1.835172790808106802, 0.4749999999999999223 ) ) ;
#8427 = EDGE_LOOP ( 'NONE', ( #7949, #6204, #2347, #5925 ) ) ;
#8428 =( GEOMETRIC_REPRESENTATION_CONTEXT ( 3 ) GLOBAL_UNCERTAINTY_ASSIGNED_CONTEXT ( ( #5582 ) ) GLOBAL_UNIT_ASSIGNED_CONTEXT ( ( #5221, #1811, #2793 ) ) REPRESENTATION_CONTEXT ( 'NONE', 'WORKASPACE' ) );
#8429 = CARTESIAN_POINT ( 'NONE',  ( 2.000000000000000000, -1.324999999999999512, -0.4499999999999999556 ) ) ;
#8430 = EDGE_LOOP ( 'NONE', ( #173, #1547, #4396, #8243 ) ) ;
#8431 = PRESENTATION_STYLE_ASSIGNMENT (( #6602 ) ) ;
#8432 = PRESENTATION_STYLE_ASSIGNMENT (( #6099 ) ) ;
#8433 = ADVANCED_FACE ( 'NONE', ( #2758 ), #7085, .T. ) ;
#8434 = DIRECTION ( 'NONE',  ( 1.000000000000000000, -0.000000000000000000, 0.000000000000000000 ) ) ;
#8435 = ORIENTED_EDGE ( 'NONE', *, *, #3451, .F. ) ;
#8436 = CARTESIAN_POINT ( 'NONE',  ( -1.824999999999999734, 2.106267956964054999, 0.09999999999999999167 ) ) ;
#8437 = VECTOR ( 'NONE', #10556, 1000.000000000000000 ) ;
#8438 = ORIENTED_EDGE ( 'NONE', *, *, #3876, .T. ) ;
#8439 = PRESENTATION_STYLE_ASSIGNMENT (( #6497 ) ) ;
#8440 = MECHANICAL_DESIGN_GEOMETRIC_PRESENTATION_REPRESENTATION (  '', ( #2338 ), #913 ) ;
#8441 =( LENGTH_UNIT ( ) NAMED_UNIT ( * ) SI_UNIT ( .MILLI., .METRE. ) );
#8442 = DIRECTION ( 'NONE',  ( -1.000000000000000000, -0.000000000000000000, -0.000000000000000000 ) ) ;
#8443 = CARTESIAN_POINT ( 'NONE',  ( 2.375409738600887000, 1.949998880753508690, -0.1000106489190369374 ) ) ;
#8444 = DIRECTION ( 'NONE',  ( 1.000000000000000000, 0.000000000000000000, 0.000000000000000000 ) ) ;
#8445 =( NAMED_UNIT ( * ) PLANE_ANGLE_UNIT ( ) SI_UNIT ( $, .RADIAN. ) );
#8446 = DIRECTION ( 'NONE',  ( 0.000000000000000000, 0.000000000000000000, -1.000000000000000000 ) ) ;
#8447 = ORIENTED_EDGE ( 'NONE', *, *, #2981, .T. ) ;
#8448 = VECTOR ( 'NONE', #9504, 1000.000000000000114 ) ;
#8449 = SURFACE_STYLE_USAGE ( .BOTH. , #10105 ) ;
#8450 =( GEOMETRIC_REPRESENTATION_CONTEXT ( 3 ) GLOBAL_UNCERTAINTY_ASSIGNED_CONTEXT ( ( #907 ) ) GLOBAL_UNIT_ASSIGNED_CONTEXT ( ( #8007, #485, #3088 ) ) REPRESENTATION_CONTEXT ( 'NONE', 'WORKASPACE' ) );
#8451 = ORIENTED_EDGE ( 'NONE', *, *, #1221, .F. ) ;
#8452 = EDGE_CURVE ( 'NONE', #1410, #9362, #3650, .T. ) ;
#8453 = ADVANCED_FACE ( 'NONE', ( #303 ), #469, .T. ) ;
#8454 = ORIENTED_EDGE ( 'NONE', *, *, #2754, .T. ) ;
#8455 = CARTESIAN_POINT ( 'NONE',  ( -1.824999999999999734, -2.106267956964054999, -0.09999999999999999167 ) ) ;
#8456 = DIRECTION ( 'NONE',  ( 0.000000000000000000, 0.000000000000000000, -1.000000000000000000 ) ) ;
#8457 = CARTESIAN_POINT ( 'NONE',  ( -0.1249999999999998890, -3.000000000000000000, -0.3995116203837655866 ) ) ;
#8458 =( GEOMETRIC_REPRESENTATION_CONTEXT ( 3 ) GLOBAL_UNCERTAINTY_ASSIGNED_CONTEXT ( ( #4084 ) ) GLOBAL_UNIT_ASSIGNED_CONTEXT ( ( #5500, #1075, #8710 ) ) REPRESENTATION_CONTEXT ( 'NONE', 'WORKASPACE' ) );
#8459 = EDGE_CURVE ( 'NONE', #8923, #800, #3132, .T. ) ;
#8460 = PLANE ( 'NONE',  #9027 ) ;
#8461 = FACE_OUTER_BOUND ( 'NONE', #7520, .T. ) ;
#8462 = ORIENTED_EDGE ( 'NONE', *, *, #229, .T. ) ;
#8463 = EDGE_CURVE ( 'NONE', #10384, #2997, #8220, .T. ) ;
#8464 = PRESENTATION_STYLE_ASSIGNMENT (( #9082 ) ) ;
#8465 = VECTOR ( 'NONE', #4771, 1000.000000000000000 ) ;
#8466 = DIRECTION ( 'NONE',  ( 0.000000000000000000, -1.000000000000000000, -8.672620682681688006E-17 ) ) ;
#8467 = CARTESIAN_POINT ( 'NONE',  ( 0.5250000000000000222, 1.949999999999999512, 0.1000000000000000056 ) ) ;
#8468 = VERTEX_POINT ( 'NONE', #6375 ) ;
#8469 = DIRECTION ( 'NONE',  ( 1.000000000000000000, 0.000000000000000000, 0.000000000000000000 ) ) ;
#8470 = AXIS2_PLACEMENT_3D ( 'NONE', #1315, #7158, #7034 ) ;
#8471 = DIRECTION ( 'NONE',  ( 0.000000000000000000, -0.8547410349098605309, -0.5190546823227980555 ) ) ;
#8472 =( NAMED_UNIT ( * ) PLANE_ANGLE_UNIT ( ) SI_UNIT ( $, .RADIAN. ) );
#8473 = EDGE_LOOP ( 'NONE', ( #7974, #10741, #4074, #9990 ) ) ;
#8474 = AXIS2_PLACEMENT_3D ( 'NONE', #10328, #1802, #8614 ) ;
#8475 = CARTESIAN_POINT ( 'NONE',  ( -2.449999999999999289, 1.875000000000000444, -0.1000000000000000056 ) ) ;
#8476 = CARTESIAN_POINT ( 'NONE',  ( 1.824999999999999956, -2.135474103490985875, -0.1480945317677201667 ) ) ;
#8477 = ORIENTED_EDGE ( 'NONE', *, *, #849, .T. ) ;
#8478 = SURFACE_STYLE_FILL_AREA ( #5836 ) ;
#8479 =( NAMED_UNIT ( * ) PLANE_ANGLE_UNIT ( ) SI_UNIT ( $, .RADIAN. ) );
#8480 = VECTOR ( 'NONE', #3534, 1000.000000000000000 ) ;
#8481 = EDGE_CURVE ( 'NONE', #5630, #2339, #701, .T. ) ;
#8482 = UNCERTAINTY_MEASURE_WITH_UNIT (LENGTH_MEASURE( 1.000000000000000082E-05 ), #9325, 'distance_accuracy_value', 'NONE');
#8483 = CYLINDRICAL_SURFACE ( 'NONE', #6414, 0.2000000000000000389 ) ;
#8484 = VERTEX_POINT ( 'NONE', #3914 ) ;
#8485 = SURFACE_SIDE_STYLE ('',( #3487 ) ) ;
#8486 = COLOUR_RGB ( '',0.8039215686274510109, 0.8039215686274510109, 0.8039215686274510109 ) ;
#8487 = CIRCLE ( 'NONE', #228, 0.07500000000000002498 ) ;
#8488 = FILL_AREA_STYLE ('',( #5847 ) ) ;
#8489 = ORIENTED_EDGE ( 'NONE', *, *, #5365, .F. ) ;
#8490 =( GEOMETRIC_REPRESENTATION_CONTEXT ( 3 ) GLOBAL_UNCERTAINTY_ASSIGNED_CONTEXT ( ( #772 ) ) GLOBAL_UNIT_ASSIGNED_CONTEXT ( ( #3536, #6968, #9430 ) ) REPRESENTATION_CONTEXT ( 'NONE', 'WORKASPACE' ) );
#8491 =( GEOMETRIC_REPRESENTATION_CONTEXT ( 3 ) GLOBAL_UNCERTAINTY_ASSIGNED_CONTEXT ( ( #3598 ) ) GLOBAL_UNIT_ASSIGNED_CONTEXT ( ( #5756, #9113, #664 ) ) REPRESENTATION_CONTEXT ( 'NONE', 'WORKASPACE' ) );
#8492 =( LENGTH_UNIT ( ) NAMED_UNIT ( * ) SI_UNIT ( .MILLI., .METRE. ) );
#8493 = CYLINDRICAL_SURFACE ( 'NONE', #449, 0.2000000000000000389 ) ;
#8494 = DIRECTION ( 'NONE',  ( 1.000000000000000000, 0.000000000000000000, 0.000000000000000000 ) ) ;
#8495 =( LENGTH_UNIT ( ) NAMED_UNIT ( * ) SI_UNIT ( .MILLI., .METRE. ) );
#8496 = COLOUR_RGB ( '',0.8039215686274510109, 0.8039215686274510109, 0.8039215686274510109 ) ;
#8497 = EDGE_CURVE ( 'NONE', #6792, #2394, #2199, .T. ) ;
#8498 = SURFACE_STYLE_USAGE ( .BOTH. , #5800 ) ;
#8499 = EDGE_CURVE ( 'NONE', #9763, #7665, #6482, .T. ) ;
#8500 = CARTESIAN_POINT ( 'NONE',  ( -2.449999999999999289, 1.950000000000000400, -0.1000000000000000056 ) ) ;
#8501 = PLANE ( 'NONE',  #9404 ) ;
#8502 = PRESENTATION_LAYER_ASSIGNMENT (  '', '', ( #2738 ) ) ;
#8503 = SURFACE_SIDE_STYLE ('',( #2714 ) ) ;
#8504 = COLOUR_RGB ( '',0.8039215686274510109, 0.8039215686274510109, 0.8039215686274510109 ) ;
#8505 = EDGE_LOOP ( 'NONE', ( #2032, #2464, #6251, #7827 ) ) ;
#8506 = ORIENTED_EDGE ( 'NONE', *, *, #2992, .F. ) ;
#8507 = ORIENTED_EDGE ( 'NONE', *, *, #8776, .F. ) ;
#8508 = AXIS2_PLACEMENT_3D ( 'NONE', #5165, #1814, #10779 ) ;
#8509 = MANIFOLD_SOLID_BREP ( 'Boss-Extrude3', #7159 ) ;
#8510 = DIRECTION ( 'NONE',  ( 0.000000000000000000, 0.000000000000000000, -1.000000000000000000 ) ) ;
#8511 =( LENGTH_UNIT ( ) NAMED_UNIT ( * ) SI_UNIT ( .MILLI., .METRE. ) );
#8512 = VECTOR ( 'NONE', #7252, 1000.000000000000000 ) ;
#8513 = SURFACE_SIDE_STYLE ('',( #5930 ) ) ;
#8514 = PRODUCT_DEFINITION_SHAPE ( 'NONE', 'NONE',  #526 ) ;
#8515 = AXIS2_PLACEMENT_3D ( 'NONE', #2871, #1324, #9607 ) ;
#8516 = PRESENTATION_STYLE_ASSIGNMENT (( #2830 ) ) ;
#8517 = MECHANICAL_DESIGN_GEOMETRIC_PRESENTATION_REPRESENTATION (  '', ( #1885 ), #2049 ) ;
#8518 = DIRECTION ( 'NONE',  ( -1.000000000000000000, -0.000000000000000000, -0.000000000000000000 ) ) ;
#8519 = VERTEX_POINT ( 'NONE', #1541 ) ;
#8520 = COLOUR_RGB ( '',0.8039215686274510109, 0.8039215686274510109, 0.8039215686274510109 ) ;
#8521 = ORIENTED_EDGE ( 'NONE', *, *, #4500, .F. ) ;
#8522 = AXIS2_PLACEMENT_3D ( 'NONE', #6628, #5866, #845 ) ;
#8523 = STYLED_ITEM ( 'NONE', ( #7923 ), #818 ) ;
#8524 = COLOUR_RGB ( '',0.8039215686274510109, 0.8039215686274510109, 0.8039215686274510109 ) ;
#8525 = VECTOR ( 'NONE', #6867, 1000.000000000000227 ) ;
#8526 = AXIS2_PLACEMENT_3D ( 'NONE', #6213, #4569, #3590 ) ;
#8527 = AXIS2_PLACEMENT_3D ( 'NONE', #2115, #5412, #3665 ) ;
#8528 = CARTESIAN_POINT ( 'NONE',  ( 1.824999999999999956, 2.277216163946027105, 0.003810936464559766534 ) ) ;
#8529 = ORIENTED_EDGE ( 'NONE', *, *, #27, .F. ) ;
#8530 = EDGE_CURVE ( 'NONE', #8245, #5231, #2424, .T. ) ;
#8531 = CARTESIAN_POINT ( 'NONE',  ( -1.424999999999999822, 1.949999999999999512, 0.1000000000000000056 ) ) ;
#8532 = PRESENTATION_STYLE_ASSIGNMENT (( #169 ) ) ;
#8533 = ORIENTED_EDGE ( 'NONE', *, *, #10475, .F. ) ;
#8534 = AXIS2_PLACEMENT_3D ( 'NONE', #4743, #9807, #8878 ) ;
#8535 = MECHANICAL_DESIGN_GEOMETRIC_PRESENTATION_REPRESENTATION (  '', ( #1172 ), #9581 ) ;
#8536 = DIRECTION ( 'NONE',  ( 0.000000000000000000, 0.06975647374412539958, -0.9975640502598243087 ) ) ;
#8537 = AXIS2_PLACEMENT_3D ( 'NONE', #3525, #2842, #4453 ) ;
#8538 = ORIENTED_EDGE ( 'NONE', *, *, #1556, .T. ) ;
#8539 = STYLED_ITEM ( 'NONE', ( #8662 ), #1763 ) ;
#8540 = CIRCLE ( 'NONE', #1736, 0.1000000000000000194 ) ;
#8541 = AXIS2_PLACEMENT_3D ( 'NONE', #6978, #9481, #314 ) ;
#8542 = CYLINDRICAL_SURFACE ( 'NONE', #8508, 0.1000000000000000194 ) ;
#8543 = ADVANCED_FACE ( 'NONE', ( #3982 ), #2268, .F. ) ;
#8544 =( NAMED_UNIT ( * ) PLANE_ANGLE_UNIT ( ) SI_UNIT ( $, .RADIAN. ) );
#8545 = ORIENTED_EDGE ( 'NONE', *, *, #3790, .T. ) ;
#8546 = PLANE ( 'NONE',  #5541 ) ;
#8547 = FILL_AREA_STYLE ('',( #5390 ) ) ;
#8548 = CARTESIAN_POINT ( 'NONE',  ( 1.824999999999999956, 2.106267956964054999, -0.09999999999999999167 ) ) ;
#8549 = DIRECTION ( 'NONE',  ( 0.000000000000000000, 0.000000000000000000, -1.000000000000000000 ) ) ;
#8550 = ORIENTED_EDGE ( 'NONE', *, *, #508, .F. ) ;
#8551 = AXIS2_PLACEMENT_3D ( 'NONE', #1261, #6975, #3753 ) ;
#8552 = SURFACE_STYLE_FILL_AREA ( #1876 ) ;
#8553 = DIRECTION ( 'NONE',  ( 1.000000000000000000, 0.000000000000000000, 0.000000000000000000 ) ) ;
#8554 =( LENGTH_UNIT ( ) NAMED_UNIT ( * ) SI_UNIT ( .MILLI., .METRE. ) );
#8555 = PRESENTATION_LAYER_ASSIGNMENT (  '', '', ( #2448 ) ) ;
#8556 =( NAMED_UNIT ( * ) PLANE_ANGLE_UNIT ( ) SI_UNIT ( $, .RADIAN. ) );
#8557 =( GEOMETRIC_REPRESENTATION_CONTEXT ( 3 ) GLOBAL_UNCERTAINTY_ASSIGNED_CONTEXT ( ( #2969 ) ) GLOBAL_UNIT_ASSIGNED_CONTEXT ( ( #7550, #4089, #10081 ) ) REPRESENTATION_CONTEXT ( 'NONE', 'WORKASPACE' ) );
#8558 = DIRECTION ( 'NONE',  ( 1.000000000000000000, 0.000000000000000000, 0.000000000000000000 ) ) ;
#8559 = UNCERTAINTY_MEASURE_WITH_UNIT (LENGTH_MEASURE( 1.000000000000000082E-05 ), #8289, 'distance_accuracy_value', 'NONE');
#8560 = CARTESIAN_POINT ( 'NONE',  ( -1.824999999999999734, 2.049999999999999822, -0.2000000000000000111 ) ) ;
#8561 = LINE ( 'NONE', #1036, #2983 ) ;
#8562 = CARTESIAN_POINT ( 'NONE',  ( -0.1249999999999998890, 2.474082528530912928, -0.3203740982435569484 ) ) ;
#8563 = EDGE_CURVE ( 'NONE', #6649, #8282, #10181, .T. ) ;
#8564 = DIRECTION ( 'NONE',  ( 0.000000000000000000, 0.000000000000000000, 1.000000000000000000 ) ) ;
#8565 = VERTEX_POINT ( 'NONE', #865 ) ;
#8566 = ORIENTED_EDGE ( 'NONE', *, *, #9447, .T. ) ;
#8567 = ADVANCED_FACE ( 'NONE', ( #1706 ), #8542, .F. ) ;
#8568 = COLOUR_RGB ( '',0.8039215686274510109, 0.8039215686274510109, 0.8039215686274510109 ) ;
#8569 = FACE_OUTER_BOUND ( 'NONE', #2725, .T. ) ;
#8570 = DIRECTION ( 'NONE',  ( 0.000000000000000000, -0.9975640502598241977, 0.06975647374412535795 ) ) ;
#8571 = SURFACE_STYLE_USAGE ( .BOTH. , #6887 ) ;
#8572 = CARTESIAN_POINT ( 'NONE',  ( 0.1250000000000001110, -2.049999999999999822, -0.1000000000000000056 ) ) ;
#8573 = VERTEX_POINT ( 'NONE', #24 ) ;
#8574 = LINE ( 'NONE', #1050, #5022 ) ;
#8575 = PRESENTATION_LAYER_ASSIGNMENT (  '', '', ( #148 ) ) ;
#8576 = ORIENTED_EDGE ( 'NONE', *, *, #2037, .T. ) ;
#8577 = CARTESIAN_POINT ( 'NONE',  ( -2.074999999999999734, 1.949999999999999512, 0.1000000000000000056 ) ) ;
#8578 = DIRECTION ( 'NONE',  ( 0.1045284632676537068, 0.000000000000000000, 0.9945218953682734009 ) ) ;
#8579 = CARTESIAN_POINT ( 'NONE',  ( 2.335172790808107912, -1.835172790808106802, -0.4749999999999999223 ) ) ;
#8580 = ORIENTED_EDGE ( 'NONE', *, *, #5556, .F. ) ;
#8581 = DIRECTION ( 'NONE',  ( 1.000000000000000000, 0.000000000000000000, 0.000000000000000000 ) ) ;
#8582 = ORIENTED_EDGE ( 'NONE', *, *, #3922, .T. ) ;
#8583 = ADVANCED_FACE ( 'NONE', ( #7544 ), #3479, .T. ) ;
#8584 = DIRECTION ( 'NONE',  ( 0.000000000000000000, 0.000000000000000000, -1.000000000000000000 ) ) ;
#8585 = ADVANCED_FACE ( 'NONE', ( #9302 ), #1647, .F. ) ;
#8586 = CARTESIAN_POINT ( 'NONE',  ( -2.074999999999999734, 1.949999999999999512, 0.1000000000000000056 ) ) ;
#8587 = UNCERTAINTY_MEASURE_WITH_UNIT (LENGTH_MEASURE( 1.000000000000000082E-05 ), #4079, 'distance_accuracy_value', 'NONE');
#8588 = DIRECTION ( 'NONE',  ( 0.000000000000000000, 0.000000000000000000, -1.000000000000000000 ) ) ;
#8589 = ORIENTED_EDGE ( 'NONE', *, *, #4570, .T. ) ;
#8590 =( LENGTH_UNIT ( ) NAMED_UNIT ( * ) SI_UNIT ( .MILLI., .METRE. ) );
#8591 = EDGE_CURVE ( 'NONE', #10180, #6436, #5358, .T. ) ;
#8592 = CARTESIAN_POINT ( 'NONE',  ( 2.375136580382890550, 1.950000000000000622, 0.09999999999999982514 ) ) ;
#8593 = LINE ( 'NONE', #4407, #9525 ) ;
#8594 = VERTEX_POINT ( 'NONE', #5266 ) ;
#8595 = ORIENTED_EDGE ( 'NONE', *, *, #5487, .T. ) ;
#8596 = SURFACE_SIDE_STYLE ('',( #7776 ) ) ;
#8597 = COLOUR_RGB ( '',0.8039215686274510109, 0.8039215686274510109, 0.8039215686274510109 ) ;
#8598 = DIRECTION ( 'NONE',  ( 0.000000000000000000, 0.5190546823227987216, -0.8547410349098599758 ) ) ;
#8599 = LINE ( 'NONE', #9638, #476 ) ;
#8600 = DIRECTION ( 'NONE',  ( 1.000000000000000000, 0.000000000000000000, -0.000000000000000000 ) ) ;
#8601 = VECTOR ( 'NONE', #8630, 1000.000000000000000 ) ;
#8602 = DIRECTION ( 'NONE',  ( 0.000000000000000000, 0.000000000000000000, -1.000000000000000000 ) ) ;
#8603 = VERTEX_POINT ( 'NONE', #7010 ) ;
#8604 = ORIENTED_EDGE ( 'NONE', *, *, #7581, .F. ) ;
#8605 = AXIS2_PLACEMENT_3D ( 'NONE', #3887, #9008, #3780 ) ;
#8606 =( NAMED_UNIT ( * ) PLANE_ANGLE_UNIT ( ) SI_UNIT ( $, .RADIAN. ) );
#8607 = SURFACE_SIDE_STYLE ('',( #3555 ) ) ;
#8608 = EDGE_CURVE ( 'NONE', #2564, #2617, #540, .T. ) ;
#8609 = CARTESIAN_POINT ( 'NONE',  ( -2.335172790808107468, 1.835172790808107690, -0.4749999999999999223 ) ) ;
#8610 = DIRECTION ( 'NONE',  ( 0.000000000000000000, 0.000000000000000000, 1.000000000000000000 ) ) ;
#8611 = LINE ( 'NONE', #10009, #7805 ) ;
#8612 = CARTESIAN_POINT ( 'NONE',  ( 1.425000000000000044, -2.106267956964054999, -0.09999999999999999167 ) ) ;
#8613 =( GEOMETRIC_REPRESENTATION_CONTEXT ( 3 ) GLOBAL_UNCERTAINTY_ASSIGNED_CONTEXT ( ( #705 ) ) GLOBAL_UNIT_ASSIGNED_CONTEXT ( ( #535, #8769, #8828 ) ) REPRESENTATION_CONTEXT ( 'NONE', 'WORKASPACE' ) );
#8614 = DIRECTION ( 'NONE',  ( 0.000000000000000000, 0.000000000000000000, -1.000000000000000000 ) ) ;
#8615 = EDGE_LOOP ( 'NONE', ( #4194, #6144, #2619, #1332 ) ) ;
#8616 = DIRECTION ( 'NONE',  ( 0.000000000000000000, 0.8547410349098599758, 0.5190546823227987216 ) ) ;
#8617 = DIRECTION ( 'NONE',  ( 0.000000000000000000, 0.000000000000000000, 1.000000000000000000 ) ) ;
#8618 =( LENGTH_UNIT ( ) NAMED_UNIT ( * ) SI_UNIT ( .MILLI., .METRE. ) );
#8619 = EDGE_CURVE ( 'NONE', #2263, #447, #6199, .T. ) ;
#8620 = MECHANICAL_DESIGN_GEOMETRIC_PRESENTATION_REPRESENTATION (  '', ( #5275 ), #6157 ) ;
#8621 = CARTESIAN_POINT ( 'NONE',  ( -0.7749999999999999112, -2.135474103490985875, -0.1480945317677201667 ) ) ;
#8622 = SURFACE_STYLE_FILL_AREA ( #5259 ) ;
#8623 = EDGE_CURVE ( 'NONE', #3394, #3762, #9464, .T. ) ;
#8624 = FACE_OUTER_BOUND ( 'NONE', #1484, .T. ) ;
#8625 = ORIENTED_EDGE ( 'NONE', *, *, #8155, .T. ) ;
#8626 = CARTESIAN_POINT ( 'NONE',  ( 1.175000000000000044, -2.559556632021898537, -0.2684686300112771873 ) ) ;
#8627 = CARTESIAN_POINT ( 'NONE',  ( 1.175000000000000044, 3.000000000000000000, -0.3995116203837655866 ) ) ;
#8628 = ORIENTED_EDGE ( 'NONE', *, *, #1821, .T. ) ;
#8629 = DIRECTION ( 'NONE',  ( -1.000000000000000000, -0.000000000000000000, -0.000000000000000000 ) ) ;
#8630 = DIRECTION ( 'NONE',  ( 1.000000000000000000, -0.000000000000000000, -0.000000000000000000 ) ) ;
#8631 = CYLINDRICAL_SURFACE ( 'NONE', #3067, 0.07499999999999998335 ) ;
#8632 = STYLED_ITEM ( 'NONE', ( #8933 ), #1455 ) ;
#8633 = SURFACE_STYLE_FILL_AREA ( #2744 ) ;
#8634 = AXIS2_PLACEMENT_3D ( 'NONE', #9598, #5453, #5294 ) ;
#8635 = ORIENTED_EDGE ( 'NONE', *, *, #7082, .F. ) ;
#8636 = CARTESIAN_POINT ( 'NONE',  ( 1.175000000000000044, -2.552580984647486062, -0.3682250350372596737 ) ) ;
#8637 =( NAMED_UNIT ( * ) SI_UNIT ( $, .STERADIAN. ) SOLID_ANGLE_UNIT ( ) );
#8638 =( NAMED_UNIT ( * ) SI_UNIT ( $, .STERADIAN. ) SOLID_ANGLE_UNIT ( ) );
#8639 = AXIS2_PLACEMENT_3D ( 'NONE', #5606, #5435, #4729 ) ;
#8640 = EDGE_CURVE ( 'NONE', #10543, #1417, #2939, .T. ) ;
#8641 = EDGE_LOOP ( 'NONE', ( #10285, #7066 ) ) ;
#8642 = DIRECTION ( 'NONE',  ( 0.000000000000000000, -0.5190546823227979445, 0.8547410349098604199 ) ) ;
#8643 = CARTESIAN_POINT ( 'NONE',  ( 0.1250000000000001110, -2.277216163946027105, 0.003810936464559766534 ) ) ;
#8644 = SURFACE_SIDE_STYLE ('',( #1938 ) ) ;
#8645 = AXIS2_PLACEMENT_3D ( 'NONE', #816, #2599, #915 ) ;
#8646 = EDGE_LOOP ( 'NONE', ( #7299, #10084, #4371, #4879 ) ) ;
#8647 = EDGE_CURVE ( 'NONE', #723, #6979, #2431, .T. ) ;
#8648 =( LENGTH_UNIT ( ) NAMED_UNIT ( * ) SI_UNIT ( .MILLI., .METRE. ) );
#8649 = SURFACE_STYLE_USAGE ( .BOTH. , #6869 ) ;
#8650 = UNCERTAINTY_MEASURE_WITH_UNIT (LENGTH_MEASURE( 1.000000000000000082E-05 ), #1786, 'distance_accuracy_value', 'NONE');
#8651 = VECTOR ( 'NONE', #10514, 1000.000000000000000 ) ;
#8652 = CARTESIAN_POINT ( 'NONE',  ( -1.750172790808107282, -1.445172790808107122, 0.5399999999999999245 ) ) ;
#8653 = CYLINDRICAL_SURFACE ( 'NONE', #8336, 0.07499999999999998335 ) ;
#8654 = EDGE_CURVE ( 'NONE', #9279, #8117, #7483, .T. ) ;
#8655 = SURFACE_STYLE_FILL_AREA ( #2154 ) ;
#8656 = SURFACE_STYLE_FILL_AREA ( #6936 ) ;
#8657 = CARTESIAN_POINT ( 'NONE',  ( -1.424999999999999822, 1.949999999999999512, 0.1000000000000000056 ) ) ;
#8658 = ORIENTED_EDGE ( 'NONE', *, *, #1158, .T. ) ;
#8659 = CARTESIAN_POINT ( 'NONE',  ( -1.424999999999999822, -2.486996912233147228, -0.5641273295552871048 ) ) ;
#8660 = ORIENTED_EDGE ( 'NONE', *, *, #2254, .T. ) ;
#8661 = MECHANICAL_DESIGN_GEOMETRIC_PRESENTATION_REPRESENTATION (  '', ( #5312 ), #2561 ) ;
#8662 = PRESENTATION_STYLE_ASSIGNMENT (( #2923 ) ) ;
#8663 = DIRECTION ( 'NONE',  ( 1.000000000000000000, 0.000000000000000000, 0.000000000000000000 ) ) ;
#8664 = CARTESIAN_POINT ( 'NONE',  ( -0.7749999999999999112, -2.486996912233147228, -0.5641273295552871048 ) ) ;
#8665 = PRESENTATION_LAYER_ASSIGNMENT (  '', '', ( #3250 ) ) ;
#8666 = SURFACE_SIDE_STYLE ('',( #7738 ) ) ;
#8667 = CARTESIAN_POINT ( 'NONE',  ( 2.000000000000000000, 1.325000000000000400, -0.4499999999999999556 ) ) ;
#8668 = ORIENTED_EDGE ( 'NONE', *, *, #7048, .T. ) ;
#8669 = DIRECTION ( 'NONE',  ( 0.000000000000000000, 8.672620682681688006E-17, 1.000000000000000000 ) ) ;
#8670 = COLOUR_RGB ( '',0.8039215686274510109, 0.8039215686274510109, 0.8039215686274510109 ) ;
#8671 = VECTOR ( 'NONE', #7157, 1000.000000000000000 ) ;
#8672 = AXIS2_PLACEMENT_3D ( 'NONE', #9347, #6096, #6799 ) ;
#8673 =( NAMED_UNIT ( * ) SI_UNIT ( $, .STERADIAN. ) SOLID_ANGLE_UNIT ( ) );
#8674 = AXIS2_PLACEMENT_3D ( 'NONE', #7254, #9734, #6429 ) ;
#8675 = EDGE_LOOP ( 'NONE', ( #896, #1424, #8281 ) ) ;
#8676 = VECTOR ( 'NONE', #10794, 1000.000000000000000 ) ;
#8677 = MANIFOLD_SOLID_BREP ( 'LPattern1[7]', #5772 ) ;
#8678 = CARTESIAN_POINT ( 'NONE',  ( -0.1249999999999998890, 2.559556632021898537, -0.2684686300112771873 ) ) ;
#8679 = COLOUR_RGB ( '',0.8039215686274510109, 0.8039215686274510109, 0.8039215686274510109 ) ;
#8680 = FILL_AREA_STYLE ('',( #4346 ) ) ;
#8681 = CARTESIAN_POINT ( 'NONE',  ( 2.449999999999998845, -1.875136580382890994, 0.09999999999999993616 ) ) ;
#8682 = MECHANICAL_DESIGN_GEOMETRIC_PRESENTATION_REPRESENTATION (  '', ( #4829 ), #5339 ) ;
#8683 = LINE ( 'NONE', #221, #5001 ) ;
#8684 = ORIENTED_EDGE ( 'NONE', *, *, #6453, .F. ) ;
#8685 =( NAMED_UNIT ( * ) SI_UNIT ( $, .STERADIAN. ) SOLID_ANGLE_UNIT ( ) );
#8686 = ADVANCED_FACE ( 'NONE', ( #225 ), #291, .T. ) ;
#8687 = FILL_AREA_STYLE ('',( #6042 ) ) ;
#8688 = EDGE_CURVE ( 'NONE', #9943, #2073, #6468, .T. ) ;
#8689 = ORIENTED_EDGE ( 'NONE', *, *, #10833, .F. ) ;
#8690 = PRESENTATION_LAYER_ASSIGNMENT (  '', '', ( #3594 ) ) ;
#8691 = COLOUR_RGB ( '',0.8039215686274510109, 0.8039215686274510109, 0.8039215686274510109 ) ;
#8692 = PRESENTATION_LAYER_ASSIGNMENT (  '', '', ( #2596 ) ) ;
#8693 = EDGE_CURVE ( 'NONE', #4880, #1090, #1152, .T. ) ;
#8694 =( GEOMETRIC_REPRESENTATION_CONTEXT ( 3 ) GLOBAL_UNCERTAINTY_ASSIGNED_CONTEXT ( ( #10675 ) ) GLOBAL_UNIT_ASSIGNED_CONTEXT ( ( #3244, #9933, #3341 ) ) REPRESENTATION_CONTEXT ( 'NONE', 'WORKASPACE' ) );
#8695 = CARTESIAN_POINT ( 'NONE',  ( -0.1249999999999998890, -2.277216163946027105, 0.003810936464559820311 ) ) ;
#8696 = AXIS2_PLACEMENT_3D ( 'NONE', #5007, #10133, #119 ) ;
#8697 = COLOUR_RGB ( '',0.8039215686274510109, 0.8039215686274510109, 0.8039215686274510109 ) ;
#8698 = UNCERTAINTY_MEASURE_WITH_UNIT (LENGTH_MEASURE( 1.000000000000000082E-05 ), #6934, 'distance_accuracy_value', 'NONE');
#8699 = CARTESIAN_POINT ( 'NONE',  ( 0.5250000000000000222, 2.049999999999999822, -0.1000000000000000056 ) ) ;
#8700 = ORIENTED_EDGE ( 'NONE', *, *, #1019, .T. ) ;
#8701 = STYLED_ITEM ( 'NONE', ( #4302 ), #4352 ) ;
#8702 = FILL_AREA_STYLE_COLOUR ( '', #5744 ) ;
#8703 = VECTOR ( 'NONE', #5615, 1000.000000000000000 ) ;
#8704 = SURFACE_STYLE_FILL_AREA ( #10352 ) ;
#8705 = MECHANICAL_DESIGN_GEOMETRIC_PRESENTATION_REPRESENTATION (  '', ( #5895 ), #3612 ) ;
#8706 = LINE ( 'NONE', #1197, #8340 ) ;
#8707 = EDGE_LOOP ( 'NONE', ( #2403, #270, #3062, #9908, #1492, #3581, #5427, #4996 ) ) ;
#8708 = VECTOR ( 'NONE', #10473, 1000.000000000000114 ) ;
#8709 = CARTESIAN_POINT ( 'NONE',  ( 0.5250000000000000222, -3.000000000000000000, -0.6000000000000000888 ) ) ;
#8710 =( NAMED_UNIT ( * ) SI_UNIT ( $, .STERADIAN. ) SOLID_ANGLE_UNIT ( ) );
#8711 = DIRECTION ( 'NONE',  ( 0.000000000000000000, -0.9945218953682732899, 0.1045284632676538178 ) ) ;
#8712 = SURFACE_STYLE_FILL_AREA ( #5341 ) ;
#8713 = DIRECTION ( 'NONE',  ( 1.000000000000000000, 0.000000000000000000, 0.000000000000000000 ) ) ;
#8714 = VECTOR ( 'NONE', #5906, 1000.000000000000000 ) ;
#8715 = DIRECTION ( 'NONE',  ( 0.000000000000000000, 0.000000000000000000, 1.000000000000000000 ) ) ;
#8716 = MECHANICAL_DESIGN_GEOMETRIC_PRESENTATION_REPRESENTATION (  '', ( #8198 ), #5739 ) ;
#8717 = FILL_AREA_STYLE_COLOUR ( '', #9255 ) ;
#8718 =( NAMED_UNIT ( * ) PLANE_ANGLE_UNIT ( ) SI_UNIT ( $, .RADIAN. ) );
#8719 =( NAMED_UNIT ( * ) SI_UNIT ( $, .STERADIAN. ) SOLID_ANGLE_UNIT ( ) );
#8720 = CARTESIAN_POINT ( 'NONE',  ( -1.424999999999999822, 2.277216163946027105, 0.003810936464559766534 ) ) ;
#8721 = EDGE_CURVE ( 'NONE', #5416, #6840, #8851, .T. ) ;
#8722 = SURFACE_STYLE_USAGE ( .BOTH. , #2865 ) ;
#8723 = MECHANICAL_DESIGN_GEOMETRIC_PRESENTATION_REPRESENTATION (  '', ( #3437 ), #4648 ) ;
#8724 = ORIENTED_EDGE ( 'NONE', *, *, #2905, .F. ) ;
#8725 = PRESENTATION_LAYER_ASSIGNMENT (  '', '', ( #1390 ) ) ;
#8726 = ADVANCED_FACE ( 'NONE', ( #615 ), #8917, .T. ) ;
#8727 = EDGE_CURVE ( 'NONE', #9786, #2133, #7962, .T. ) ;
#8728 = DIRECTION ( 'NONE',  ( -1.000000000000000000, -0.000000000000000000, -0.000000000000000000 ) ) ;
#8729 = DIRECTION ( 'NONE',  ( 0.000000000000000000, 1.000000000000000000, -8.672620682681688006E-17 ) ) ;
#8730 =( NAMED_UNIT ( * ) PLANE_ANGLE_UNIT ( ) SI_UNIT ( $, .RADIAN. ) );
#8731 = CARTESIAN_POINT ( 'NONE',  ( -2.375409738600887444, -1.949998880753507802, -0.1000106489190369374 ) ) ;
#8732 = ADVANCED_FACE ( 'NONE', ( #3964 ), #9892, .T. ) ;
#8733 = ORIENTED_EDGE ( 'NONE', *, *, #8991, .F. ) ;
#8734 = SURFACE_STYLE_USAGE ( .BOTH. , #8066 ) ;
#8735 = FILL_AREA_STYLE_COLOUR ( '', #813 ) ;
#8736 = LINE ( 'NONE', #10278, #2681 ) ;
#8737 = SURFACE_STYLE_FILL_AREA ( #1457 ) ;
#8738 = ORIENTED_EDGE ( 'NONE', *, *, #10247, .F. ) ;
#8739 = COLOUR_RGB ( '',0.8039215686274510109, 0.8039215686274510109, 0.8039215686274510109 ) ;
#8740 = CARTESIAN_POINT ( 'NONE',  ( 1.425000000000000044, -2.277216163946027105, 0.003810936464559766534 ) ) ;
#8741 =( LENGTH_UNIT ( ) NAMED_UNIT ( * ) SI_UNIT ( .MILLI., .METRE. ) );
#8742 = CARTESIAN_POINT ( 'NONE',  ( 1.175000000000000044, 3.000000000000000000, -0.6000000000000000888 ) ) ;
#8743 = VERTEX_POINT ( 'NONE', #2405 ) ;
#8744 = CARTESIAN_POINT ( 'NONE',  ( 2.000000000000000000, -1.324999999999999512, -0.5499999999999999334 ) ) ;
#8745 = ORIENTED_EDGE ( 'NONE', *, *, #9513, .F. ) ;
#8746 = SURFACE_STYLE_FILL_AREA ( #339 ) ;
#8747 = CARTESIAN_POINT ( 'NONE',  ( -0.1249999999999998890, 2.106267956964054999, -0.09999999999999999167 ) ) ;
#8748 = EDGE_CURVE ( 'NONE', #2256, #696, #2185, .T. ) ;
#8749 = EDGE_LOOP ( 'NONE', ( #7774, #6995, #1961, #2832 ) ) ;
#8750 =( NAMED_UNIT ( * ) PLANE_ANGLE_UNIT ( ) SI_UNIT ( $, .RADIAN. ) );
#8751 = SURFACE_STYLE_USAGE ( .BOTH. , #4520 ) ;
#8752 = ORIENTED_EDGE ( 'NONE', *, *, #2549, .F. ) ;
#8753 = CARTESIAN_POINT ( 'NONE',  ( 2.375273160256223370, 1.949999626916908868, -0.1000035496485075226 ) ) ;
#8754 = CARTESIAN_POINT ( 'NONE',  ( 0.1250000000000001110, 1.949999999999999512, 0.1000000000000000056 ) ) ;
#8755 = ORIENTED_EDGE ( 'NONE', *, *, #10850, .T. ) ;
#8756 = FACE_OUTER_BOUND ( 'NONE', #6569, .T. ) ;
#8757 = PLANE ( 'NONE',  #1030 ) ;
#8758 = EDGE_CURVE ( 'NONE', #10045, #1804, #4666, .T. ) ;
#8759 = CARTESIAN_POINT ( 'NONE',  ( -1.750172790808107282, -1.445172790808107122, 0.5399999999999999245 ) ) ;
#8760 = UNCERTAINTY_MEASURE_WITH_UNIT (LENGTH_MEASURE( 1.000000000000000082E-05 ), #5901, 'distance_accuracy_value', 'NONE');
#8761 = DIRECTION ( 'NONE',  ( 0.000000000000000000, -1.000000000000000000, -8.672620682681688006E-17 ) ) ;
#8762 = CARTESIAN_POINT ( 'NONE',  ( 2.449999999999998845, 1.875000000000000444, -0.1000000000000000056 ) ) ;
#8763 = SURFACE_SIDE_STYLE ('',( #7032 ) ) ;
#8764 =( NAMED_UNIT ( * ) PLANE_ANGLE_UNIT ( ) SI_UNIT ( $, .RADIAN. ) );
#8765 = DIRECTION ( 'NONE',  ( 1.000000000000000000, 0.000000000000000000, 0.000000000000000000 ) ) ;
#8766 = FACE_OUTER_BOUND ( 'NONE', #4789, .T. ) ;
#8767 = VERTEX_POINT ( 'NONE', #3845 ) ;
#8768 = CARTESIAN_POINT ( 'NONE',  ( 0.000000000000000000, 1.835172790808107690, -0.5499999999999999334 ) ) ;
#8769 =( NAMED_UNIT ( * ) PLANE_ANGLE_UNIT ( ) SI_UNIT ( $, .RADIAN. ) );
#8770 = VECTOR ( 'NONE', #1692, 1000.000000000000114 ) ;
#8771 = DIRECTION ( 'NONE',  ( 0.000000000000000000, -1.000000000000000000, 0.000000000000000000 ) ) ;
#8772 =( NAMED_UNIT ( * ) SI_UNIT ( $, .STERADIAN. ) SOLID_ANGLE_UNIT ( ) );
#8773 = SURFACE_STYLE_FILL_AREA ( #5525 ) ;
#8774 = CARTESIAN_POINT ( 'NONE',  ( -2.074999999999999734, 3.000000000000000000, -0.6000000000000000888 ) ) ;
#8775 = CARTESIAN_POINT ( 'NONE',  ( 1.824999999999999956, 2.049999999999999822, -0.2000000000000000111 ) ) ;
#8776 = EDGE_CURVE ( 'NONE', #2190, #1834, #2303, .T. ) ;
#8777 = EDGE_LOOP ( 'NONE', ( #1109, #5056, #6113, #6783 ) ) ;
#8778 = EDGE_CURVE ( 'NONE', #1417, #7580, #116, .T. ) ;
#8779 = DIRECTION ( 'NONE',  ( 0.000000000000000000, 0.000000000000000000, 1.000000000000000000 ) ) ;
#8780 = VECTOR ( 'NONE', #3565, 1000.000000000000000 ) ;
#8781 = FILL_AREA_STYLE_COLOUR ( '', #7819 ) ;
#8782 = DIRECTION ( 'NONE',  ( 1.000000000000000000, 0.000000000000000000, 0.000000000000000000 ) ) ;
#8783 = EDGE_CURVE ( 'NONE', #6516, #3994, #6636, .T. ) ;
#8784 = CYLINDRICAL_SURFACE ( 'NONE', #5169, 0.2000000000000000389 ) ;
#8785 = EDGE_LOOP ( 'NONE', ( #4217, #8947, #8119, #6184 ) ) ;
#8786 = STYLED_ITEM ( 'NONE', ( #3187 ), #10242 ) ;
#8787 = CARTESIAN_POINT ( 'NONE',  ( -2.418963392251840983, 1.949760935694445863, 0.1022745449310375337 ) ) ;
#8788 = EDGE_CURVE ( 'NONE', #9362, #1074, #7638, .T. ) ;
#8789 = LINE ( 'NONE', #443, #10283 ) ;
#8790 = ORIENTED_EDGE ( 'NONE', *, *, #7233, .T. ) ;
#8791 = CARTESIAN_POINT ( 'NONE',  ( 0.5250000000000000222, 2.277216163946027105, 0.003810936464559820311 ) ) ;
#8792 = CARTESIAN_POINT ( 'NONE',  ( -1.174999999999999822, -2.559556632021898537, -0.2684686300112771873 ) ) ;
#8793 = ORIENTED_EDGE ( 'NONE', *, *, #3046, .T. ) ;
#8794 = COLOUR_RGB ( '',0.8039215686274510109, 0.8039215686274510109, 0.8039215686274510109 ) ;
#8795 = PRESENTATION_STYLE_ASSIGNMENT (( #7363 ) ) ;
#8796 = VECTOR ( 'NONE', #4697, 1000.000000000000000 ) ;
#8797 = CARTESIAN_POINT ( 'NONE',  ( -1.824999999999999734, 2.277216163946027105, 0.003810936464559820311 ) ) ;
#8798 = DIRECTION ( 'NONE',  ( -0.1039620511844979028, -0.1039620511844980277, 0.9891328443778538704 ) ) ;
#8799 = UNCERTAINTY_MEASURE_WITH_UNIT (LENGTH_MEASURE( 1.000000000000000082E-05 ), #7390, 'distance_accuracy_value', 'NONE');
#8800 = DIRECTION ( 'NONE',  ( 1.000000000000000000, 0.000000000000000000, -0.000000000000000000 ) ) ;
#8801 = VERTEX_POINT ( 'NONE', #10125 ) ;
#8802 =( NAMED_UNIT ( * ) SI_UNIT ( $, .STERADIAN. ) SOLID_ANGLE_UNIT ( ) );
#8803 = CYLINDRICAL_SURFACE ( 'NONE', #2364, 0.2000000000000000389 ) ;
#8804 = VECTOR ( 'NONE', #9798, 1000.000000000000000 ) ;
#8805 = ORIENTED_EDGE ( 'NONE', *, *, #10060, .T. ) ;
#8806 = DIRECTION ( 'NONE',  ( 1.000000000000000000, 0.000000000000000000, 0.000000000000000000 ) ) ;
#8807 = ORIENTED_EDGE ( 'NONE', *, *, #6158, .F. ) ;
#8808 = FACE_OUTER_BOUND ( 'NONE', #3851, .T. ) ;
#8809 = CARTESIAN_POINT ( 'NONE',  ( -0.5249999999999999112, 2.135474103490985875, -0.1480945317677201667 ) ) ;
#8810 = MANIFOLD_SOLID_BREP ( 'Cut-Extrude2', #1953 ) ;
#8811 = PRESENTATION_LAYER_ASSIGNMENT (  '', '', ( #5116 ) ) ;
#8812 = EDGE_CURVE ( 'NONE', #7751, #10007, #898, .T. ) ;
#8813 = CARTESIAN_POINT ( 'NONE',  ( -2.074999999999999734, -1.949999999999999512, 0.1000000000000000056 ) ) ;
#8814 =( NAMED_UNIT ( * ) SI_UNIT ( $, .STERADIAN. ) SOLID_ANGLE_UNIT ( ) );
#8815 = CIRCLE ( 'NONE', #4071, 0.07499999999999998335 ) ;
#8816 = DIRECTION ( 'NONE',  ( -1.000000000000000000, 0.000000000000000000, 0.000000000000000000 ) ) ;
#8817 =( NAMED_UNIT ( * ) PLANE_ANGLE_UNIT ( ) SI_UNIT ( $, .RADIAN. ) );
#8818 = DIRECTION ( 'NONE',  ( 0.000000000000000000, -0.9945218953682732899, -0.1045284632676538178 ) ) ;
#8819 = DIRECTION ( 'NONE',  ( 0.000000000000000000, 1.000000000000000000, 0.000000000000000000 ) ) ;
#8820 = VERTEX_POINT ( 'NONE', #4230 ) ;
#8821 =( NAMED_UNIT ( * ) SI_UNIT ( $, .STERADIAN. ) SOLID_ANGLE_UNIT ( ) );
#8822 = CIRCLE ( 'NONE', #2541, 0.07500000000000003886 ) ;
#8823 = CARTESIAN_POINT ( 'NONE',  ( -1.824999999999999734, 2.106267956964054999, -0.09999999999999999167 ) ) ;
#8824 = AXIS2_PLACEMENT_3D ( 'NONE', #8028, #7184, #10549 ) ;
#8825 = EDGE_CURVE ( 'NONE', #8395, #1004, #5721, .T. ) ;
#8826 = ORIENTED_EDGE ( 'NONE', *, *, #8563, .T. ) ;
#8827 = VECTOR ( 'NONE', #3839, 1000.000000000000000 ) ;
#8828 =( NAMED_UNIT ( * ) SI_UNIT ( $, .STERADIAN. ) SOLID_ANGLE_UNIT ( ) );
#8829 =( GEOMETRIC_REPRESENTATION_CONTEXT ( 3 ) GLOBAL_UNCERTAINTY_ASSIGNED_CONTEXT ( ( #8879 ) ) GLOBAL_UNIT_ASSIGNED_CONTEXT ( ( #9508, #5490, #4456 ) ) REPRESENTATION_CONTEXT ( 'NONE', 'WORKASPACE' ) );
#8830 = DIRECTION ( 'NONE',  ( 1.000000000000000000, 0.000000000000000000, 0.000000000000000000 ) ) ;
#8831 = EDGE_CURVE ( 'NONE', #1587, #2421, #8371, .T. ) ;
#8832 = DIRECTION ( 'NONE',  ( 0.000000000000000000, -1.000000000000000000, 0.000000000000000000 ) ) ;
#8833 = MECHANICAL_DESIGN_GEOMETRIC_PRESENTATION_REPRESENTATION (  '', ( #6014 ), #1504 ) ;
#8834 =( GEOMETRIC_REPRESENTATION_CONTEXT ( 3 ) GLOBAL_UNCERTAINTY_ASSIGNED_CONTEXT ( ( #8011 ) ) GLOBAL_UNIT_ASSIGNED_CONTEXT ( ( #9910, #6541, #8328 ) ) REPRESENTATION_CONTEXT ( 'NONE', 'WORKASPACE' ) );
#8835 = VERTEX_POINT ( 'NONE', #3314 ) ;
#8836 = DIRECTION ( 'NONE',  ( 0.000000000000000000, 1.000000000000000000, -8.672620682681688006E-17 ) ) ;
#8837 = COLOUR_RGB ( '',0.8039215686274510109, 0.8039215686274510109, 0.8039215686274510109 ) ;
#8838 = ORIENTED_EDGE ( 'NONE', *, *, #3491, .T. ) ;
#8839 = EDGE_LOOP ( 'NONE', ( #6104, #4448, #1965, #8938 ) ) ;
#8840 = FACE_BOUND ( 'NONE', #7685, .T. ) ;
#8841 = EDGE_CURVE ( 'NONE', #6971, #6840, #4064, .T. ) ;
#8842 = ORIENTED_EDGE ( 'NONE', *, *, #3257, .T. ) ;
#8843 = DIRECTION ( 'NONE',  ( 0.000000000000000000, 0.000000000000000000, -1.000000000000000000 ) ) ;
#8844 = CARTESIAN_POINT ( 'NONE',  ( -2.335172790808108356, 1.835172790808107690, -0.4749999999999999223 ) ) ;
#8845 = CARTESIAN_POINT ( 'NONE',  ( 2.449998880753506914, 1.875409738600888332, 0.1000106489190370346 ) ) ;
#8846 = ORIENTED_EDGE ( 'NONE', *, *, #10333, .T. ) ;
#8847 = SURFACE_STYLE_USAGE ( .BOTH. , #7131 ) ;
#8848 = LINE ( 'NONE', #8031, #8465 ) ;
#8849 = VERTEX_POINT ( 'NONE', #5818 ) ;
#8850 = EDGE_CURVE ( 'NONE', #4348, #6, #4275, .T. ) ;
#8851 = LINE ( 'NONE', #557, #7275 ) ;
#8852 = PRESENTATION_STYLE_ASSIGNMENT (( #509 ) ) ;
#8853 = FILL_AREA_STYLE_COLOUR ( '', #4791 ) ;
#8854 =( GEOMETRIC_REPRESENTATION_CONTEXT ( 3 ) GLOBAL_UNCERTAINTY_ASSIGNED_CONTEXT ( ( #1482 ) ) GLOBAL_UNIT_ASSIGNED_CONTEXT ( ( #3210, #9728, #6521 ) ) REPRESENTATION_CONTEXT ( 'NONE', 'WORKASPACE' ) );
#8855 = ADVANCED_FACE ( 'NONE', ( #3470 ), #3261, .T. ) ;
#8856 = SURFACE_STYLE_FILL_AREA ( #6258 ) ;
#8857 = ORIENTED_EDGE ( 'NONE', *, *, #9195, .F. ) ;
#8858 = CARTESIAN_POINT ( 'NONE',  ( 0.7750000000000001332, -3.000000000000000000, -0.6000000000000000888 ) ) ;
#8859 = AXIS2_PLACEMENT_3D ( 'NONE', #2409, #5002, #7587 ) ;
#8860 = ORIENTED_EDGE ( 'NONE', *, *, #1316, .T. ) ;
#8861 =( GEOMETRIC_REPRESENTATION_CONTEXT ( 3 ) GLOBAL_UNCERTAINTY_ASSIGNED_CONTEXT ( ( #6090 ) ) GLOBAL_UNIT_ASSIGNED_CONTEXT ( ( #489, #4588, #3879 ) ) REPRESENTATION_CONTEXT ( 'NONE', 'WORKASPACE' ) );
#8862 = SURFACE_STYLE_USAGE ( .BOTH. , #10305 ) ;
#8863 = VERTEX_POINT ( 'NONE', #8417 ) ;
#8864 = MECHANICAL_DESIGN_GEOMETRIC_PRESENTATION_REPRESENTATION (  '', ( #2776 ), #5870 ) ;
#8865 = DIRECTION ( 'NONE',  ( 1.000000000000000000, 0.000000000000000000, 0.000000000000000000 ) ) ;
#8867 = CARTESIAN_POINT ( 'NONE',  ( -0.5249999999999999112, -2.559556632021898537, -0.2684686300112771873 ) ) ;
#8866 = DIRECTION ( 'NONE',  ( 1.000000000000000000, 0.000000000000000000, 0.000000000000000000 ) ) ;
#8868 = PRESENTATION_LAYER_ASSIGNMENT (  '', '', ( #981 ) ) ;
#8869 = ORIENTED_EDGE ( 'NONE', *, *, #6665, .T. ) ;
#8870 = EDGE_CURVE ( 'NONE', #2768, #3731, #6796, .T. ) ;
#8871 = VECTOR ( 'NONE', #6705, 1000.000000000000227 ) ;
#8872 = CARTESIAN_POINT ( 'NONE',  ( 2.000000000000000000, -1.324999999999999512, -0.4499999999999999556 ) ) ;
#8873 = COLOUR_RGB ( '',0.8039215686274510109, 0.8039215686274510109, 0.8039215686274510109 ) ;
#8874 = PRESENTATION_STYLE_ASSIGNMENT (( #406 ) ) ;
#8875 =( NAMED_UNIT ( * ) PLANE_ANGLE_UNIT ( ) SI_UNIT ( $, .RADIAN. ) );
#8876 = CARTESIAN_POINT ( 'NONE',  ( -2.409761932960727826, -1.835172790808106802, 0.4828396347450739090 ) ) ;
#8877 = PRESENTATION_LAYER_ASSIGNMENT (  '', '', ( #3953 ) ) ;
#8878 = DIRECTION ( 'NONE',  ( 0.000000000000000000, -0.000000000000000000, 1.000000000000000000 ) ) ;
#8879 = UNCERTAINTY_MEASURE_WITH_UNIT (LENGTH_MEASURE( 1.000000000000000082E-05 ), #9508, 'distance_accuracy_value', 'NONE');
#8880 = AXIS2_PLACEMENT_3D ( 'NONE', #6640, #9250, #7591 ) ;
#8881 = FACE_OUTER_BOUND ( 'NONE', #4139, .T. ) ;
#8882 = LINE ( 'NONE', #3079, #798 ) ;
#8883 = DIRECTION ( 'NONE',  ( 1.000000000000000000, 0.000000000000000000, 0.000000000000000000 ) ) ;
#8884 = CARTESIAN_POINT ( 'NONE',  ( 0.7750000000000001332, -2.559556632021898537, -0.2684686300112771873 ) ) ;
#8885 = SURFACE_STYLE_FILL_AREA ( #532 ) ;
#8886 = CARTESIAN_POINT ( 'NONE',  ( -1.174999999999999822, -3.000000000000000000, -0.3995116203837655866 ) ) ;
#8887 =( GEOMETRIC_REPRESENTATION_CONTEXT ( 3 ) GLOBAL_UNCERTAINTY_ASSIGNED_CONTEXT ( ( #3528 ) ) GLOBAL_UNIT_ASSIGNED_CONTEXT ( ( #10310, #7088, #5401 ) ) REPRESENTATION_CONTEXT ( 'NONE', 'WORKASPACE' ) );
#8888 = EDGE_LOOP ( 'NONE', ( #6981, #2667, #376, #1242 ) ) ;
#8889 = VECTOR ( 'NONE', #4029, 1000.000000000000000 ) ;
#8890 = STYLED_ITEM ( 'NONE', ( #787 ), #6462 ) ;
#8891 = AXIS2_PLACEMENT_3D ( 'NONE', #3082, #10525, #4632 ) ;
#8892 = CARTESIAN_POINT ( 'NONE',  ( 1.824999999999999956, -2.552580984647486062, -0.3682250350372594516 ) ) ;
#8893 = CARTESIAN_POINT ( 'NONE',  ( 2.335172790808107024, 1.909761932960728270, -0.4828396347450739645 ) ) ;
#8894 = LINE ( 'NONE', #10652, #2735 ) ;
#8895 = UNCERTAINTY_MEASURE_WITH_UNIT (LENGTH_MEASURE( 1.000000000000000082E-05 ), #4081, 'distance_accuracy_value', 'NONE');
#8896 = CARTESIAN_POINT ( 'NONE',  ( 1.175000000000000044, -1.949999999999999512, 0.1000000000000000056 ) ) ;
#8897 = SURFACE_SIDE_STYLE ('',( #5524 ) ) ;
#8898 = SURFACE_SIDE_STYLE ('',( #8773 ) ) ;
#8899 = ADVANCED_FACE ( 'NONE', ( #9957 ), #2466, .T. ) ;
#8900 = DIRECTION ( 'NONE',  ( 0.1039620511844979306, -0.1039620511844979445, 0.9891328443778538704 ) ) ;
#8901 = AXIS2_PLACEMENT_3D ( 'NONE', #6678, #58, #7410 ) ;
#8902 = ORIENTED_EDGE ( 'NONE', *, *, #5093, .T. ) ;
#8903 = ORIENTED_EDGE ( 'NONE', *, *, #263, .F. ) ;
#8904 = ADVANCED_FACE ( 'NONE', ( #3626 ), #212, .T. ) ;
#8905 = PRESENTATION_LAYER_ASSIGNMENT (  '', '', ( #10307 ) ) ;
#8906 = ORIENTED_EDGE ( 'NONE', *, *, #4783, .F. ) ;
#8907 = ORIENTED_EDGE ( 'NONE', *, *, #9568, .F. ) ;
#8908 = VECTOR ( 'NONE', #3243, 1000.000000000000114 ) ;
#8909 = CARTESIAN_POINT ( 'NONE',  ( 0.7750000000000001332, 2.559556632021898537, -0.2684686300112771873 ) ) ;
#8910 = ADVANCED_FACE ( 'NONE', ( #9402 ), #6839, .T. ) ;
#8911 = CARTESIAN_POINT ( 'NONE',  ( -0.7749999999999999112, -2.049999999999999822, -0.1000000000000000056 ) ) ;
#8912 =( NAMED_UNIT ( * ) SI_UNIT ( $, .STERADIAN. ) SOLID_ANGLE_UNIT ( ) );
#8913 = DIRECTION ( 'NONE',  ( 0.000000000000000000, 0.000000000000000000, -1.000000000000000000 ) ) ;
#8914 = FACE_OUTER_BOUND ( 'NONE', #7143, .T. ) ;
#8915 =( NAMED_UNIT ( * ) PLANE_ANGLE_UNIT ( ) SI_UNIT ( $, .RADIAN. ) );
#8916 = VERTEX_POINT ( 'NONE', #6032 ) ;
#8917 = CYLINDRICAL_SURFACE ( 'NONE', #2581, 0.07500000000000002498 ) ;
#8918 = MECHANICAL_DESIGN_GEOMETRIC_PRESENTATION_REPRESENTATION (  '', ( #6791 ), #2975 ) ;
#8919 = UNCERTAINTY_MEASURE_WITH_UNIT (LENGTH_MEASURE( 1.000000000000000082E-05 ), #5965, 'distance_accuracy_value', 'NONE');
#8920 = ORIENTED_EDGE ( 'NONE', *, *, #4529, .F. ) ;
#8921 = CARTESIAN_POINT ( 'NONE',  ( -2.449999999999999289, -1.909761932960727382, -0.4828396347450740200 ) ) ;
#8922 = LINE ( 'NONE', #10622, #7993 ) ;
#8923 = VERTEX_POINT ( 'NONE', #5215 ) ;
#8925 = CARTESIAN_POINT ( 'NONE',  ( -1.945172790808107344, -1.445172790808107122, 0.5399999999999999245 ) ) ;
#8924 = CARTESIAN_POINT ( 'NONE',  ( -2.449999999999999289, -1.949999999999999512, 0.1000000000000000056 ) ) ;
#8926 = VERTEX_POINT ( 'NONE', #6289 ) ;
#8927 = EDGE_CURVE ( 'NONE', #2394, #2523, #431, .T. ) ;
#8928 = AXIS2_PLACEMENT_3D ( 'NONE', #7940, #3709, #3823 ) ;
#8929 = ADVANCED_FACE ( 'NONE', ( #2935 ), #4919, .T. ) ;
#8930 = CARTESIAN_POINT ( 'NONE',  ( -1.424999999999999822, -2.049999999999999822, -0.2000000000000000111 ) ) ;
#8931 = VERTEX_POINT ( 'NONE', #10798 ) ;
#8932 = DIRECTION ( 'NONE',  ( 1.000000000000000000, 0.000000000000000000, 0.000000000000000000 ) ) ;
#8933 = PRESENTATION_STYLE_ASSIGNMENT (( #5565 ) ) ;
#8934 = DIRECTION ( 'NONE',  ( 0.000000000000000000, 0.000000000000000000, -1.000000000000000000 ) ) ;
#8935 = FILL_AREA_STYLE ('',( #8226 ) ) ;
#8936 = DIRECTION ( 'NONE',  ( 0.000000000000000000, 0.000000000000000000, 1.000000000000000000 ) ) ;
#8937 = DIRECTION ( 'NONE',  ( 1.000000000000000000, 0.000000000000000000, 0.000000000000000000 ) ) ;
#8938 = ORIENTED_EDGE ( 'NONE', *, *, #6031, .T. ) ;
#8939 = PRESENTATION_LAYER_ASSIGNMENT (  '', '', ( #3834 ) ) ;
#8940 = CARTESIAN_POINT ( 'NONE',  ( -0.5249999999999999112, 2.474082528530912928, -0.3203740982435569484 ) ) ;
#8941 = ORIENTED_EDGE ( 'NONE', *, *, #4529, .T. ) ;
#8942 = FILL_AREA_STYLE ('',( #1215 ) ) ;
#8943 = DIRECTION ( 'NONE',  ( 0.000000000000000000, 0.000000000000000000, -1.000000000000000000 ) ) ;
#8944 = DIRECTION ( 'NONE',  ( 0.000000000000000000, 1.000000000000000000, 0.000000000000000000 ) ) ;
#8945 = PLANE ( 'NONE',  #7098 ) ;
#8946 = FILL_AREA_STYLE ('',( #9164 ) ) ;
#8947 = ORIENTED_EDGE ( 'NONE', *, *, #4058, .T. ) ;
#8948 = SURFACE_STYLE_FILL_AREA ( #369 ) ;
#8949 = EDGE_LOOP ( 'NONE', ( #6418, #2688, #6093, #9550 ) ) ;
#8950 = CARTESIAN_POINT ( 'NONE',  ( -1.424999999999999822, 2.552580984647486062, -0.3682250350372594516 ) ) ;
#8951 = AXIS2_PLACEMENT_3D ( 'NONE', #1009, #3632, #1113 ) ;
#8952 = VERTEX_POINT ( 'NONE', #4097 ) ;
#8953 = ORIENTED_EDGE ( 'NONE', *, *, #7581, .T. ) ;
#8954 = EDGE_CURVE ( 'NONE', #2133, #10679, #10106, .T. ) ;
#8955 = DIRECTION ( 'NONE',  ( 0.000000000000000000, 1.000000000000000000, 0.000000000000000000 ) ) ;
#8956 = SURFACE_STYLE_USAGE ( .BOTH. , #2072 ) ;
#8957 = CARTESIAN_POINT ( 'NONE',  ( -2.449999999999999289, 1.950000000000000400, 0.1000000000000000056 ) ) ;
#8958 = SURFACE_STYLE_FILL_AREA ( #9722 ) ;
#8959 = STYLED_ITEM ( 'NONE', ( #8852 ), #9551 ) ;
#8960 = CARTESIAN_POINT ( 'NONE',  ( 1.175000000000000044, 2.500948206981972177, -0.3646145195033222430 ) ) ;
#8961 = ORIENTED_EDGE ( 'NONE', *, *, #1019, .F. ) ;
#8962 = DIRECTION ( 'NONE',  ( 0.000000000000000000, 0.000000000000000000, -1.000000000000000000 ) ) ;
#8963 =( NAMED_UNIT ( * ) SI_UNIT ( $, .STERADIAN. ) SOLID_ANGLE_UNIT ( ) );
#8964 = EDGE_LOOP ( 'NONE', ( #1616, #10626, #3624, #2292 ) ) ;
#8965 = EDGE_CURVE ( 'NONE', #7684, #1004, #495, .T. ) ;
#8966 = DIRECTION ( 'NONE',  ( 1.000000000000000000, 0.000000000000000000, 0.000000000000000000 ) ) ;
#8967 = VECTOR ( 'NONE', #9485, 1000.000000000000000 ) ;
#8968 = EDGE_CURVE ( 'NONE', #1401, #4204, #8020, .T. ) ;
#8969 = ORIENTED_EDGE ( 'NONE', *, *, #7726, .F. ) ;
#8970 = DIRECTION ( 'NONE',  ( 0.000000000000000000, -0.8547410349098599758, 0.5190546823227987216 ) ) ;
#8971 = DIRECTION ( 'NONE',  ( 0.000000000000000000, 0.000000000000000000, -1.000000000000000000 ) ) ;
#8972 = CARTESIAN_POINT ( 'NONE',  ( 1.425000000000000044, -2.486996912233147228, -0.5641273295552871048 ) ) ;
#8973 = ORIENTED_EDGE ( 'NONE', *, *, #475, .T. ) ;
#8974 = FILL_AREA_STYLE ('',( #9739 ) ) ;
#8976 = FILL_AREA_STYLE ('',( #10568 ) ) ;
#8975 = CARTESIAN_POINT ( 'NONE',  ( -2.074999999999999734, -1.949999999999999512, -0.1000000000000000056 ) ) ;
#8977 =( GEOMETRIC_REPRESENTATION_CONTEXT ( 3 ) GLOBAL_UNCERTAINTY_ASSIGNED_CONTEXT ( ( #1598 ) ) GLOBAL_UNIT_ASSIGNED_CONTEXT ( ( #3858, #6534, #1537 ) ) REPRESENTATION_CONTEXT ( 'NONE', 'WORKASPACE' ) );
#8978 = ORIENTED_EDGE ( 'NONE', *, *, #10044, .F. ) ;
#8979 =( NAMED_UNIT ( * ) PLANE_ANGLE_UNIT ( ) SI_UNIT ( $, .RADIAN. ) );
#8980 = CARTESIAN_POINT ( 'NONE',  ( -2.450806167510463762, 1.876217025357844070, -0.09232982849429269279 ) ) ;
#8981 =( NAMED_UNIT ( * ) SI_UNIT ( $, .STERADIAN. ) SOLID_ANGLE_UNIT ( ) );
#8982 = ORIENTED_EDGE ( 'NONE', *, *, #4201, .F. ) ;
#8983 = VECTOR ( 'NONE', #8217, 1000.000000000000227 ) ;
#8984 = LINE ( 'NONE', #1548, #5527 ) ;
#8985 = LINE ( 'NONE', #1655, #3613 ) ;
#8986 = CARTESIAN_POINT ( 'NONE',  ( 2.375409738600888332, -1.949998880753507802, -0.1000106489190372011 ) ) ;
#8987 = SURFACE_SIDE_STYLE ('',( #7276 ) ) ;
#8988 = LINE ( 'NONE', #9861, #4825 ) ;
#8989 =( GEOMETRIC_REPRESENTATION_CONTEXT ( 3 ) GLOBAL_UNCERTAINTY_ASSIGNED_CONTEXT ( ( #6260 ) ) GLOBAL_UNIT_ASSIGNED_CONTEXT ( ( #1521, #3208, #8963 ) ) REPRESENTATION_CONTEXT ( 'NONE', 'WORKASPACE' ) );
#8990 = ORIENTED_EDGE ( 'NONE', *, *, #1037, .T. ) ;
#8991 = EDGE_CURVE ( 'NONE', #8849, #7171, #5418, .T. ) ;
#8992 = VECTOR ( 'NONE', #6746, 1000.000000000000000 ) ;
#8993 = CARTESIAN_POINT ( 'NONE',  ( -2.074999999999999734, -2.330000000000000071, -0.4684254559678819319 ) ) ;
#8994 = CARTESIAN_POINT ( 'NONE',  ( 0.7750000000000001332, -2.474082528530912928, -0.3203740982435569484 ) ) ;
#8995 = CARTESIAN_POINT ( 'NONE',  ( 2.000000000000000000, 1.325000000000000400, -0.4499999999999999556 ) ) ;
#8996 = ADVANCED_FACE ( 'NONE', ( #5751 ), #4972, .T. ) ;
#8997 = UNCERTAINTY_MEASURE_WITH_UNIT (LENGTH_MEASURE( 1.000000000000000082E-05 ), #2989, 'distance_accuracy_value', 'NONE');
#8998 = CARTESIAN_POINT ( 'NONE',  ( 2.000000000000000000, -1.324999999999999512, -0.4499999999999999556 ) ) ;
#8999 = VECTOR ( 'NONE', #2435, 1000.000000000000114 ) ;
#9000 = LINE ( 'NONE', #4000, #5516 ) ;
#9001 = PRODUCT_DEFINITION_FORMATION_WITH_SPECIFIED_SOURCE ( 'ANY', '', #9300, .NOT_KNOWN. ) ;
#9002 = CARTESIAN_POINT ( 'NONE',  ( 1.824999999999999956, 2.552580984647486062, -0.3682250350372594516 ) ) ;
#9003 = ORIENTED_EDGE ( 'NONE', *, *, #5937, .F. ) ;
#9004 = AXIS2_PLACEMENT_3D ( 'NONE', #8844, #3727, #9616 ) ;
#9005 = ORIENTED_EDGE ( 'NONE', *, *, #7983, .F. ) ;
#9006 = ORIENTED_EDGE ( 'NONE', *, *, #2009, .T. ) ;
#9007 = ORIENTED_EDGE ( 'NONE', *, *, #9568, .T. ) ;
#9008 = DIRECTION ( 'NONE',  ( 1.000000000000000000, -0.000000000000000000, 0.000000000000000000 ) ) ;
#9009 = DIRECTION ( 'NONE',  ( 1.000000000000000000, 0.000000000000000000, 0.000000000000000000 ) ) ;
#9010 = MECHANICAL_DESIGN_GEOMETRIC_PRESENTATION_REPRESENTATION (  '', ( #2732 ), #3240 ) ;
#9011 =( GEOMETRIC_REPRESENTATION_CONTEXT ( 3 ) GLOBAL_UNCERTAINTY_ASSIGNED_CONTEXT ( ( #5568 ) ) GLOBAL_UNIT_ASSIGNED_CONTEXT ( ( #5323, #9672, #2251 ) ) REPRESENTATION_CONTEXT ( 'NONE', 'WORKASPACE' ) );
#9012 = PLANE ( 'NONE',  #2881 ) ;
#9013 = PRESENTATION_LAYER_ASSIGNMENT (  '', '', ( #9533 ) ) ;
#9014 = SURFACE_SIDE_STYLE ('',( #4179 ) ) ;
#9015 = VERTEX_POINT ( 'NONE', #7174 ) ;
#9016 = PRESENTATION_STYLE_ASSIGNMENT (( #8847 ) ) ;
#9017 = PRESENTATION_STYLE_ASSIGNMENT (( #9726 ) ) ;
#9018 = ORIENTED_EDGE ( 'NONE', *, *, #5, .T. ) ;
#9019 = DIRECTION ( 'NONE',  ( 0.000000000000000000, -0.5190546823227987216, -0.8547410349098599758 ) ) ;
#9020 = LINE ( 'NONE', #4894, #8437 ) ;
#9021 = UNCERTAINTY_MEASURE_WITH_UNIT (LENGTH_MEASURE( 1.000000000000000082E-05 ), #7777, 'distance_accuracy_value', 'NONE');
#9022 =( NAMED_UNIT ( * ) SI_UNIT ( $, .STERADIAN. ) SOLID_ANGLE_UNIT ( ) );
#9023 = UNCERTAINTY_MEASURE_WITH_UNIT (LENGTH_MEASURE( 1.000000000000000082E-05 ), #8258, 'distance_accuracy_value', 'NONE');
#9024 = FILL_AREA_STYLE_COLOUR ( '', #2404 ) ;
#9025 = ORIENTED_EDGE ( 'NONE', *, *, #10359, .T. ) ;
#9026 = PRESENTATION_STYLE_ASSIGNMENT (( #3166 ) ) ;
#9027 = AXIS2_PLACEMENT_3D ( 'NONE', #490, #7946, #5465 ) ;
#9028 = SURFACE_SIDE_STYLE ('',( #3012 ) ) ;
#9029 = EDGE_CURVE ( 'NONE', #7755, #5394, #3779, .T. ) ;
#9030 =( NAMED_UNIT ( * ) SI_UNIT ( $, .STERADIAN. ) SOLID_ANGLE_UNIT ( ) );
#9031 = EDGE_LOOP ( 'NONE', ( #2120, #7404, #6198, #3985 ) ) ;
#9032 = DIRECTION ( 'NONE',  ( -0.000000000000000000, -0.000000000000000000, -1.000000000000000000 ) ) ;
#9034 = CARTESIAN_POINT ( 'NONE',  ( 0.5250000000000000222, 2.486996912233147228, -0.5641273295552871048 ) ) ;
#9033 = SURFACE_STYLE_FILL_AREA ( #5672 ) ;
#9035 = ORIENTED_EDGE ( 'NONE', *, *, #8092, .F. ) ;
#9036 = EDGE_CURVE ( 'NONE', #4904, #10214, #6553, .T. ) ;
#9037 = ORIENTED_EDGE ( 'NONE', *, *, #2985, .T. ) ;
#9038 = PRESENTATION_STYLE_ASSIGNMENT (( #7434 ) ) ;
#9039 = VECTOR ( 'NONE', #8377, 1000.000000000000000 ) ;
#9040 = DIRECTION ( 'NONE',  ( 1.000000000000000000, 0.000000000000000000, 0.000000000000000000 ) ) ;
#9041 = UNCERTAINTY_MEASURE_WITH_UNIT (LENGTH_MEASURE( 1.000000000000000082E-05 ), #10041, 'distance_accuracy_value', 'NONE');
#9042 = ORIENTED_EDGE ( 'NONE', *, *, #7511, .F. ) ;
#9043 = DIRECTION ( 'NONE',  ( 0.000000000000000000, 0.9945218953682732899, 0.1045284632676537068 ) ) ;
#9044 = COLOUR_RGB ( '',0.8039215686274510109, 0.8039215686274510109, 0.8039215686274510109 ) ;
#9045 = DIRECTION ( 'NONE',  ( 0.000000000000000000, 0.000000000000000000, -1.000000000000000000 ) ) ;
#9046 = CARTESIAN_POINT ( 'NONE',  ( -0.1249999999999998890, 2.106267956964054999, -0.09999999999999999167 ) ) ;
#9047 = AXIS2_PLACEMENT_3D ( 'NONE', #3005, #4718, #6300 ) ;
#9048 = PRESENTATION_LAYER_ASSIGNMENT (  '', '', ( #1885 ) ) ;
#9049 = ORIENTED_EDGE ( 'NONE', *, *, #4062, .F. ) ;
#9050 = MECHANICAL_DESIGN_GEOMETRIC_PRESENTATION_REPRESENTATION (  '', ( #7636 ), #5336 ) ;
#9051 = PRESENTATION_LAYER_ASSIGNMENT (  '', '', ( #7469 ) ) ;
#9052 = VECTOR ( 'NONE', #9474, 1000.000000000000000 ) ;
#9053 = ORIENTED_EDGE ( 'NONE', *, *, #8304, .T. ) ;
#9054 = AXIS2_PLACEMENT_3D ( 'NONE', #2446, #1502, #8241 ) ;
#9055 = CARTESIAN_POINT ( 'NONE',  ( -1.174999999999999822, 1.949999999999999512, 0.1000000000000000056 ) ) ;
#9056 = CARTESIAN_POINT ( 'NONE',  ( -2.000000000000000000, 1.325000000000000400, -0.5499999999999999334 ) ) ;
#9057 = DIRECTION ( 'NONE',  ( 0.000000000000000000, -8.672620682681688006E-17, 1.000000000000000000 ) ) ;
#9058 = LINE ( 'NONE', #1785, #8908 ) ;
#9059 = VECTOR ( 'NONE', #4815, 1000.000000000000000 ) ;
#9060 = VECTOR ( 'NONE', #4731, 1000.000000000000114 ) ;
#9061 = FACE_OUTER_BOUND ( 'NONE', #7169, .T. ) ;
#9062 = SURFACE_SIDE_STYLE ('',( #718 ) ) ;
#9063 = LINE ( 'NONE', #8178, #2413 ) ;
#9064 = EDGE_LOOP ( 'NONE', ( #2266, #8231, #10382, #1478 ) ) ;
#9065 = AXIS2_PLACEMENT_3D ( 'NONE', #3637, #8629, #174 ) ;
#9066 =( GEOMETRIC_REPRESENTATION_CONTEXT ( 3 ) GLOBAL_UNCERTAINTY_ASSIGNED_CONTEXT ( ( #7888 ) ) GLOBAL_UNIT_ASSIGNED_CONTEXT ( ( #8511, #7793, #262 ) ) REPRESENTATION_CONTEXT ( 'NONE', 'WORKASPACE' ) );
#9067 = ORIENTED_EDGE ( 'NONE', *, *, #9617, .F. ) ;
#9068 = PRESENTATION_LAYER_ASSIGNMENT (  '', '', ( #2941 ) ) ;
#9069 =( NAMED_UNIT ( * ) SI_UNIT ( $, .STERADIAN. ) SOLID_ANGLE_UNIT ( ) );
#9070 = ORIENTED_EDGE ( 'NONE', *, *, #793, .F. ) ;
#9071 = ADVANCED_FACE ( 'NONE', ( #9863 ), #7119, .T. ) ;
#9072 = EDGE_CURVE ( 'NONE', #3246, #3234, #1895, .T. ) ;
#9073 =( GEOMETRIC_REPRESENTATION_CONTEXT ( 3 ) GLOBAL_UNCERTAINTY_ASSIGNED_CONTEXT ( ( #5270 ) ) GLOBAL_UNIT_ASSIGNED_CONTEXT ( ( #9202, #1718, #4965 ) ) REPRESENTATION_CONTEXT ( 'NONE', 'WORKASPACE' ) );
#9074 = FILL_AREA_STYLE ('',( #5812 ) ) ;
#9075 = EDGE_CURVE ( 'NONE', #5576, #8484, #3539, .T. ) ;
#9076 = CIRCLE ( 'NONE', #6242, 0.1000000000000000194 ) ;
#9077 = CARTESIAN_POINT ( 'NONE',  ( -2.375136580382891438, 1.950000000000000622, -0.09999999999999971412 ) ) ;
#9078 = CARTESIAN_POINT ( 'NONE',  ( -0.7749999999999999112, 1.949999999999999512, 0.1000000000000000056 ) ) ;
#9079 = ORIENTED_EDGE ( 'NONE', *, *, #9941, .F. ) ;
#9080 = DIRECTION ( 'NONE',  ( 1.000000000000000000, 0.000000000000000000, 0.000000000000000000 ) ) ;
#9081 = CIRCLE ( 'NONE', #5533, 0.2000000000000000389 ) ;
#9082 = SURFACE_STYLE_USAGE ( .BOTH. , #9242 ) ;
#9083 = CARTESIAN_POINT ( 'NONE',  ( 2.075000000000000178, 2.049999999999999822, -0.2000000000000000111 ) ) ;
#9084 = CIRCLE ( 'NONE', #3804, 0.2000000000000000389 ) ;
#9085 = DIRECTION ( 'NONE',  ( 0.000000000000000000, 0.000000000000000000, -1.000000000000000000 ) ) ;
#9086 = LINE ( 'NONE', #6526, #9039 ) ;
#9087 = ORIENTED_EDGE ( 'NONE', *, *, #4359, .T. ) ;
#9088 = LINE ( 'NONE', #795, #7841 ) ;
#9089 = SURFACE_STYLE_USAGE ( .BOTH. , #10132 ) ;
#9090 = SURFACE_STYLE_FILL_AREA ( #7323 ) ;
#9091 = ORIENTED_EDGE ( 'NONE', *, *, #6425, .T. ) ;
#9092 = ADVANCED_FACE ( 'NONE', ( #1080 ), #9375, .T. ) ;
#9093 =( NAMED_UNIT ( * ) PLANE_ANGLE_UNIT ( ) SI_UNIT ( $, .RADIAN. ) );
#9095 = SURFACE_STYLE_USAGE ( .BOTH. , #5737 ) ;
#9094 = LINE ( 'NONE', #6434, #6842 ) ;
#9096 = EDGE_LOOP ( 'NONE', ( #10565, #3591, #5425, #4512, #4671, #4537 ) ) ;
#9097 = CARTESIAN_POINT ( 'NONE',  ( -1.424999999999999822, -2.486996912233147228, -0.5641273295552871048 ) ) ;
#9098 =( GEOMETRIC_REPRESENTATION_CONTEXT ( 3 ) GLOBAL_UNCERTAINTY_ASSIGNED_CONTEXT ( ( #2220 ) ) GLOBAL_UNIT_ASSIGNED_CONTEXT ( ( #8064, #5532, #2226 ) ) REPRESENTATION_CONTEXT ( 'NONE', 'WORKASPACE' ) );
#9099 = CARTESIAN_POINT ( 'NONE',  ( -0.1249999999999998890, 3.000000000000000000, -0.3995116203837655866 ) ) ;
#9100 = CIRCLE ( 'NONE', #10156, 0.2000000000000000389 ) ;
#9101 = FACE_OUTER_BOUND ( 'NONE', #5212, .T. ) ;
#9102 = EDGE_CURVE ( 'NONE', #10657, #4204, #5032, .T. ) ;
#9103 = DIRECTION ( 'NONE',  ( 0.000000000000000000, 0.9975640502598241977, 0.06975647374412535795 ) ) ;
#9104 = VERTEX_POINT ( 'NONE', #2655 ) ;
#9105 = DIRECTION ( 'NONE',  ( -1.000000000000000000, -0.000000000000000000, -0.000000000000000000 ) ) ;
#9106 = PRESENTATION_LAYER_ASSIGNMENT (  '', '', ( #5579 ) ) ;
#9107 = CARTESIAN_POINT ( 'NONE',  ( -1.174999999999999822, 2.330000000000000071, -0.4684254559678819319 ) ) ;
#9108 = EDGE_LOOP ( 'NONE', ( #1229, #2628, #4249, #5538 ) ) ;
#9109 = ORIENTED_EDGE ( 'NONE', *, *, #4015, .F. ) ;
#9110 = PRESENTATION_STYLE_ASSIGNMENT (( #4042 ) ) ;
#9111 = EDGE_CURVE ( 'NONE', #9641, #3745, #878, .T. ) ;
#9112 =( LENGTH_UNIT ( ) NAMED_UNIT ( * ) SI_UNIT ( .MILLI., .METRE. ) );
#9113 =( NAMED_UNIT ( * ) PLANE_ANGLE_UNIT ( ) SI_UNIT ( $, .RADIAN. ) );
#9114 = EDGE_CURVE ( 'NONE', #1282, #2564, #4365, .T. ) ;
#9115 = SURFACE_SIDE_STYLE ('',( #6499 ) ) ;
#9116 = CARTESIAN_POINT ( 'NONE',  ( 1.824999999999999956, -1.949999999999999512, -0.1000000000000000056 ) ) ;
#9117 = DIRECTION ( 'NONE',  ( -1.000000000000000000, 0.000000000000000000, -0.000000000000000000 ) ) ;
#9118 = FACE_OUTER_BOUND ( 'NONE', #4549, .T. ) ;
#9119 = VERTEX_POINT ( 'NONE', #6711 ) ;
#9120 = SURFACE_STYLE_FILL_AREA ( #5808 ) ;
#9121 = ORIENTED_EDGE ( 'NONE', *, *, #10173, .F. ) ;
#9122 = EDGE_LOOP ( 'NONE', ( #10430, #3682, #10489, #1181 ) ) ;
#9123 = PLANE ( 'NONE',  #7560 ) ;
#9124 = SURFACE_SIDE_STYLE ('',( #5767 ) ) ;
#9125 =( NAMED_UNIT ( * ) SI_UNIT ( $, .STERADIAN. ) SOLID_ANGLE_UNIT ( ) );
#9126 = LINE ( 'NONE', #2767, #7418 ) ;
#9127 = PRESENTATION_STYLE_ASSIGNMENT (( #735 ) ) ;
#9128 = ORIENTED_EDGE ( 'NONE', *, *, #8452, .F. ) ;
#9129 = ORIENTED_EDGE ( 'NONE', *, *, #8331, .T. ) ;
#9130 = EDGE_CURVE ( 'NONE', #8916, #5319, #10090, .T. ) ;
#9131 = FILL_AREA_STYLE ('',( #792 ) ) ;
#9132 = PRESENTATION_LAYER_ASSIGNMENT (  '', '', ( #7366 ) ) ;
#9133 = ORIENTED_EDGE ( 'NONE', *, *, #10149, .T. ) ;
#9134 = CARTESIAN_POINT ( 'NONE',  ( -1.945172790808107344, -1.445172790808107122, 0.5399999999999999245 ) ) ;
#9135 = EDGE_CURVE ( 'NONE', #3170, #6673, #4728, .T. ) ;
#9136 = DIRECTION ( 'NONE',  ( 0.000000000000000000, 0.000000000000000000, -1.000000000000000000 ) ) ;
#9137 = LINE ( 'NONE', #3366, #2673 ) ;
#9138 =( NAMED_UNIT ( * ) PLANE_ANGLE_UNIT ( ) SI_UNIT ( $, .RADIAN. ) );
#9139 = EDGE_LOOP ( 'NONE', ( #3741, #6671, #3219, #2882, #8489, #6306, #2244, #7707, #2430, #3789, #8219, #1421 ) ) ;
#9140 = CARTESIAN_POINT ( 'NONE',  ( 0.5250000000000000222, 2.500948206981972177, -0.3646145195033222430 ) ) ;
#9141 = EDGE_LOOP ( 'NONE', ( #3837, #6633, #8067, #7256, #5738, #4902, #4824, #6493, #10554, #6456, #3610, #5265 ) ) ;
#9142 = ORIENTED_EDGE ( 'NONE', *, *, #6074, .F. ) ;
#9143 = EDGE_CURVE ( 'NONE', #2523, #8863, #2605, .T. ) ;
#9144 =( NAMED_UNIT ( * ) SI_UNIT ( $, .STERADIAN. ) SOLID_ANGLE_UNIT ( ) );
#9145 = CARTESIAN_POINT ( 'NONE',  ( 1.175000000000000044, 2.049999999999999822, -0.1000000000000000056 ) ) ;
#9146 = UNCERTAINTY_MEASURE_WITH_UNIT (LENGTH_MEASURE( 1.000000000000000082E-05 ), #7851, 'distance_accuracy_value', 'NONE');
#9147 = ORIENTED_EDGE ( 'NONE', *, *, #8497, .F. ) ;
#9148 = FILL_AREA_STYLE_COLOUR ( '', #456 ) ;
#9149 = DIRECTION ( 'NONE',  ( -0.1039620511844982220, 0.1039620511844980416, 0.9891328443778539814 ) ) ;
#9150 = CARTESIAN_POINT ( 'NONE',  ( -0.1249999999999998890, -1.949999999999999512, -0.1000000000000000056 ) ) ;
#9151 = AXIS2_PLACEMENT_3D ( 'NONE', #9389, #6941, #2772 ) ;
#9152 = FILL_AREA_STYLE_COLOUR ( '', #4113 ) ;
#9153 = FACE_OUTER_BOUND ( 'NONE', #6337, .T. ) ;
#9154 = ORIENTED_EDGE ( 'NONE', *, *, #5, .F. ) ;
#9155 = EDGE_CURVE ( 'NONE', #2465, #10219, #3695, .T. ) ;
#9156 =( NAMED_UNIT ( * ) SI_UNIT ( $, .STERADIAN. ) SOLID_ANGLE_UNIT ( ) );
#9157 = DIRECTION ( 'NONE',  ( 1.000000000000000000, 0.000000000000000000, 0.000000000000000000 ) ) ;
#9158 = CARTESIAN_POINT ( 'NONE',  ( -0.1249999999999998890, -3.000000000000000000, -0.3995116203837655866 ) ) ;
#9159 = PRESENTATION_LAYER_ASSIGNMENT (  '', '', ( #9670 ) ) ;
#9160 = CARTESIAN_POINT ( 'NONE',  ( 1.175000000000000044, -1.949999999999999512, 0.1000000000000000056 ) ) ;
#9161 = DIRECTION ( 'NONE',  ( 1.000000000000000000, 0.000000000000000000, 0.000000000000000000 ) ) ;
#9162 = LINE ( 'NONE', #3542, #6539 ) ;
#9163 = LINE ( 'NONE', #5040, #2442 ) ;
#9164 = FILL_AREA_STYLE_COLOUR ( '', #3763 ) ;
#9165 = CARTESIAN_POINT ( 'NONE',  ( -0.1249999999999998890, -2.330000000000000071, -0.4684254559678819319 ) ) ;
#9166 = CIRCLE ( 'NONE', #1653, 0.2000000000000000389 ) ;
#9167 = EDGE_LOOP ( 'NONE', ( #4552, #9584, #8315, #2503 ) ) ;
#9168 = EDGE_LOOP ( 'NONE', ( #6467, #4006, #5528, #871, #8668, #8043, #5388, #8141, #10569, #1011, #2479, #8003 ) ) ;
#9169 = ADVANCED_FACE ( 'NONE', ( #4412 ), #2036, .T. ) ;
#9170 = EDGE_CURVE ( 'NONE', #6439, #726, #2810, .T. ) ;
#9171 = VERTEX_POINT ( 'NONE', #5441 ) ;
#9172 = CIRCLE ( 'NONE', #1103, 0.2000000000000000389 ) ;
#9173 = STYLED_ITEM ( 'NONE', ( #6126 ), #3515 ) ;
#9174 = CARTESIAN_POINT ( 'NONE',  ( -2.074999999999999734, -2.135474103490985875, -0.1480945317677201667 ) ) ;
#9175 = VECTOR ( 'NONE', #7536, 1000.000000000000114 ) ;
#9176 = DIRECTION ( 'NONE',  ( 1.000000000000000000, 0.000000000000000000, 0.000000000000000000 ) ) ;
#9177 =( LENGTH_UNIT ( ) NAMED_UNIT ( * ) SI_UNIT ( .MILLI., .METRE. ) );
#9178 = ORIENTED_EDGE ( 'NONE', *, *, #3357, .F. ) ;
#9179 = VECTOR ( 'NONE', #9487, 1000.000000000000000 ) ;
#9180 = EDGE_LOOP ( 'NONE', ( #8244, #370, #7232, #1659, #1118, #8265, #3662, #10335, #5473, #633, #7957, #599 ) ) ;
#9181 = DIRECTION ( 'NONE',  ( -0.1039620511844979445, -0.1039620511844979445, -0.9891328443778538704 ) ) ;
#9182 =( GEOMETRIC_REPRESENTATION_CONTEXT ( 3 ) GLOBAL_UNCERTAINTY_ASSIGNED_CONTEXT ( ( #4701 ) ) GLOBAL_UNIT_ASSIGNED_CONTEXT ( ( #2693, #8479, #5947 ) ) REPRESENTATION_CONTEXT ( 'NONE', 'WORKASPACE' ) );
#9183 = AXIS2_PLACEMENT_3D ( 'NONE', #6329, #9604, #2114 ) ;
#9184 = EDGE_LOOP ( 'NONE', ( #7881, #3223, #7367, #463 ) ) ;
#9185 = CARTESIAN_POINT ( 'NONE',  ( 2.000000000000000000, -1.324999999999999512, -0.4499999999999999556 ) ) ;
#9186 = CARTESIAN_POINT ( 'NONE',  ( -2.000000000000000000, -1.324999999999999512, -0.5499999999999999334 ) ) ;
#9187 = ADVANCED_FACE ( 'NONE', ( #8756 ), #7927, .T. ) ;
#9188 = CARTESIAN_POINT ( 'NONE',  ( 1.824999999999999956, 2.559556632021898537, -0.2684686300112771873 ) ) ;
#9189 = VERTEX_POINT ( 'NONE', #7984 ) ;
#9190 = COLOUR_RGB ( '',0.8039215686274510109, 0.8039215686274510109, 0.8039215686274510109 ) ;
#9191 = CYLINDRICAL_SURFACE ( 'NONE', #7915, 0.09999999999999982514 ) ;
#9193 = SURFACE_STYLE_FILL_AREA ( #2525 ) ;
#9192 = SURFACE_SIDE_STYLE ('',( #5832 ) ) ;
#9194 = VERTEX_POINT ( 'NONE', #470 ) ;
#9195 = EDGE_CURVE ( 'NONE', #4013, #6807, #245, .T. ) ;
#9196 = DIRECTION ( 'NONE',  ( 0.000000000000000000, 1.000000000000000000, 0.000000000000000000 ) ) ;
#9197 = ADVANCED_FACE ( 'NONE', ( #2202 ), #10356, .T. ) ;
#9198 = SURFACE_STYLE_FILL_AREA ( #5616 ) ;
#9199 = DIRECTION ( 'NONE',  ( 0.000000000000000000, 0.000000000000000000, -1.000000000000000000 ) ) ;
#9200 = VERTEX_POINT ( 'NONE', #10467 ) ;
#9201 = DIRECTION ( 'NONE',  ( 1.000000000000000000, 0.000000000000000000, 0.000000000000000000 ) ) ;
#9202 =( LENGTH_UNIT ( ) NAMED_UNIT ( * ) SI_UNIT ( .MILLI., .METRE. ) );
#9203 = SURFACE_STYLE_USAGE ( .BOTH. , #3433 ) ;
#9204 = EDGE_CURVE ( 'NONE', #4348, #3174, #7331, .T. ) ;
#9205 = EDGE_LOOP ( 'NONE', ( #1748, #5409, #3165, #7227 ) ) ;
#9206 =( NAMED_UNIT ( * ) SI_UNIT ( $, .STERADIAN. ) SOLID_ANGLE_UNIT ( ) );
#9207 =( GEOMETRIC_REPRESENTATION_CONTEXT ( 3 ) GLOBAL_UNCERTAINTY_ASSIGNED_CONTEXT ( ( #8799 ) ) GLOBAL_UNIT_ASSIGNED_CONTEXT ( ( #7390, #10851, #5747 ) ) REPRESENTATION_CONTEXT ( 'NONE', 'WORKASPACE' ) );
#9208 = LINE ( 'NONE', #2703, #994 ) ;
#9209 = CIRCLE ( 'NONE', #6552, 0.2000000000000000389 ) ;
#9210 = DIRECTION ( 'NONE',  ( 1.000000000000000000, 0.000000000000000000, 0.000000000000000000 ) ) ;
#9211 = CARTESIAN_POINT ( 'NONE',  ( -2.000000000000000000, -1.324999999999999512, -0.4499999999999999556 ) ) ;
#9212 = PRESENTATION_STYLE_ASSIGNMENT (( #3447 ) ) ;
#9213 = UNCERTAINTY_MEASURE_WITH_UNIT (LENGTH_MEASURE( 1.000000000000000082E-05 ), #2563, 'distance_accuracy_value', 'NONE');
#9214 = STYLED_ITEM ( 'NONE', ( #5781 ), #7340 ) ;
#9215 = FACE_OUTER_BOUND ( 'NONE', #5589, .T. ) ;
#9216 = CARTESIAN_POINT ( 'NONE',  ( -0.1249999999999998890, 2.049999999999999822, -0.2000000000000000111 ) ) ;
#9217 =( NAMED_UNIT ( * ) PLANE_ANGLE_UNIT ( ) SI_UNIT ( $, .RADIAN. ) );
#9218 = LINE ( 'NONE', #5041, #7063 ) ;
#9219 = SURFACE_STYLE_FILL_AREA ( #5480 ) ;
#9220 = PRESENTATION_LAYER_ASSIGNMENT (  '', '', ( #1717 ) ) ;
#9221 = ORIENTED_EDGE ( 'NONE', *, *, #9298, .F. ) ;
#9222 = DIRECTION ( 'NONE',  ( 0.000000000000000000, 0.5190546823227979445, 0.8547410349098604199 ) ) ;
#9223 = VECTOR ( 'NONE', #8494, 1000.000000000000000 ) ;
#9224 = VERTEX_POINT ( 'NONE', #1375 ) ;
#9225 = MECHANICAL_DESIGN_GEOMETRIC_PRESENTATION_REPRESENTATION (  '', ( #5167 ), #2582 ) ;
#9226 =( GEOMETRIC_REPRESENTATION_CONTEXT ( 3 ) GLOBAL_UNCERTAINTY_ASSIGNED_CONTEXT ( ( #6363 ) ) GLOBAL_UNIT_ASSIGNED_CONTEXT ( ( #5242, #1888, #9378 ) ) REPRESENTATION_CONTEXT ( 'NONE', 'WORKASPACE' ) );
#9227 = VECTOR ( 'NONE', #5888, 1000.000000000000000 ) ;
#9228 = ORIENTED_EDGE ( 'NONE', *, *, #2119, .F. ) ;
#9229 = COLOUR_RGB ( '',0.8039215686274510109, 0.8039215686274510109, 0.8039215686274510109 ) ;
#9230 = PRESENTATION_STYLE_ASSIGNMENT (( #3305 ) ) ;
#9231 = EDGE_CURVE ( 'NONE', #10219, #9301, #9938, .T. ) ;
#9232 = PRESENTATION_LAYER_ASSIGNMENT (  '', '', ( #9746 ) ) ;
#9233 = CARTESIAN_POINT ( 'NONE',  ( 1.425000000000000044, -2.106267956964054999, 0.09999999999999999167 ) ) ;
#9234 = COLOUR_RGB ( '',0.8039215686274510109, 0.8039215686274510109, 0.8039215686274510109 ) ;
#9235 = CIRCLE ( 'NONE', #4488, 0.1000000000000000194 ) ;
#9236 = VECTOR ( 'NONE', #4687, 1000.000000000000114 ) ;
#9237 = CIRCLE ( 'NONE', #1175, 0.2000000000000000389 ) ;
#9238 = DIRECTION ( 'NONE',  ( 0.000000000000000000, 0.000000000000000000, -1.000000000000000000 ) ) ;
#9239 = ORIENTED_EDGE ( 'NONE', *, *, #9291, .T. ) ;
#9240 = ORIENTED_EDGE ( 'NONE', *, *, #5474, .T. ) ;
#9241 = STYLED_ITEM ( 'NONE', ( #7763 ), #4391 ) ;
#9242 = SURFACE_SIDE_STYLE ('',( #6683 ) ) ;
#9243 =( GEOMETRIC_REPRESENTATION_CONTEXT ( 3 ) GLOBAL_UNCERTAINTY_ASSIGNED_CONTEXT ( ( #3136 ) ) GLOBAL_UNIT_ASSIGNED_CONTEXT ( ( #3480, #8544, #7134 ) ) REPRESENTATION_CONTEXT ( 'NONE', 'WORKASPACE' ) );
#9244 = DIRECTION ( 'NONE',  ( 1.000000000000000000, 0.000000000000000000, 0.000000000000000000 ) ) ;
#9245 = CIRCLE ( 'NONE', #3621, 0.2000000000000000389 ) ;
#9246 =( GEOMETRIC_REPRESENTATION_CONTEXT ( 3 ) GLOBAL_UNCERTAINTY_ASSIGNED_CONTEXT ( ( #3430 ) ) GLOBAL_UNIT_ASSIGNED_CONTEXT ( ( #9469, #10397, #6112 ) ) REPRESENTATION_CONTEXT ( 'NONE', 'WORKASPACE' ) );
#9247 = EDGE_CURVE ( 'NONE', #3122, #517, #9850, .T. ) ;
#9248 = CARTESIAN_POINT ( 'NONE',  ( -0.7749999999999999112, -1.949999999999999512, 0.1000000000000000056 ) ) ;
#9249 = DIRECTION ( 'NONE',  ( 1.000000000000000000, 0.000000000000000000, 0.000000000000000000 ) ) ;
#9250 = DIRECTION ( 'NONE',  ( 1.000000000000000000, -0.000000000000000000, 0.000000000000000000 ) ) ;
#9251 = ORIENTED_EDGE ( 'NONE', *, *, #2201, .T. ) ;
#9252 = FILL_AREA_STYLE ('',( #8266 ) ) ;
#9253 = CARTESIAN_POINT ( 'NONE',  ( 2.075000000000000178, 2.486996912233147228, -0.5641273295552871048 ) ) ;
#9254 = EDGE_LOOP ( 'NONE', ( #757, #8408, #10169, #9403 ) ) ;
#9255 = COLOUR_RGB ( '',0.8039215686274510109, 0.8039215686274510109, 0.8039215686274510109 ) ;
#9256 =( NAMED_UNIT ( * ) SI_UNIT ( $, .STERADIAN. ) SOLID_ANGLE_UNIT ( ) );
#9257 = PRESENTATION_LAYER_ASSIGNMENT (  '', '', ( #2959 ) ) ;
#9258 = UNCERTAINTY_MEASURE_WITH_UNIT (LENGTH_MEASURE( 1.000000000000000082E-05 ), #8618, 'distance_accuracy_value', 'NONE');
#9259 = ORIENTED_EDGE ( 'NONE', *, *, #8294, .T. ) ;
#9260 = DIRECTION ( 'NONE',  ( 0.000000000000000000, 0.000000000000000000, -1.000000000000000000 ) ) ;
#9261 = SURFACE_STYLE_USAGE ( .BOTH. , #812 ) ;
#9262 = EDGE_CURVE ( 'NONE', #1921, #10816, #6440, .T. ) ;
#9263 = LINE ( 'NONE', #6765, #7467 ) ;
#9264 = CARTESIAN_POINT ( 'NONE',  ( 1.175000000000000044, -2.330000000000000071, -0.4684254559678819319 ) ) ;
#9265 = ORIENTED_EDGE ( 'NONE', *, *, #9529, .T. ) ;
#9266 = ADVANCED_FACE ( 'NONE', ( #9744 ), #1543, .T. ) ;
#9267 =( LENGTH_UNIT ( ) NAMED_UNIT ( * ) SI_UNIT ( .MILLI., .METRE. ) );
#9268 = VERTEX_POINT ( 'NONE', #522 ) ;
#9269 = CARTESIAN_POINT ( 'NONE',  ( 1.824999999999999956, 3.000000000000000000, -0.6000000000000000888 ) ) ;
#9270 = DIRECTION ( 'NONE',  ( 1.000000000000000000, -0.000000000000000000, 0.000000000000000000 ) ) ;
#9271 = EDGE_CURVE ( 'NONE', #1090, #4522, #6540, .T. ) ;
#9272 = LINE ( 'NONE', #39, #5014 ) ;
#9273 = PRESENTATION_STYLE_ASSIGNMENT (( #923 ) ) ;
#9274 = DIRECTION ( 'NONE',  ( -0.9945218953682734009, 0.000000000000000000, -0.1045284632676537068 ) ) ;
#9275 =( NAMED_UNIT ( * ) SI_UNIT ( $, .STERADIAN. ) SOLID_ANGLE_UNIT ( ) );
#9276 = EDGE_CURVE ( 'NONE', #4219, #7903, #3861, .T. ) ;
#9277 = PLANE ( 'NONE',  #1697 ) ;
#9278 = ORIENTED_EDGE ( 'NONE', *, *, #10277, .T. ) ;
#9279 = VERTEX_POINT ( 'NONE', #10732 ) ;
#9280 = CARTESIAN_POINT ( 'NONE',  ( -0.1249999999999998890, -2.330000000000000071, -0.4684254559678819319 ) ) ;
#9281 = ORIENTED_EDGE ( 'NONE', *, *, #3396, .T. ) ;
#9282 = EDGE_LOOP ( 'NONE', ( #2090, #6062, #6393, #1874 ) ) ;
#9283 = DIRECTION ( 'NONE',  ( 1.000000000000000000, 0.000000000000000000, 0.000000000000000000 ) ) ;
#9284 = CARTESIAN_POINT ( 'NONE',  ( -1.945172790808107344, -1.445172790808107122, 0.5499999999999999334 ) ) ;
#9285 = CARTESIAN_POINT ( 'NONE',  ( 1.824999999999999956, -2.049999999999999822, -0.2000000000000000111 ) ) ;
#9286 = CARTESIAN_POINT ( 'NONE',  ( 1.824999999999999956, -2.106267956964054999, 0.09999999999999999167 ) ) ;
#9287 = ORIENTED_EDGE ( 'NONE', *, *, #103, .F. ) ;
#9288 = EDGE_CURVE ( 'NONE', #6673, #224, #5564, .T. ) ;
#9289 = ORIENTED_EDGE ( 'NONE', *, *, #5728, .T. ) ;
#9290 = CARTESIAN_POINT ( 'NONE',  ( 1.175000000000000044, -3.000000000000000000, -0.3995116203837655866 ) ) ;
#9291 = EDGE_CURVE ( 'NONE', #10439, #1454, #825, .T. ) ;
#9292 = CARTESIAN_POINT ( 'NONE',  ( -0.1249999999999998890, 2.277216163946027105, 0.003810936464559820311 ) ) ;
#9293 = DIRECTION ( 'NONE',  ( 0.000000000000000000, -1.000000000000000000, -8.672620682681688006E-17 ) ) ;
#9294 = PLANE ( 'NONE',  #156 ) ;
#9295 = DIRECTION ( 'NONE',  ( 1.000000000000000000, -0.000000000000000000, 0.000000000000000000 ) ) ;
#9296 = ORIENTED_EDGE ( 'NONE', *, *, #7083, .F. ) ;
#9297 = SURFACE_STYLE_USAGE ( .BOTH. , #9904 ) ;
#9298 = EDGE_CURVE ( 'NONE', #5782, #4033, #5678, .T. ) ;
#9299 = PRESENTATION_STYLE_ASSIGNMENT (( #3370 ) ) ;
#9300 = PRODUCT ( 'BTS70902EPLXUMA1', 'BTS70902EPLXUMA1', '', ( #3258 ) ) ;
#9301 = VERTEX_POINT ( 'NONE', #755 ) ;
#9302 = FACE_OUTER_BOUND ( 'NONE', #5089, .T. ) ;
#9303 = VECTOR ( 'NONE', #4949, 1000.000000000000000 ) ;
#9304 = ADVANCED_FACE ( 'NONE', ( #7204 ), #10571, .T. ) ;
#9305 = CARTESIAN_POINT ( 'NONE',  ( 2.075000000000000178, -2.330000000000000071, -0.4684254559678819319 ) ) ;
#9306 = ORIENTED_EDGE ( 'NONE', *, *, #7115, .F. ) ;
#9307 = FILL_AREA_STYLE ('',( #4148 ) ) ;
#9308 = PRESENTATION_STYLE_ASSIGNMENT (( #3331 ) ) ;
#9309 = LINE ( 'NONE', #1722, #2924 ) ;
#9310 =( NAMED_UNIT ( * ) SI_UNIT ( $, .STERADIAN. ) SOLID_ANGLE_UNIT ( ) );
#9311 = ORIENTED_EDGE ( 'NONE', *, *, #3554, .T. ) ;
#9312 = SURFACE_STYLE_USAGE ( .BOTH. , #6769 ) ;
#9313 = VECTOR ( 'NONE', #9570, 1000.000000000000000 ) ;
#9314 = SURFACE_STYLE_FILL_AREA ( #36 ) ;
#9315 = ORIENTED_EDGE ( 'NONE', *, *, #940, .T. ) ;
#9316 = CARTESIAN_POINT ( 'NONE',  ( -2.375409738600888332, 1.949998880753508690, -0.1000106489190372011 ) ) ;
#9317 = PRESENTATION_STYLE_ASSIGNMENT (( #6121 ) ) ;
#9318 = DIRECTION ( 'NONE',  ( 1.000000000000000000, -0.000000000000000000, -0.000000000000000000 ) ) ;
#9319 = VECTOR ( 'NONE', #1094, 1000.000000000000000 ) ;
#9320 =( NAMED_UNIT ( * ) SI_UNIT ( $, .STERADIAN. ) SOLID_ANGLE_UNIT ( ) );
#9321 = UNCERTAINTY_MEASURE_WITH_UNIT (LENGTH_MEASURE( 1.000000000000000082E-05 ), #10389, 'distance_accuracy_value', 'NONE');
#9322 = CARTESIAN_POINT ( 'NONE',  ( 2.075000000000000178, 2.330000000000000071, -0.4684254559678819319 ) ) ;
#9323 = DIRECTION ( 'NONE',  ( -0.1045284632676537068, 0.000000000000000000, 0.9945218953682734009 ) ) ;
#9324 = SURFACE_SIDE_STYLE ('',( #198 ) ) ;
#9325 =( LENGTH_UNIT ( ) NAMED_UNIT ( * ) SI_UNIT ( .MILLI., .METRE. ) );
#9326 = ADVANCED_FACE ( 'NONE', ( #2642 ), #3325, .F. ) ;
#9327 = VERTEX_POINT ( 'NONE', #5899 ) ;
#9328 =( GEOMETRIC_REPRESENTATION_CONTEXT ( 3 ) GLOBAL_UNCERTAINTY_ASSIGNED_CONTEXT ( ( #9321 ) ) GLOBAL_UNIT_ASSIGNED_CONTEXT ( ( #10389, #1116, #8685 ) ) REPRESENTATION_CONTEXT ( 'NONE', 'WORKASPACE' ) );
#9329 = FILL_AREA_STYLE_COLOUR ( '', #9555 ) ;
#9330 = CIRCLE ( 'NONE', #6148, 0.09999999999999982514 ) ;
#9331 = ORIENTED_EDGE ( 'NONE', *, *, #6567, .T. ) ;
#9332 = ORIENTED_EDGE ( 'NONE', *, *, #2341, .T. ) ;
#9333 = EDGE_CURVE ( 'NONE', #2366, #5612, #1815, .T. ) ;
#9334 = PRESENTATION_STYLE_ASSIGNMENT (( #10372 ) ) ;
#9335 = CARTESIAN_POINT ( 'NONE',  ( -2.449999999999999289, -1.949999999999999512, -0.1000000000000000056 ) ) ;
#9336 = DIRECTION ( 'NONE',  ( 0.000000000000000000, 0.000000000000000000, -1.000000000000000000 ) ) ;
#9337 = STYLED_ITEM ( 'NONE', ( #1643 ), #10606 ) ;
#9338 = LINE ( 'NONE', #6026, #297 ) ;
#9339 = FILL_AREA_STYLE_COLOUR ( '', #2370 ) ;
#9340 = MECHANICAL_DESIGN_GEOMETRIC_PRESENTATION_REPRESENTATION (  '', ( #5116 ), #5459 ) ;
#9341 = ORIENTED_EDGE ( 'NONE', *, *, #4376, .F. ) ;
#9342 =( LENGTH_UNIT ( ) NAMED_UNIT ( * ) SI_UNIT ( .MILLI., .METRE. ) );
#9343 = ORIENTED_EDGE ( 'NONE', *, *, #6647, .T. ) ;
#9344 = ORIENTED_EDGE ( 'NONE', *, *, #9688, .F. ) ;
#9345 = DIRECTION ( 'NONE',  ( -1.000000000000000000, 0.000000000000000000, 0.000000000000000000 ) ) ;
#9346 = SURFACE_SIDE_STYLE ('',( #2569 ) ) ;
#9347 = CARTESIAN_POINT ( 'NONE',  ( 1.175000000000000044, 2.049999999999999822, -0.1000000000000000056 ) ) ;
#9348 = STYLED_ITEM ( 'NONE', ( #2818 ), #3464 ) ;
#9349 = COLOUR_RGB ( '',0.7921568627450980005, 0.8196078431372548767, 0.9333333333333333481 ) ;
#9350 = FACE_OUTER_BOUND ( 'NONE', #2317, .T. ) ;
#9351 = DIRECTION ( 'NONE',  ( 1.000000000000000000, 0.000000000000000000, 0.000000000000000000 ) ) ;
#9352 = VERTEX_POINT ( 'NONE', #10843 ) ;
#9353 = FILL_AREA_STYLE_COLOUR ( '', #911 ) ;
#9354 = LINE ( 'NONE', #3323, #5285 ) ;
#9355 = VERTEX_POINT ( 'NONE', #6758 ) ;
#9356 = CIRCLE ( 'NONE', #4598, 0.2000000000000000389 ) ;
#9357 = FILL_AREA_STYLE_COLOUR ( '', #1365 ) ;
#9358 = PRESENTATION_STYLE_ASSIGNMENT (( #5017 ) ) ;
#9359 = UNCERTAINTY_MEASURE_WITH_UNIT (LENGTH_MEASURE( 1.000000000000000082E-05 ), #7446, 'distance_accuracy_value', 'NONE');
#9360 = DIRECTION ( 'NONE',  ( -1.000000000000000000, 0.000000000000000000, 0.000000000000000000 ) ) ;
#9361 = ADVANCED_FACE ( 'NONE', ( #4143 ), #2742, .T. ) ;
#9362 = VERTEX_POINT ( 'NONE', #10183 ) ;
#9363 = CARTESIAN_POINT ( 'NONE',  ( 1.175000000000000044, 3.000000000000000000, -0.3995116203837655866 ) ) ;
#9364 = DIRECTION ( 'NONE',  ( 0.000000000000000000, 0.000000000000000000, -1.000000000000000000 ) ) ;
#9365 = PRESENTATION_LAYER_ASSIGNMENT (  '', '', ( #4432 ) ) ;
#9366 = FACE_OUTER_BOUND ( 'NONE', #5054, .T. ) ;
#9367 = STYLED_ITEM ( 'NONE', ( #1582 ), #1671 ) ;
#9368 = CARTESIAN_POINT ( 'NONE',  ( -0.5249999999999999112, -1.949999999999999512, 0.1000000000000000056 ) ) ;
#9369 = SURFACE_STYLE_USAGE ( .BOTH. , #10028 ) ;
#9370 = ORIENTED_EDGE ( 'NONE', *, *, #9463, .F. ) ;
#9371 = ADVANCED_FACE ( 'NONE', ( #7656 ), #1772, .F. ) ;
#9372 = AXIS2_PLACEMENT_3D ( 'NONE', #3805, #8865, #3171 ) ;
#9373 = MECHANICAL_DESIGN_GEOMETRIC_PRESENTATION_REPRESENTATION (  '', ( #3738 ), #8326 ) ;
#9374 = LINE ( 'NONE', #7022, #4298 ) ;
#9375 = PLANE ( 'NONE',  #5529 ) ;
#9376 = FACE_OUTER_BOUND ( 'NONE', #1770, .T. ) ;
#9377 = SURFACE_SIDE_STYLE ('',( #6122 ) ) ;
#9378 =( NAMED_UNIT ( * ) SI_UNIT ( $, .STERADIAN. ) SOLID_ANGLE_UNIT ( ) );
#9379 = DIRECTION ( 'NONE',  ( 0.000000000000000000, 0.000000000000000000, -1.000000000000000000 ) ) ;
#9380 = CARTESIAN_POINT ( 'NONE',  ( -1.945172790808107344, -1.445172790808107122, 0.5499999999999999334 ) ) ;
#9381 = FILL_AREA_STYLE ('',( #2817 ) ) ;
#9382 = STYLED_ITEM ( 'NONE', ( #5586 ), #6624 ) ;
#9383 = SURFACE_SIDE_STYLE ('',( #989 ) ) ;
#9384 = STYLED_ITEM ( 'NONE', ( #10113 ), #5066 ) ;
#9385 = VERTEX_POINT ( 'NONE', #4454 ) ;
#9386 = SURFACE_STYLE_USAGE ( .BOTH. , #991 ) ;
#9387 = ORIENTED_EDGE ( 'NONE', *, *, #1831, .F. ) ;
#9388 =( GEOMETRIC_REPRESENTATION_CONTEXT ( 3 ) GLOBAL_UNCERTAINTY_ASSIGNED_CONTEXT ( ( #8587 ) ) GLOBAL_UNIT_ASSIGNED_CONTEXT ( ( #4079, #6596, #10017 ) ) REPRESENTATION_CONTEXT ( 'NONE', 'WORKASPACE' ) );
#9389 = CARTESIAN_POINT ( 'NONE',  ( 0.5250000000000000222, -2.049999999999999822, -0.1000000000000000056 ) ) ;
#9390 = MECHANICAL_DESIGN_GEOMETRIC_PRESENTATION_REPRESENTATION (  '', ( #4987 ), #6893 ) ;
#9391 = AXIS2_PLACEMENT_3D ( 'NONE', #10591, #719, #5696 ) ;
#9392 = FACE_OUTER_BOUND ( 'NONE', #4715, .T. ) ;
#9393 = PRESENTATION_LAYER_ASSIGNMENT (  '', '', ( #3264 ) ) ;
#9394 = DIRECTION ( 'NONE',  ( 0.000000000000000000, -0.5190546823227987216, -0.8547410349098599758 ) ) ;
#9395 = EDGE_CURVE ( 'NONE', #9771, #10407, #6412, .T. ) ;
#9396 = EDGE_LOOP ( 'NONE', ( #2235, #5674, #202, #8322 ) ) ;
#9397 = EDGE_CURVE ( 'NONE', #2997, #3246, #1190, .T. ) ;
#9398 = VECTOR ( 'NONE', #8042, 1000.000000000000000 ) ;
#9399 =( LENGTH_UNIT ( ) NAMED_UNIT ( * ) SI_UNIT ( .MILLI., .METRE. ) );
#9400 = VERTEX_POINT ( 'NONE', #7069 ) ;
#9401 = VECTOR ( 'NONE', #8610, 1000.000000000000000 ) ;
#9402 = FACE_OUTER_BOUND ( 'NONE', #7815, .T. ) ;
#9403 = ORIENTED_EDGE ( 'NONE', *, *, #9204, .T. ) ;
#9404 = AXIS2_PLACEMENT_3D ( 'NONE', #986, #4326, #7678 ) ;
#9405 = CARTESIAN_POINT ( 'NONE',  ( 1.175000000000000044, 2.106267956964054999, 0.09999999999999999167 ) ) ;
#9406 = EDGE_CURVE ( 'NONE', #1918, #5438, #1743, .T. ) ;
#9407 = CIRCLE ( 'NONE', #7824, 0.2000000000000000389 ) ;
#9408 = FACE_OUTER_BOUND ( 'NONE', #4908, .T. ) ;
#9409 = LINE ( 'NONE', #10339, #349 ) ;
#9410 = EDGE_LOOP ( 'NONE', ( #10839, #8521, #10513, #520 ) ) ;
#9411 = COLOUR_RGB ( '',0.8039215686274510109, 0.8039215686274510109, 0.8039215686274510109 ) ;
#9412 = COLOUR_RGB ( '',0.8039215686274510109, 0.8039215686274510109, 0.8039215686274510109 ) ;
#9413 = CARTESIAN_POINT ( 'NONE',  ( 0.7750000000000001332, -1.949999999999999512, 0.1000000000000000056 ) ) ;
#9414 = CARTESIAN_POINT ( 'NONE',  ( 2.000000000000000000, -1.324999999999999512, -0.4499999999999999556 ) ) ;
#9415 = AXIS2_PLACEMENT_3D ( 'NONE', #9419, #7818, #6852 ) ;
#9416 = ORIENTED_EDGE ( 'NONE', *, *, #7579, .F. ) ;
#9417 = AXIS2_PLACEMENT_3D ( 'NONE', #2861, #355, #8818 ) ;
#9418 =( GEOMETRIC_REPRESENTATION_CONTEXT ( 3 ) GLOBAL_UNCERTAINTY_ASSIGNED_CONTEXT ( ( #9914 ) ) GLOBAL_UNIT_ASSIGNED_CONTEXT ( ( #9939, #46, #7401 ) ) REPRESENTATION_CONTEXT ( 'NONE', 'WORKASPACE' ) );
#9419 = CARTESIAN_POINT ( 'NONE',  ( -1.424999999999999822, 2.559556632021898537, -0.2684686300112771873 ) ) ;
#9420 = DIRECTION ( 'NONE',  ( 1.000000000000000000, 0.000000000000000000, 0.000000000000000000 ) ) ;
#9421 = DIRECTION ( 'NONE',  ( 0.000000000000000000, 0.000000000000000000, -1.000000000000000000 ) ) ;
#9422 = ORIENTED_EDGE ( 'NONE', *, *, #1787, .T. ) ;
#9423 = COLOUR_RGB ( '',0.8039215686274510109, 0.8039215686274510109, 0.8039215686274510109 ) ;
#9424 =( LENGTH_UNIT ( ) NAMED_UNIT ( * ) SI_UNIT ( .MILLI., .METRE. ) );
#9425 =( NAMED_UNIT ( * ) SI_UNIT ( $, .STERADIAN. ) SOLID_ANGLE_UNIT ( ) );
#9426 = DIRECTION ( 'NONE',  ( 0.000000000000000000, 0.000000000000000000, -1.000000000000000000 ) ) ;
#9427 = LINE ( 'NONE', #6863, #4602 ) ;
#9428 = ORIENTED_EDGE ( 'NONE', *, *, #8654, .F. ) ;
#9429 = VECTOR ( 'NONE', #7661, 1000.000000000000000 ) ;
#9430 =( NAMED_UNIT ( * ) SI_UNIT ( $, .STERADIAN. ) SOLID_ANGLE_UNIT ( ) );
#9431 = DIRECTION ( 'NONE',  ( 0.000000000000000000, 1.000000000000000000, 0.000000000000000000 ) ) ;
#9432 = EDGE_CURVE ( 'NONE', #7705, #5493, #1120, .T. ) ;
#9433 = CIRCLE ( 'NONE', #6599, 0.2000000000000000389 ) ;
#9434 = LINE ( 'NONE', #9476, #10216 ) ;
#9435 = FACE_OUTER_BOUND ( 'NONE', #10680, .T. ) ;
#9436 = UNCERTAINTY_MEASURE_WITH_UNIT (LENGTH_MEASURE( 1.000000000000000082E-05 ), #7854, 'distance_accuracy_value', 'NONE');
#9437 =( LENGTH_UNIT ( ) NAMED_UNIT ( * ) SI_UNIT ( .MILLI., .METRE. ) );
#9438 = SURFACE_SIDE_STYLE ('',( #1891 ) ) ;
#9439 = CARTESIAN_POINT ( 'NONE',  ( 0.1250000000000001110, -1.949999999999999512, 0.1000000000000000056 ) ) ;
#9440 = ORIENTED_EDGE ( 'NONE', *, *, #6855, .F. ) ;
#9441 = FACE_OUTER_BOUND ( 'NONE', #5717, .T. ) ;
#9442 = EDGE_CURVE ( 'NONE', #9897, #3651, #10126, .T. ) ;
#9443 = EDGE_LOOP ( 'NONE', ( #2575, #9370, #10016, #2354 ) ) ;
#9444 = STYLED_ITEM ( 'NONE', ( #7228 ), #660 ) ;
#9445 = MECHANICAL_DESIGN_GEOMETRIC_PRESENTATION_REPRESENTATION (  '', ( #2111 ), #4180 ) ;
#9446 = SURFACE_SIDE_STYLE ('',( #1899 ) ) ;
#9447 = EDGE_CURVE ( 'NONE', #5484, #4963, #4496, .T. ) ;
#9448 = FILL_AREA_STYLE ('',( #4689 ) ) ;
#9449 =( NAMED_UNIT ( * ) PLANE_ANGLE_UNIT ( ) SI_UNIT ( $, .RADIAN. ) );
#9450 = DIRECTION ( 'NONE',  ( 0.000000000000000000, 0.000000000000000000, -1.000000000000000000 ) ) ;
#9451 = DIRECTION ( 'NONE',  ( 0.000000000000000000, -0.000000000000000000, -1.000000000000000000 ) ) ;
#9452 = ORIENTED_EDGE ( 'NONE', *, *, #5539, .F. ) ;
#9453 = LINE ( 'NONE', #5258, #185 ) ;
#9454 = LINE ( 'NONE', #10130, #1711 ) ;
#9455 = DIRECTION ( 'NONE',  ( 0.000000000000000000, 1.000000000000000000, 0.000000000000000000 ) ) ;
#9456 = SURFACE_SIDE_STYLE ('',( #1055 ) ) ;
#9457 = COLOUR_RGB ( '',0.8039215686274510109, 0.8039215686274510109, 0.8039215686274510109 ) ;
#9458 = DIRECTION ( 'NONE',  ( 1.000000000000000000, 0.000000000000000000, 0.000000000000000000 ) ) ;
#9459 = VERTEX_POINT ( 'NONE', #3684 ) ;
#9460 = LINE ( 'NONE', #6805, #8448 ) ;
#9461 = CARTESIAN_POINT ( 'NONE',  ( -2.335172790808107468, -1.835172790808106802, -0.5499999999999999334 ) ) ;
#9462 = EDGE_LOOP ( 'NONE', ( #10814, #4310, #1979, #10134, #7569, #7596 ) ) ;
#9463 = EDGE_CURVE ( 'NONE', #2299, #284, #6149, .T. ) ;
#9464 = LINE ( 'NONE', #10344, #7653 ) ;
#9465 = SURFACE_STYLE_FILL_AREA ( #1064 ) ;
#9466 = DIRECTION ( 'NONE',  ( 0.000000000000000000, 0.5190546823227978335, 0.8547410349098604199 ) ) ;
#9467 = ADVANCED_FACE ( 'NONE', ( #5322 ), #450, .T. ) ;
#9468 = UNCERTAINTY_MEASURE_WITH_UNIT (LENGTH_MEASURE( 1.000000000000000082E-05 ), #1177, 'distance_accuracy_value', 'NONE');
#9469 =( LENGTH_UNIT ( ) NAMED_UNIT ( * ) SI_UNIT ( .MILLI., .METRE. ) );
#9470 = EDGE_LOOP ( 'NONE', ( #9332, #5934, #1400, #258 ) ) ;
#9471 = DIRECTION ( 'NONE',  ( 1.000000000000000000, 0.000000000000000000, 0.000000000000000000 ) ) ;
#9472 = CARTESIAN_POINT ( 'NONE',  ( -1.174999999999999822, -1.949999999999999512, 0.1000000000000000056 ) ) ;
#9473 = ORIENTED_EDGE ( 'NONE', *, *, #2454, .F. ) ;
#9474 = DIRECTION ( 'NONE',  ( 1.000000000000000000, 0.000000000000000000, 0.000000000000000000 ) ) ;
#9475 = DIRECTION ( 'NONE',  ( 0.000000000000000000, 1.000000000000000000, -8.672620682681688006E-17 ) ) ;
#9476 = CARTESIAN_POINT ( 'NONE',  ( 0.5250000000000000222, -1.949999999999999512, 0.1000000000000000056 ) ) ;
#9477 = FILL_AREA_STYLE_COLOUR ( '', #1012 ) ;
#9478 = CARTESIAN_POINT ( 'NONE',  ( 0.7750000000000001332, -3.000000000000000000, -0.3995116203837655866 ) ) ;
#9479 = SURFACE_STYLE_FILL_AREA ( #3026 ) ;
#9480 = SPHERICAL_SURFACE ( 'NONE', #8551, 0.07499999999999999722 ) ;
#9481 = DIRECTION ( 'NONE',  ( 1.000000000000000000, 0.000000000000000000, 0.000000000000000000 ) ) ;
#9482 = VERTEX_POINT ( 'NONE', #2798 ) ;
#9483 = CYLINDRICAL_SURFACE ( 'NONE', #3423, 0.1000000000000000194 ) ;
#9484 = VERTEX_POINT ( 'NONE', #6202 ) ;
#9485 = DIRECTION ( 'NONE',  ( 0.000000000000000000, 0.000000000000000000, -1.000000000000000000 ) ) ;
#9486 =( LENGTH_UNIT ( ) NAMED_UNIT ( * ) SI_UNIT ( .MILLI., .METRE. ) );
#9487 = DIRECTION ( 'NONE',  ( 0.000000000000000000, -1.000000000000000000, 0.000000000000000000 ) ) ;
#9488 = DIRECTION ( 'NONE',  ( -0.000000000000000000, -0.000000000000000000, -1.000000000000000000 ) ) ;
#9489 = AXIS2_PLACEMENT_3D ( 'NONE', #9160, #9057, #4044 ) ;
#9490 =( NAMED_UNIT ( * ) SI_UNIT ( $, .STERADIAN. ) SOLID_ANGLE_UNIT ( ) );
#9491 = ORIENTED_EDGE ( 'NONE', *, *, #9036, .F. ) ;
#9492 = EDGE_CURVE ( 'NONE', #2018, #3330, #5429, .T. ) ;
#9493 = SURFACE_STYLE_USAGE ( .BOTH. , #3719 ) ;
#9494 = CARTESIAN_POINT ( 'NONE',  ( 0.5250000000000000222, -3.000000000000000000, -0.3995116203837655866 ) ) ;
#9495 = CARTESIAN_POINT ( 'NONE',  ( 0.5250000000000000222, 3.000000000000000000, -0.3995116203837655866 ) ) ;
#9496 = COLOUR_RGB ( '',0.8039215686274510109, 0.8039215686274510109, 0.8039215686274510109 ) ;
#9497 = SURFACE_SIDE_STYLE ('',( #10334 ) ) ;
#9498 = ORIENTED_EDGE ( 'NONE', *, *, #3310, .F. ) ;
#9499 = CYLINDRICAL_SURFACE ( 'NONE', #2010, 0.2000000000000000389 ) ;
#9500 = SURFACE_SIDE_STYLE ('',( #5108 ) ) ;
#9501 = FACE_OUTER_BOUND ( 'NONE', #5719, .T. ) ;
#9502 = ORIENTED_EDGE ( 'NONE', *, *, #1187, .F. ) ;
#9503 =( GEOMETRIC_REPRESENTATION_CONTEXT ( 3 ) GLOBAL_UNCERTAINTY_ASSIGNED_CONTEXT ( ( #4813 ) ) GLOBAL_UNIT_ASSIGNED_CONTEXT ( ( #3322, #7426, #10776 ) ) REPRESENTATION_CONTEXT ( 'NONE', 'WORKASPACE' ) );
#9504 = DIRECTION ( 'NONE',  ( 0.000000000000000000, 0.5190546823227978335, 0.8547410349098604199 ) ) ;
#9505 = VECTOR ( 'NONE', #9563, 1000.000000000000114 ) ;
#9506 = ORIENTED_EDGE ( 'NONE', *, *, #40, .T. ) ;
#9507 =( GEOMETRIC_REPRESENTATION_CONTEXT ( 3 ) GLOBAL_UNCERTAINTY_ASSIGNED_CONTEXT ( ( #9636 ) ) GLOBAL_UNIT_ASSIGNED_CONTEXT ( ( #4392, #7809, #168 ) ) REPRESENTATION_CONTEXT ( 'NONE', 'WORKASPACE' ) );
#9508 =( LENGTH_UNIT ( ) NAMED_UNIT ( * ) SI_UNIT ( .MILLI., .METRE. ) );
#9509 = DIRECTION ( 'NONE',  ( 0.000000000000000000, 0.5190546823227987216, -0.8547410349098599758 ) ) ;
#9510 = AXIS2_PLACEMENT_3D ( 'NONE', #5715, #789, #5051 ) ;
#9511 = VERTEX_POINT ( 'NONE', #2085 ) ;
#9512 = CARTESIAN_POINT ( 'NONE',  ( 1.824999999999999956, 2.552580984647486062, -0.3682250350372596737 ) ) ;
#9513 = EDGE_CURVE ( 'NONE', #7712, #2990, #6110, .T. ) ;
#9514 = PRESENTATION_LAYER_ASSIGNMENT (  '', '', ( #3385 ) ) ;
#9515 = CARTESIAN_POINT ( 'NONE',  ( 0.5250000000000000222, 3.000000000000000000, -0.6000000000000000888 ) ) ;
#9516 =( NAMED_UNIT ( * ) PLANE_ANGLE_UNIT ( ) SI_UNIT ( $, .RADIAN. ) );
#9517 = VECTOR ( 'NONE', #9176, 1000.000000000000000 ) ;
#9518 = CARTESIAN_POINT ( 'NONE',  ( -0.7749999999999999112, -3.000000000000000000, -0.6000000000000000888 ) ) ;
#9519 = EDGE_LOOP ( 'NONE', ( #7242, #1147, #4634, #1522 ) ) ;
#9520 = LINE ( 'NONE', #2964, #6570 ) ;
#9521 = LINE ( 'NONE', #3018, #7745 ) ;
#9522 = EDGE_CURVE ( 'NONE', #6723, #3016, #8103, .T. ) ;
#9523 = EDGE_CURVE ( 'NONE', #5086, #4395, #2845, .T. ) ;
#9524 = SURFACE_SIDE_STYLE ('',( #10248 ) ) ;
#9525 = VECTOR ( 'NONE', #1073, 1000.000000000000114 ) ;
#9526 = FACE_OUTER_BOUND ( 'NONE', #9139, .T. ) ;
#9527 = CARTESIAN_POINT ( 'NONE',  ( -0.5249999999999999112, 2.277216163946027105, 0.003810936464559820311 ) ) ;
#9528 = STYLED_ITEM ( 'NONE', ( #7662 ), #1259 ) ;
#9529 = EDGE_CURVE ( 'NONE', #3055, #101, #3686, .T. ) ;
#9530 = VECTOR ( 'NONE', #3638, 1000.000000000000000 ) ;
#9531 = UNCERTAINTY_MEASURE_WITH_UNIT (LENGTH_MEASURE( 1.000000000000000082E-05 ), #10485, 'distance_accuracy_value', 'NONE');
#9532 = CARTESIAN_POINT ( 'NONE',  ( 1.175000000000000044, 2.559556632021898537, -0.2684686300112771873 ) ) ;
#9533 = STYLED_ITEM ( 'NONE', ( #264 ), #4016 ) ;
#9534 = CYLINDRICAL_SURFACE ( 'NONE', #2434, 0.1950000000000000899 ) ;
#9535 = ORIENTED_EDGE ( 'NONE', *, *, #1634, .T. ) ;
#9536 = CARTESIAN_POINT ( 'NONE',  ( -0.5249999999999999112, -1.949999999999999512, -0.1000000000000000056 ) ) ;
#9537 = ORIENTED_EDGE ( 'NONE', *, *, #7719, .F. ) ;
#9538 = PRESENTATION_LAYER_ASSIGNMENT (  '', '', ( #5312 ) ) ;
#9539 = SURFACE_STYLE_USAGE ( .BOTH. , #6178 ) ;
#9540 =( NAMED_UNIT ( * ) PLANE_ANGLE_UNIT ( ) SI_UNIT ( $, .RADIAN. ) );
#9541 = PLANE ( 'NONE',  #10056 ) ;
#9542 = VECTOR ( 'NONE', #1614, 1000.000000000000227 ) ;
#9543 = PRESENTATION_STYLE_ASSIGNMENT (( #7900 ) ) ;
#9544 = MECHANICAL_DESIGN_GEOMETRIC_PRESENTATION_REPRESENTATION (  '', ( #9384 ), #3412 ) ;
#9545 = SURFACE_SIDE_STYLE ('',( #3097 ) ) ;
#9546 = ORIENTED_EDGE ( 'NONE', *, *, #5871, .T. ) ;
#9547 = SURFACE_STYLE_FILL_AREA ( #8018 ) ;
#9548 =( GEOMETRIC_REPRESENTATION_CONTEXT ( 3 ) GLOBAL_UNCERTAINTY_ASSIGNED_CONTEXT ( ( #9869 ) ) GLOBAL_UNIT_ASSIGNED_CONTEXT ( ( #3476, #4349, #10291 ) ) REPRESENTATION_CONTEXT ( 'NONE', 'WORKASPACE' ) );
#9549 = MECHANICAL_DESIGN_GEOMETRIC_PRESENTATION_REPRESENTATION (  '', ( #3083 ), #85 ) ;
#9550 = ORIENTED_EDGE ( 'NONE', *, *, #5563, .T. ) ;
#9551 = ADVANCED_FACE ( 'NONE', ( #8253 ), #2407, .T. ) ;
#9552 = VECTOR ( 'NONE', #4895, 1000.000000000000000 ) ;
#9553 = SURFACE_STYLE_FILL_AREA ( #2996 ) ;
#9554 = ORIENTED_EDGE ( 'NONE', *, *, #4744, .T. ) ;
#9555 = COLOUR_RGB ( '',0.8039215686274510109, 0.8039215686274510109, 0.8039215686274510109 ) ;
#9556 = FILL_AREA_STYLE_COLOUR ( '', #10470 ) ;
#9557 = CARTESIAN_POINT ( 'NONE',  ( -1.174999999999999822, 2.049999999999999822, -0.1000000000000000056 ) ) ;
#9558 = SPHERICAL_SURFACE ( 'NONE', #1063, 0.07499999999999999722 ) ;
#9559 = AXIS2_PLACEMENT_3D ( 'NONE', #3788, #2172, #3836 ) ;
#9560 = CARTESIAN_POINT ( 'NONE',  ( 1.175000000000000044, -2.552580984647486062, -0.3682250350372596737 ) ) ;
#9561 = ORIENTED_EDGE ( 'NONE', *, *, #7320, .F. ) ;
#9562 = LINE ( 'NONE', #287, #1273 ) ;
#9563 = DIRECTION ( 'NONE',  ( 0.000000000000000000, 0.9975640502598241977, -0.06975647374412544122 ) ) ;
#9564 = ORIENTED_EDGE ( 'NONE', *, *, #9291, .F. ) ;
#9565 = MECHANICAL_DESIGN_GEOMETRIC_PRESENTATION_REPRESENTATION (  '', ( #1717 ), #7091 ) ;
#9566 = CARTESIAN_POINT ( 'NONE',  ( 2.449999999999998845, 1.875136580382892104, 0.09999999999999993616 ) ) ;
#9567 = VECTOR ( 'NONE', #975, 1000.000000000000000 ) ;
#9568 = EDGE_CURVE ( 'NONE', #9577, #7806, #6424, .T. ) ;
#9569 =( GEOMETRIC_REPRESENTATION_CONTEXT ( 3 ) GLOBAL_UNCERTAINTY_ASSIGNED_CONTEXT ( ( #574 ) ) GLOBAL_UNIT_ASSIGNED_CONTEXT ( ( #9632, #7025, #10355 ) ) REPRESENTATION_CONTEXT ( 'NONE', 'WORKASPACE' ) );
#9570 = DIRECTION ( 'NONE',  ( 0.000000000000000000, 0.5190546823227987216, -0.8547410349098599758 ) ) ;
#9571 = AXIS2_PLACEMENT_3D ( 'NONE', #8998, #2494, #5801 ) ;
#9572 = CARTESIAN_POINT ( 'NONE',  ( -2.449999999999999289, -1.949999999999999512, 0.1000000000000000056 ) ) ;
#9573 =( GEOMETRIC_REPRESENTATION_CONTEXT ( 3 ) GLOBAL_UNCERTAINTY_ASSIGNED_CONTEXT ( ( #10557 ) ) GLOBAL_UNIT_ASSIGNED_CONTEXT ( ( #3730, #6900, #1114 ) ) REPRESENTATION_CONTEXT ( 'NONE', 'WORKASPACE' ) );
#9574 = STYLED_ITEM ( 'NONE', ( #4378 ), #5617 ) ;
#9575 = UNCERTAINTY_MEASURE_WITH_UNIT (LENGTH_MEASURE( 1.000000000000000082E-05 ), #1284, 'distance_accuracy_value', 'NONE');
#9576 = CARTESIAN_POINT ( 'NONE',  ( -2.409761932960727826, 1.902703094130445693, 0.4828396347450739090 ) ) ;
#9577 = VERTEX_POINT ( 'NONE', #9836 ) ;
#9578 = UNCERTAINTY_MEASURE_WITH_UNIT (LENGTH_MEASURE( 1.000000000000000082E-05 ), #1769, 'distance_accuracy_value', 'NONE');
#9579 = AXIS2_PLACEMENT_3D ( 'NONE', #2592, #9201, #5119 ) ;
#9580 = PRESENTATION_STYLE_ASSIGNMENT (( #1975 ) ) ;
#9581 =( GEOMETRIC_REPRESENTATION_CONTEXT ( 3 ) GLOBAL_UNCERTAINTY_ASSIGNED_CONTEXT ( ( #10237 ) ) GLOBAL_UNIT_ASSIGNED_CONTEXT ( ( #175, #3424, #10019 ) ) REPRESENTATION_CONTEXT ( 'NONE', 'WORKASPACE' ) );
#9582 = AXIS2_PLACEMENT_3D ( 'NONE', #8930, #4793, #1425 ) ;
#9583 = FILL_AREA_STYLE_COLOUR ( '', #7778 ) ;
#9584 = ORIENTED_EDGE ( 'NONE', *, *, #40, .F. ) ;
#9585 = AXIS2_PLACEMENT_3D ( 'NONE', #7931, #6125, #6223 ) ;
#9586 = CIRCLE ( 'NONE', #3968, 0.2000000000000000389 ) ;
#9587 = PLANE ( 'NONE',  #6676 ) ;
#9588 =( NAMED_UNIT ( * ) PLANE_ANGLE_UNIT ( ) SI_UNIT ( $, .RADIAN. ) );
#9589 = EDGE_LOOP ( 'NONE', ( #4198, #73, #4544, #6455 ) ) ;
#9590 = FILL_AREA_STYLE_COLOUR ( '', #4318 ) ;
#9591 =( BOUNDED_CURVE ( )  B_SPLINE_CURVE ( 3, ( #3104, #2295, #3047, #9715 ),
 .UNSPECIFIED., .F., .T. ) 
 B_SPLINE_CURVE_WITH_KNOTS ( ( 4, 4 ),
 ( 5.503250352303679982, 7.063120262055489817 ),
 .UNSPECIFIED. ) 
 CURVE ( )  GEOMETRIC_REPRESENTATION_ITEM ( )  RATIONAL_B_SPLINE_CURVE ( ( 1.000000000000000000, 0.8073061876036331519, 0.8073061876036331519, 1.000000000000000000 ) ) 
 REPRESENTATION_ITEM ( '' )  );
#9592 = CARTESIAN_POINT ( 'NONE',  ( -0.7749999999999999112, -2.474082528530912928, -0.3203740982435569484 ) ) ;
#9593 = MECHANICAL_DESIGN_GEOMETRIC_PRESENTATION_REPRESENTATION (  '', ( #10648 ), #2787 ) ;
#9594 = EDGE_CURVE ( 'NONE', #1101, #6753, #8074, .T. ) ;
#9595 = CARTESIAN_POINT ( 'NONE',  ( 2.376217025357842960, -1.876217025357842960, 0.08449019374921863668 ) ) ;
#9596 = FACE_OUTER_BOUND ( 'NONE', #4726, .T. ) ;
#9597 =( LENGTH_UNIT ( ) NAMED_UNIT ( * ) SI_UNIT ( .MILLI., .METRE. ) );
#9598 = CARTESIAN_POINT ( 'NONE',  ( 1.824999999999999956, 3.000000000000000000, -0.6000000000000000888 ) ) ;
#9599 = LINE ( 'NONE', #5407, #7110 ) ;
#9600 = SURFACE_STYLE_USAGE ( .BOTH. , #2045 ) ;
#9601 = ORIENTED_EDGE ( 'NONE', *, *, #7121, .F. ) ;
#9602 = DIRECTION ( 'NONE',  ( 1.000000000000000000, 0.000000000000000000, 0.000000000000000000 ) ) ;
#9603 = PLANE ( 'NONE',  #5921 ) ;
#9604 = DIRECTION ( 'NONE',  ( 0.1039620511844979028, 0.1039620511844980277, 0.9891328443778538704 ) ) ;
#9605 = EDGE_CURVE ( 'NONE', #4207, #7312, #9020, .T. ) ;
#9606 = FACE_OUTER_BOUND ( 'NONE', #9589, .T. ) ;
#9607 = DIRECTION ( 'NONE',  ( 0.000000000000000000, 0.9975640502598241977, -0.06975647374412544122 ) ) ;
#9608 = LINE ( 'NONE', #3775, #140 ) ;
#9609 = ORIENTED_EDGE ( 'NONE', *, *, #6725, .F. ) ;
#9610 =( LENGTH_UNIT ( ) NAMED_UNIT ( * ) SI_UNIT ( .MILLI., .METRE. ) );
#9611 = CARTESIAN_POINT ( 'NONE',  ( 1.824999999999999956, 3.000000000000000000, -0.3995116203837655866 ) ) ;
#9612 = CARTESIAN_POINT ( 'NONE',  ( -0.5249999999999999112, -2.106267956964054999, 0.09999999999999999167 ) ) ;
#9613 = ORIENTED_EDGE ( 'NONE', *, *, #3903, .T. ) ;
#9614 =( GEOMETRIC_REPRESENTATION_CONTEXT ( 3 ) GLOBAL_UNCERTAINTY_ASSIGNED_CONTEXT ( ( #1083 ) ) GLOBAL_UNIT_ASSIGNED_CONTEXT ( ( #7616, #3502, #2710 ) ) REPRESENTATION_CONTEXT ( 'NONE', 'WORKASPACE' ) );
#9615 = LINE ( 'NONE', #2297, #7305 ) ;
#9616 = DIRECTION ( 'NONE',  ( -1.156482317317871607E-14, 0.000000000000000000, 1.000000000000000000 ) ) ;
#9617 = EDGE_CURVE ( 'NONE', #6991, #7354, #8207, .T. ) ;
#9618 = AXIS2_PLACEMENT_3D ( 'NONE', #1304, #1475, #629 ) ;
#9619 = ORIENTED_EDGE ( 'NONE', *, *, #5551, .T. ) ;
#9620 = SURFACE_STYLE_FILL_AREA ( #6250 ) ;
#9621 = ORIENTED_EDGE ( 'NONE', *, *, #3410, .F. ) ;
#9622 = CARTESIAN_POINT ( 'NONE',  ( 0.1250000000000001110, 2.049999999999999822, -0.2000000000000000111 ) ) ;
#9623 = SURFACE_STYLE_USAGE ( .BOTH. , #1239 ) ;
#9624 = FILL_AREA_STYLE ('',( #3798 ) ) ;
#9625 = ORIENTED_EDGE ( 'NONE', *, *, #10247, .T. ) ;
#9626 =( NAMED_UNIT ( * ) PLANE_ANGLE_UNIT ( ) SI_UNIT ( $, .RADIAN. ) );
#9627 = ORIENTED_EDGE ( 'NONE', *, *, #2296, .T. ) ;
#9628 = ORIENTED_EDGE ( 'NONE', *, *, #10515, .F. ) ;
#9629 = DIRECTION ( 'NONE',  ( 0.000000000000000000, 0.000000000000000000, 1.000000000000000000 ) ) ;
#9630 = CARTESIAN_POINT ( 'NONE',  ( 0.7750000000000001332, 2.277216163946027105, 0.003810936464559820311 ) ) ;
#9631 = EDGE_CURVE ( 'NONE', #726, #10643, #5600, .T. ) ;
#9632 =( LENGTH_UNIT ( ) NAMED_UNIT ( * ) SI_UNIT ( .MILLI., .METRE. ) );
#9633 = FILL_AREA_STYLE_COLOUR ( '', #9710 ) ;
#9634 = CARTESIAN_POINT ( 'NONE',  ( -2.449999999999999289, -1.874999999999999556, 0.1000000000000000056 ) ) ;
#9635 = CARTESIAN_POINT ( 'NONE',  ( -1.750172790808107282, -1.445172790808107122, -0.01154328932550770584 ) ) ;
#9636 = UNCERTAINTY_MEASURE_WITH_UNIT (LENGTH_MEASURE( 1.000000000000000082E-05 ), #4392, 'distance_accuracy_value', 'NONE');
#9637 = LINE ( 'NONE', #10315, #3786 ) ;
#9638 = CARTESIAN_POINT ( 'NONE',  ( -1.174999999999999822, -1.949999999999999512, 0.1000000000000000056 ) ) ;
#9639 = DIRECTION ( 'NONE',  ( 0.000000000000000000, 0.000000000000000000, -1.000000000000000000 ) ) ;
#9640 = SURFACE_STYLE_FILL_AREA ( #6228 ) ;
#9641 = VERTEX_POINT ( 'NONE', #4720 ) ;
#9642 = LINE ( 'NONE', #8892, #5763 ) ;
#9643 =( GEOMETRIC_REPRESENTATION_CONTEXT ( 3 ) GLOBAL_UNCERTAINTY_ASSIGNED_CONTEXT ( ( #8110 ) ) GLOBAL_UNIT_ASSIGNED_CONTEXT ( ( #282, #3893, #2128 ) ) REPRESENTATION_CONTEXT ( 'NONE', 'WORKASPACE' ) );
#9644 = PRESENTATION_STYLE_ASSIGNMENT (( #7941 ) ) ;
#9645 = CARTESIAN_POINT ( 'NONE',  ( -1.824999999999999734, 2.559556632021898537, -0.2684686300112771873 ) ) ;
#9646 = STYLED_ITEM ( 'NONE', ( #10003 ), #9655 ) ;
#9647 = LINE ( 'NONE', #10373, #4093 ) ;
#9648 = LINE ( 'NONE', #6237, #104 ) ;
#9649 = FILL_AREA_STYLE_COLOUR ( '', #7076 ) ;
#9650 = ADVANCED_FACE ( 'NONE', ( #8130 ), #5488, .F. ) ;
#9651 = FILL_AREA_STYLE_COLOUR ( '', #2567 ) ;
#9652 = DIRECTION ( 'NONE',  ( 0.000000000000000000, 0.5190546823227979445, 0.8547410349098604199 ) ) ;
#9653 = ORIENTED_EDGE ( 'NONE', *, *, #2254, .F. ) ;
#9654 = AXIS2_PLACEMENT_3D ( 'NONE', #7524, #933, #784 ) ;
#9655 = ADVANCED_FACE ( 'NONE', ( #3471 ), #5153, .F. ) ;
#9656 = CARTESIAN_POINT ( 'NONE',  ( 0.7750000000000001332, -2.552580984647486062, -0.3682250350372596737 ) ) ;
#9657 = ORIENTED_EDGE ( 'NONE', *, *, #6721, .F. ) ;
#9658 = PLANE ( 'NONE',  #2690 ) ;
#9659 = EDGE_LOOP ( 'NONE', ( #7509, #7521, #5162, #1775 ) ) ;
#9660 = PRESENTATION_LAYER_ASSIGNMENT (  '', '', ( #2698 ) ) ;
#9661 = CARTESIAN_POINT ( 'NONE',  ( -2.449760935694445418, 1.918963392251840538, 0.1022745449310375199 ) ) ;
#9662 = CARTESIAN_POINT ( 'NONE',  ( -2.449999626916907758, -1.875273160256224481, 0.1000035496485076614 ) ) ;
#9663 = CARTESIAN_POINT ( 'NONE',  ( 1.824999999999999956, -1.949999999999999512, 0.1000000000000000056 ) ) ;
#9664 = DIRECTION ( 'NONE',  ( 1.000000000000000000, 0.000000000000000000, 0.000000000000000000 ) ) ;
#9665 = EDGE_LOOP ( 'NONE', ( #7743, #5124, #2615, #6013 ) ) ;
#9666 = DIRECTION ( 'NONE',  ( -0.000000000000000000, 0.000000000000000000, -1.000000000000000000 ) ) ;
#9667 = CARTESIAN_POINT ( 'NONE',  ( 0.5250000000000000222, 2.559556632021898537, -0.2684686300112771873 ) ) ;
#9668 = EDGE_LOOP ( 'NONE', ( #7339, #10144, #3980, #5338 ) ) ;
#9669 =( LENGTH_UNIT ( ) NAMED_UNIT ( * ) SI_UNIT ( .MILLI., .METRE. ) );
#9670 = STYLED_ITEM ( 'NONE', ( #7146 ), #10396 ) ;
#9671 = DIRECTION ( 'NONE',  ( 1.000000000000000000, 0.000000000000000000, 0.000000000000000000 ) ) ;
#9672 =( NAMED_UNIT ( * ) PLANE_ANGLE_UNIT ( ) SI_UNIT ( $, .RADIAN. ) );
#9673 = UNCERTAINTY_MEASURE_WITH_UNIT (LENGTH_MEASURE( 1.000000000000000082E-05 ), #9870, 'distance_accuracy_value', 'NONE');
#9674 = ORIENTED_EDGE ( 'NONE', *, *, #210, .F. ) ;
#9675 = DIRECTION ( 'NONE',  ( 0.000000000000000000, 0.000000000000000000, -1.000000000000000000 ) ) ;
#9676 = CYLINDRICAL_SURFACE ( 'NONE', #389, 0.1000000000000000194 ) ;
#9677 = AXIS2_PLACEMENT_3D ( 'NONE', #9667, #2183, #5483 ) ;
#9678 =( NAMED_UNIT ( * ) SI_UNIT ( $, .STERADIAN. ) SOLID_ANGLE_UNIT ( ) );
#9679 = CARTESIAN_POINT ( 'NONE',  ( 0.5250000000000000222, -1.949999999999999512, -0.1000000000000000056 ) ) ;
#9680 = FILL_AREA_STYLE_COLOUR ( '', #10589 ) ;
#9681 = LINE ( 'NONE', #2197, #5455 ) ;
#9682 = PRESENTATION_LAYER_ASSIGNMENT (  '', '', ( #2174 ) ) ;
#9683 = VECTOR ( 'NONE', #6268, 1000.000000000000000 ) ;
#9684 = ORIENTED_EDGE ( 'NONE', *, *, #2554, .T. ) ;
#9685 = PRESENTATION_STYLE_ASSIGNMENT (( #7775 ) ) ;
#9686 = SURFACE_STYLE_FILL_AREA ( #353 ) ;
#9687 = VECTOR ( 'NONE', #8280, 1000.000000000000000 ) ;
#9688 = EDGE_CURVE ( 'NONE', #1648, #10686, #2514, .T. ) ;
#9689 = CYLINDRICAL_SURFACE ( 'NONE', #5933, 0.1950000000000000899 ) ;
#9690 = DIRECTION ( 'NONE',  ( 1.000000000000000000, 0.000000000000000000, 0.000000000000000000 ) ) ;
#9691 = EDGE_CURVE ( 'NONE', #9015, #7705, #5879, .T. ) ;
#9692 = SURFACE_SIDE_STYLE ('',( #3231 ) ) ;
#9693 = FILL_AREA_STYLE ('',( #3754 ) ) ;
#9694 = DIRECTION ( 'NONE',  ( 0.000000000000000000, -0.5190546823227978335, 0.8547410349098604199 ) ) ;
#9695 = DIRECTION ( 'NONE',  ( 1.000000000000000000, 0.000000000000000000, 0.000000000000000000 ) ) ;
#9696 = VECTOR ( 'NONE', #4105, 1000.000000000000000 ) ;
#9697 = SURFACE_STYLE_USAGE ( .BOTH. , #2106 ) ;
#9698 = ORIENTED_EDGE ( 'NONE', *, *, #2040, .F. ) ;
#9699 = CARTESIAN_POINT ( 'NONE',  ( -1.174999999999999822, 2.049999999999999822, -0.2000000000000000111 ) ) ;
#9700 = ADVANCED_FACE ( 'NONE', ( #5775 ), #7533, .T. ) ;
#9701 = CARTESIAN_POINT ( 'NONE',  ( 2.075000000000000178, 2.552580984647486062, -0.3682250350372594516 ) ) ;
#9702 = PRESENTATION_LAYER_ASSIGNMENT (  '', '', ( #4433 ) ) ;
#9703 = PRESENTATION_LAYER_ASSIGNMENT (  '', '', ( #2895 ) ) ;
#9704 = CARTESIAN_POINT ( 'NONE',  ( -0.7749999999999999112, -2.559556632021898537, -0.2684686300112771873 ) ) ;
#9705 = FILL_AREA_STYLE_COLOUR ( '', #6179 ) ;
#9706 = DIRECTION ( 'NONE',  ( 0.000000000000000000, 0.000000000000000000, -1.000000000000000000 ) ) ;
#9707 = PRESENTATION_LAYER_ASSIGNMENT (  '', '', ( #6014 ) ) ;
#9708 = VERTEX_POINT ( 'NONE', #7640 ) ;
#9709 = CARTESIAN_POINT ( 'NONE',  ( -0.7749999999999999112, 2.135474103490985875, -0.1480945317677201667 ) ) ;
#9710 = COLOUR_RGB ( '',0.8039215686274510109, 0.8039215686274510109, 0.8039215686274510109 ) ;
#9711 = ORIENTED_EDGE ( 'NONE', *, *, #3620, .T. ) ;
#9712 = CARTESIAN_POINT ( 'NONE',  ( -2.335172790808107468, -1.835172790808106802, -0.4749999999999999223 ) ) ;
#9713 = VECTOR ( 'NONE', #5131, 1000.000000000000000 ) ;
#9714 = ORIENTED_EDGE ( 'NONE', *, *, #9729, .F. ) ;
#9715 = CARTESIAN_POINT ( 'NONE',  ( -2.375409738600887888, -1.949998880753507802, 0.1000106489190369513 ) ) ;
#9716 =( GEOMETRIC_REPRESENTATION_CONTEXT ( 3 ) GLOBAL_UNCERTAINTY_ASSIGNED_CONTEXT ( ( #1240 ) ) GLOBAL_UNIT_ASSIGNED_CONTEXT ( ( #3547, #8445, #1832 ) ) REPRESENTATION_CONTEXT ( 'NONE', 'WORKASPACE' ) );
#9717 = LINE ( 'NONE', #8024, #3768 ) ;
#9718 = ORIENTED_EDGE ( 'NONE', *, *, #9999, .T. ) ;
#9719 = EDGE_CURVE ( 'NONE', #7443, #3333, #117, .T. ) ;
#9720 = CARTESIAN_POINT ( 'NONE',  ( 2.335172790808107024, -1.835172790808106802, 0.4749999999999998668 ) ) ;
#9721 = ADVANCED_FACE ( 'NONE', ( #6095 ), #2124, .T. ) ;
#9722 = FILL_AREA_STYLE ('',( #7309 ) ) ;
#9723 = PLANE ( 'NONE',  #2192 ) ;
#9724 = ORIENTED_EDGE ( 'NONE', *, *, #2632, .F. ) ;
#9725 = DIRECTION ( 'NONE',  ( 0.000000000000000000, 0.000000000000000000, -1.000000000000000000 ) ) ;
#9726 = SURFACE_STYLE_USAGE ( .BOTH. , #8250 ) ;
#9727 = VERTEX_POINT ( 'NONE', #2067 ) ;
#9728 =( NAMED_UNIT ( * ) PLANE_ANGLE_UNIT ( ) SI_UNIT ( $, .RADIAN. ) );
#9729 = EDGE_CURVE ( 'NONE', #4068, #9194, #10221, .T. ) ;
#9730 = COLOUR_RGB ( '',0.8039215686274510109, 0.8039215686274510109, 0.8039215686274510109 ) ;
#9731 = MECHANICAL_DESIGN_GEOMETRIC_PRESENTATION_REPRESENTATION (  '', ( #9214 ), #6391 ) ;
#9732 = CYLINDRICAL_SURFACE ( 'NONE', #7074, 0.07499999999999998335 ) ;
#9733 = VERTEX_POINT ( 'NONE', #2730 ) ;
#9734 = DIRECTION ( 'NONE',  ( -0.1039620511844982914, -0.1039620511844993184, 0.9891328443778536483 ) ) ;
#9735 = STYLED_ITEM ( 'NONE', ( #10006 ), #5211 ) ;
#9736 = CYLINDRICAL_SURFACE ( 'NONE', #3898, 0.07499999999999998335 ) ;
#9737 =( NAMED_UNIT ( * ) PLANE_ANGLE_UNIT ( ) SI_UNIT ( $, .RADIAN. ) );
#9738 = ORIENTED_EDGE ( 'NONE', *, *, #6310, .T. ) ;
#9739 = FILL_AREA_STYLE_COLOUR ( '', #4354 ) ;
#9741 = CARTESIAN_POINT ( 'NONE',  ( 1.425000000000000044, 2.330000000000000071, -0.4684254559678819319 ) ) ;
#9740 = DIRECTION ( 'NONE',  ( 0.000000000000000000, -1.000000000000000000, 0.000000000000000000 ) ) ;
#9742 = VERTEX_POINT ( 'NONE', #5419 ) ;
#9743 = MECHANICAL_DESIGN_GEOMETRIC_PRESENTATION_REPRESENTATION (  '', ( #635 ), #4476 ) ;
#9744 = FACE_OUTER_BOUND ( 'NONE', #3281, .T. ) ;
#9745 = DIRECTION ( 'NONE',  ( 0.000000000000000000, 0.000000000000000000, -1.000000000000000000 ) ) ;
#9746 = STYLED_ITEM ( 'NONE', ( #4909 ), #4277 ) ;
#9747 = DIRECTION ( 'NONE',  ( 0.000000000000000000, 0.000000000000000000, -1.000000000000000000 ) ) ;
#9748 = VECTOR ( 'NONE', #9431, 1000.000000000000000 ) ;
#9749 = VECTOR ( 'NONE', #8830, 1000.000000000000000 ) ;
#9750 = UNCERTAINTY_MEASURE_WITH_UNIT (LENGTH_MEASURE( 1.000000000000000082E-05 ), #5406, 'distance_accuracy_value', 'NONE');
#9751 = CIRCLE ( 'NONE', #5015, 0.1000000000000000194 ) ;
#9752 = MECHANICAL_DESIGN_GEOMETRIC_PRESENTATION_REPRESENTATION (  '', ( #3787 ), #6587 ) ;
#9753 = FILL_AREA_STYLE ('',( #10788 ) ) ;
#9754 = CARTESIAN_POINT ( 'NONE',  ( 2.375136580382889662, -1.949999999999999734, -0.09999999999999968636 ) ) ;
#9755 = DIRECTION ( 'NONE',  ( 0.000000000000000000, 1.000000000000000000, 0.000000000000000000 ) ) ;
#9756 = LINE ( 'NONE', #5508, #9911 ) ;
#9757 = CARTESIAN_POINT ( 'NONE',  ( -0.7749999999999999112, 1.949999999999999512, -0.1000000000000000056 ) ) ;
#9758 = EDGE_LOOP ( 'NONE', ( #7334, #10107, #2437, #5788 ) ) ;
#9759 = EDGE_CURVE ( 'NONE', #9268, #4013, #5373, .T. ) ;
#9760 = AXIS2_PLACEMENT_3D ( 'NONE', #9134, #10266, #1696 ) ;
#9761 = LINE ( 'NONE', #2280, #5345 ) ;
#9762 =( GEOMETRIC_REPRESENTATION_CONTEXT ( 3 ) GLOBAL_UNCERTAINTY_ASSIGNED_CONTEXT ( ( #6909 ) ) GLOBAL_UNIT_ASSIGNED_CONTEXT ( ( #7875, #4611, #227 ) ) REPRESENTATION_CONTEXT ( 'NONE', 'WORKASPACE' ) );
#9763 = VERTEX_POINT ( 'NONE', #2880 ) ;
#9764 = EDGE_CURVE ( 'NONE', #9763, #4242, #1269, .T. ) ;
#9765 = STYLED_ITEM ( 'NONE', ( #4767 ), #6318 ) ;
#9766 = STYLED_ITEM ( 'NONE', ( #5991 ), #7947 ) ;
#9767 =( NAMED_UNIT ( * ) SI_UNIT ( $, .STERADIAN. ) SOLID_ANGLE_UNIT ( ) );
#9768 = LINE ( 'NONE', #9818, #4169 ) ;
#9769 =( NAMED_UNIT ( * ) SI_UNIT ( $, .STERADIAN. ) SOLID_ANGLE_UNIT ( ) );
#9770 = DIRECTION ( 'NONE',  ( 1.000000000000000000, 0.000000000000000000, 0.000000000000000000 ) ) ;
#9771 = VERTEX_POINT ( 'NONE', #9405 ) ;
#9772 = EDGE_CURVE ( 'NONE', #4242, #5381, #6950, .T. ) ;
#9773 = VERTEX_POINT ( 'NONE', #10380 ) ;
#9774 = COLOUR_RGB ( '',0.8039215686274510109, 0.8039215686274510109, 0.8039215686274510109 ) ;
#9775 = ORIENTED_EDGE ( 'NONE', *, *, #693, .T. ) ;
#9776 = ORIENTED_EDGE ( 'NONE', *, *, #135, .F. ) ;
#9777 = EDGE_CURVE ( 'NONE', #10331, #6548, #8736, .T. ) ;
#9778 = DIRECTION ( 'NONE',  ( 0.000000000000000000, -0.9975640502598241977, 0.06975647374412535795 ) ) ;
#9779 = MECHANICAL_DESIGN_GEOMETRIC_PRESENTATION_REPRESENTATION (  '', ( #1387 ), #10142 ) ;
#9780 = CARTESIAN_POINT ( 'NONE',  ( -2.074999999999999734, -1.949999999999999512, 0.1000000000000000056 ) ) ;
#9781 = CARTESIAN_POINT ( 'NONE',  ( -2.449998880753507358, -1.875409738600887444, 0.1000106489190370346 ) ) ;
#9782 = FACE_OUTER_BOUND ( 'NONE', #10647, .T. ) ;
#9783 = ORIENTED_EDGE ( 'NONE', *, *, #9523, .F. ) ;
#9784 = LINE ( 'NONE', #6466, #4457 ) ;
#9785 = CYLINDRICAL_SURFACE ( 'NONE', #9677, 0.09999999999999982514 ) ;
#9786 = VERTEX_POINT ( 'NONE', #10436 ) ;
#9787 = DIRECTION ( 'NONE',  ( 0.000000000000000000, -0.9975640502598241977, -0.06975647374412544122 ) ) ;
#9788 = DIRECTION ( 'NONE',  ( 0.000000000000000000, 0.000000000000000000, 1.000000000000000000 ) ) ;
#9789 = STYLED_ITEM ( 'NONE', ( #6234 ), #2380 ) ;
#9790 = UNCERTAINTY_MEASURE_WITH_UNIT (LENGTH_MEASURE( 1.000000000000000082E-05 ), #7865, 'distance_accuracy_value', 'NONE');
#9791 = ORIENTED_EDGE ( 'NONE', *, *, #8452, .T. ) ;
#9792 = FILL_AREA_STYLE ('',( #2258 ) ) ;
#9793 = SURFACE_STYLE_USAGE ( .BOTH. , #8138 ) ;
#9794 = SURFACE_SIDE_STYLE ('',( #1640 ) ) ;
#9795 = VERTEX_POINT ( 'NONE', #6139 ) ;
#9796 = CYLINDRICAL_SURFACE ( 'NONE', #9618, 0.2000000000000000389 ) ;
#9798 = DIRECTION ( 'NONE',  ( 0.000000000000000000, 0.000000000000000000, 1.000000000000000000 ) ) ;
#9797 = CARTESIAN_POINT ( 'NONE',  ( 0.5250000000000000222, 2.106267956964054999, 0.09999999999999999167 ) ) ;
#9799 = ORIENTED_EDGE ( 'NONE', *, *, #387, .F. ) ;
#9800 = CARTESIAN_POINT ( 'NONE',  ( 1.824999999999999956, 2.552580984647486062, -0.3682250350372596737 ) ) ;
#9801 = ORIENTED_EDGE ( 'NONE', *, *, #2422, .T. ) ;
#9802 = ADVANCED_FACE ( 'NONE', ( #7056 ), #1227, .F. ) ;
#9803 = DIRECTION ( 'NONE',  ( 0.000000000000000000, 0.000000000000000000, -1.000000000000000000 ) ) ;
#9804 = FILL_AREA_STYLE_COLOUR ( '', #10244 ) ;
#9805 = PRESENTATION_STYLE_ASSIGNMENT (( #354 ) ) ;
#9806 = UNCERTAINTY_MEASURE_WITH_UNIT (LENGTH_MEASURE( 1.000000000000000082E-05 ), #3360, 'distance_accuracy_value', 'NONE');
#9807 = DIRECTION ( 'NONE',  ( 0.000000000000000000, 1.000000000000000000, 0.000000000000000000 ) ) ;
#9808 = CARTESIAN_POINT ( 'NONE',  ( 0.5250000000000000222, -2.330000000000000071, -0.4684254559678819319 ) ) ;
#9809 = DIRECTION ( 'NONE',  ( 1.000000000000000000, 0.000000000000000000, 0.000000000000000000 ) ) ;
#9810 = LINE ( 'NONE', #4801, #796 ) ;
#9811 = DIRECTION ( 'NONE',  ( 1.000000000000000000, 0.000000000000000000, 0.000000000000000000 ) ) ;
#9812 = ORIENTED_EDGE ( 'NONE', *, *, #6764, .F. ) ;
#9813 = MECHANICAL_DESIGN_GEOMETRIC_PRESENTATION_REPRESENTATION (  '', ( #3834 ), #4363 ) ;
#9814 =( NAMED_UNIT ( * ) PLANE_ANGLE_UNIT ( ) SI_UNIT ( $, .RADIAN. ) );
#9815 = EDGE_LOOP ( 'NONE', ( #1369, #7294, #315, #2534 ) ) ;
#9816 = CARTESIAN_POINT ( 'NONE',  ( 1.824999999999999956, 3.000000000000000000, -0.3995116203837655866 ) ) ;
#9817 = PLANE ( 'NONE',  #9489 ) ;
#9818 = CARTESIAN_POINT ( 'NONE',  ( 0.1250000000000001110, -1.949999999999999512, -0.1000000000000000056 ) ) ;
#9819 = FILL_AREA_STYLE ('',( #1499 ) ) ;
#9820 = CARTESIAN_POINT ( 'NONE',  ( -2.074999999999999734, 2.106267956964054999, 0.09999999999999999167 ) ) ;
#9821 = CARTESIAN_POINT ( 'NONE',  ( 1.824999999999999956, 3.000000000000000000, -0.3995116203837655866 ) ) ;
#9822 = ORIENTED_EDGE ( 'NONE', *, *, #4968, .F. ) ;
#9823 = VERTEX_POINT ( 'NONE', #373 ) ;
#9824 = CARTESIAN_POINT ( 'NONE',  ( 1.824999999999999956, -2.552580984647486062, -0.3682250350372596737 ) ) ;
#9825 = VECTOR ( 'NONE', #6102, 1000.000000000000227 ) ;
#9826 = ORIENTED_EDGE ( 'NONE', *, *, #3257, .F. ) ;
#9827 = ORIENTED_EDGE ( 'NONE', *, *, #9442, .T. ) ;
#9828 = FACE_OUTER_BOUND ( 'NONE', #3667, .T. ) ;
#9829 = EDGE_CURVE ( 'NONE', #3535, #2701, #3722, .T. ) ;
#9830 = EDGE_CURVE ( 'NONE', #6299, #1417, #1279, .T. ) ;
#9831 = CARTESIAN_POINT ( 'NONE',  ( -2.074999999999999734, 2.049999999999999822, -0.1000000000000000056 ) ) ;
#9832 = FILL_AREA_STYLE ('',( #12 ) ) ;
#9833 = ORIENTED_EDGE ( 'NONE', *, *, #8409, .F. ) ;
#9834 = CYLINDRICAL_SURFACE ( 'NONE', #247, 0.2000000000000000389 ) ;
#9835 = VERTEX_POINT ( 'NONE', #2786 ) ;
#9836 = CARTESIAN_POINT ( 'NONE',  ( -2.074999999999999734, -3.000000000000000000, -0.6000000000000000888 ) ) ;
#9837 = FILL_AREA_STYLE ('',( #934 ) ) ;
#9838 =( GEOMETRIC_REPRESENTATION_CONTEXT ( 3 ) GLOBAL_UNCERTAINTY_ASSIGNED_CONTEXT ( ( #2369 ) ) GLOBAL_UNIT_ASSIGNED_CONTEXT ( ( #2456, #5764, #5973 ) ) REPRESENTATION_CONTEXT ( 'NONE', 'WORKASPACE' ) );
#9839 = FILL_AREA_STYLE ('',( #9024 ) ) ;
#9840 = ORIENTED_EDGE ( 'NONE', *, *, #7308, .F. ) ;
#9841 = DIRECTION ( 'NONE',  ( 0.000000000000000000, -0.9975640502598241977, -0.06975647374412544122 ) ) ;
#9842 = CARTESIAN_POINT ( 'NONE',  ( -2.335172790808107468, 1.950000000000000400, -0.4749999999999999223 ) ) ;
#9843 = CARTESIAN_POINT ( 'NONE',  ( -2.449999999999999289, -1.875136580382890994, -0.09999999999999982514 ) ) ;
#9844 = ORIENTED_EDGE ( 'NONE', *, *, #5414, .F. ) ;
#9845 = MECHANICAL_DESIGN_GEOMETRIC_PRESENTATION_REPRESENTATION (  '', ( #3697 ), #9548 ) ;
#9846 = CARTESIAN_POINT ( 'NONE',  ( 1.175000000000000044, 2.552580984647486062, -0.3682250350372596737 ) ) ;
#9847 = AXIS2_PLACEMENT_3D ( 'NONE', #7452, #3242, #6555 ) ;
#9848 = ORIENTED_EDGE ( 'NONE', *, *, #2013, .F. ) ;
#9849 = PRESENTATION_STYLE_ASSIGNMENT (( #753 ) ) ;
#9850 = LINE ( 'NONE', #8096, #458 ) ;
#9851 = FILL_AREA_STYLE ('',( #1709 ) ) ;
#9852 = ORIENTED_EDGE ( 'NONE', *, *, #600, .T. ) ;
#9853 = AXIS2_PLACEMENT_3D ( 'NONE', #8924, #9906, #1422 ) ;
#9854 = CYLINDRICAL_SURFACE ( 'NONE', #3963, 0.2000000000000000389 ) ;
#9855 = LINE ( 'NONE', #5569, #8364 ) ;
#9856 = EDGE_CURVE ( 'NONE', #1193, #7684, #9453, .T. ) ;
#9857 = SURFACE_STYLE_USAGE ( .BOTH. , #8987 ) ;
#9858 = DIRECTION ( 'NONE',  ( 0.000000000000000000, -0.9945218953682731788, 0.1045284632676545117 ) ) ;
#9859 = ORIENTED_EDGE ( 'NONE', *, *, #4585, .T. ) ;
#9860 = EDGE_CURVE ( 'NONE', #4484, #10007, #9591, .T. ) ;
#9861 = CARTESIAN_POINT ( 'NONE',  ( 2.075000000000000178, 2.277216163946027105, 0.003810936464559820311 ) ) ;
#9862 = ORIENTED_EDGE ( 'NONE', *, *, #6720, .F. ) ;
#9863 = FACE_OUTER_BOUND ( 'NONE', #295, .T. ) ;
#9864 = DIRECTION ( 'NONE',  ( 0.000000000000000000, -0.000000000000000000, -1.000000000000000000 ) ) ;
#9866 = EDGE_CURVE ( 'NONE', #9327, #2951, #7379, .T. ) ;
#9865 = MECHANICAL_DESIGN_GEOMETRIC_PRESENTATION_REPRESENTATION (  '', ( #1016 ), #8305 ) ;
#9867 =( NAMED_UNIT ( * ) PLANE_ANGLE_UNIT ( ) SI_UNIT ( $, .RADIAN. ) );
#9868 = LINE ( 'NONE', #1609, #6087 ) ;
#9869 = UNCERTAINTY_MEASURE_WITH_UNIT (LENGTH_MEASURE( 1.000000000000000082E-05 ), #3476, 'distance_accuracy_value', 'NONE');
#9870 =( LENGTH_UNIT ( ) NAMED_UNIT ( * ) SI_UNIT ( .MILLI., .METRE. ) );
#9871 = CYLINDRICAL_SURFACE ( 'NONE', #2378, 0.1000000000000000194 ) ;
#9872 = CIRCLE ( 'NONE', #10398, 0.2000000000000000389 ) ;
#9873 = DIRECTION ( 'NONE',  ( 1.000000000000000000, 0.000000000000000000, 0.000000000000000000 ) ) ;
#9874 = FACE_OUTER_BOUND ( 'NONE', #10668, .T. ) ;
#9875 = PRESENTATION_LAYER_ASSIGNMENT (  '', '', ( #6004 ) ) ;
#9876 = EDGE_LOOP ( 'NONE', ( #5078, #7623, #6993, #6174 ) ) ;
#9877 = CIRCLE ( 'NONE', #4087, 0.1000000000000000194 ) ;
#9878 = ORIENTED_EDGE ( 'NONE', *, *, #6069, .T. ) ;
#9879 = PRESENTATION_STYLE_ASSIGNMENT (( #6408 ) ) ;
#9880 = EDGE_LOOP ( 'NONE', ( #10751, #304, #7086, #10620, #3673, #4119, #8190, #7415, #6579, #437, #8095, #2026 ) ) ;
#9881 = PRESENTATION_LAYER_ASSIGNMENT (  '', '', ( #3392 ) ) ;
#9882 = LINE ( 'NONE', #3157, #622 ) ;
#9883 = COLOUR_RGB ( '',0.8039215686274510109, 0.8039215686274510109, 0.8039215686274510109 ) ;
#9884 = FILL_AREA_STYLE_COLOUR ( '', #473 ) ;
#9885 = CARTESIAN_POINT ( 'NONE',  ( 1.175000000000000044, 2.486996912233147228, -0.5641273295552871048 ) ) ;
#9886 = VECTOR ( 'NONE', #7674, 1000.000000000000000 ) ;
#9887 = DIRECTION ( 'NONE',  ( 1.000000000000000000, 0.000000000000000000, 0.000000000000000000 ) ) ;
#9888 = ORIENTED_EDGE ( 'NONE', *, *, #5650, .T. ) ;
#9889 =( NAMED_UNIT ( * ) PLANE_ANGLE_UNIT ( ) SI_UNIT ( $, .RADIAN. ) );
#9890 = EDGE_CURVE ( 'NONE', #6299, #9511, #10711, .T. ) ;
#9891 = ORIENTED_EDGE ( 'NONE', *, *, #391, .F. ) ;
#9892 = PLANE ( 'NONE',  #9047 ) ;
#9893 = STYLED_ITEM ( 'NONE', ( #1277 ), #8079 ) ;
#9894 =( NAMED_UNIT ( * ) SI_UNIT ( $, .STERADIAN. ) SOLID_ANGLE_UNIT ( ) );
#9895 = UNCERTAINTY_MEASURE_WITH_UNIT (LENGTH_MEASURE( 1.000000000000000082E-05 ), #8441, 'distance_accuracy_value', 'NONE');
#9896 = LINE ( 'NONE', #10769, #9552 ) ;
#9897 = VERTEX_POINT ( 'NONE', #3200 ) ;
#9898 = COLOUR_RGB ( '',0.8039215686274510109, 0.8039215686274510109, 0.8039215686274510109 ) ;
#9899 = SURFACE_STYLE_FILL_AREA ( #5731 ) ;
#9900 = CARTESIAN_POINT ( 'NONE',  ( 2.449998880753507358, -1.875409738600887444, -0.1000106489190370068 ) ) ;
#9901 =( GEOMETRIC_REPRESENTATION_CONTEXT ( 3 ) GLOBAL_UNCERTAINTY_ASSIGNED_CONTEXT ( ( #8698 ) ) GLOBAL_UNIT_ASSIGNED_CONTEXT ( ( #6934, #2863, #5451 ) ) REPRESENTATION_CONTEXT ( 'NONE', 'WORKASPACE' ) );
#9902 = SURFACE_SIDE_STYLE ('',( #9090 ) ) ;
#9903 = EDGE_LOOP ( 'NONE', ( #2078, #8333, #6176, #8838 ) ) ;
#9904 = SURFACE_SIDE_STYLE ('',( #4235 ) ) ;
#9905 = EDGE_CURVE ( 'NONE', #1587, #2675, #6510, .T. ) ;
#9907 = PLANE ( 'NONE',  #2731 ) ;
#9906 = DIRECTION ( 'NONE',  ( 0.000000000000000000, 1.000000000000000000, 0.000000000000000000 ) ) ;
#9908 = ORIENTED_EDGE ( 'NONE', *, *, #3202, .F. ) ;
#9909 = PRESENTATION_STYLE_ASSIGNMENT (( #3021 ) ) ;
#9910 =( LENGTH_UNIT ( ) NAMED_UNIT ( * ) SI_UNIT ( .MILLI., .METRE. ) );
#9911 = VECTOR ( 'NONE', #8883, 1000.000000000000000 ) ;
#9912 = STYLED_ITEM ( 'NONE', ( #4232 ), #5244 ) ;
#9913 = DIRECTION ( 'NONE',  ( 1.000000000000000000, 0.000000000000000000, 0.000000000000000000 ) ) ;
#9914 = UNCERTAINTY_MEASURE_WITH_UNIT (LENGTH_MEASURE( 1.000000000000000082E-05 ), #9939, 'distance_accuracy_value', 'NONE');
#9915 = ORIENTED_EDGE ( 'NONE', *, *, #6346, .T. ) ;
#9916 = DIRECTION ( 'NONE',  ( 0.000000000000000000, 0.000000000000000000, -1.000000000000000000 ) ) ;
#9917 = VECTOR ( 'NONE', #945, 1000.000000000000227 ) ;
#9918 = MECHANICAL_DESIGN_GEOMETRIC_PRESENTATION_REPRESENTATION (  '', ( #7979 ), #5000 ) ;
#9919 = CARTESIAN_POINT ( 'NONE',  ( -2.074999999999999734, 2.552580984647486062, -0.3682250350372596737 ) ) ;
#9920 = ORIENTED_EDGE ( 'NONE', *, *, #5218, .F. ) ;
#9921 = VECTOR ( 'NONE', #3744, 1000.000000000000000 ) ;
#9922 = PRESENTATION_LAYER_ASSIGNMENT (  '', '', ( #274 ) ) ;
#9923 = COLOUR_RGB ( '',0.8039215686274510109, 0.8039215686274510109, 0.8039215686274510109 ) ;
#9924 = ORIENTED_EDGE ( 'NONE', *, *, #10754, .T. ) ;
#9925 =( GEOMETRIC_REPRESENTATION_CONTEXT ( 3 ) GLOBAL_UNCERTAINTY_ASSIGNED_CONTEXT ( ( #7014 ) ) GLOBAL_UNIT_ASSIGNED_CONTEXT ( ( #6077, #9217, #10098 ) ) REPRESENTATION_CONTEXT ( 'NONE', 'WORKASPACE' ) );
#9926 = DIRECTION ( 'NONE',  ( -0.000000000000000000, -0.000000000000000000, 1.000000000000000000 ) ) ;
#9927 =( GEOMETRIC_REPRESENTATION_CONTEXT ( 3 ) GLOBAL_UNCERTAINTY_ASSIGNED_CONTEXT ( ( #1926 ) ) GLOBAL_UNIT_ASSIGNED_CONTEXT ( ( #6066, #6658, #6772 ) ) REPRESENTATION_CONTEXT ( 'NONE', 'WORKASPACE' ) );
#9928 = PRESENTATION_LAYER_ASSIGNMENT (  '', '', ( #1353 ) ) ;
#9929 = SURFACE_STYLE_FILL_AREA ( #5634 ) ;
#9930 = PRESENTATION_LAYER_ASSIGNMENT (  '', '', ( #3437 ) ) ;
#9931 = STYLED_ITEM ( 'NONE', ( #2636 ), #7444 ) ;
#9932 = FILL_AREA_STYLE ('',( #3936 ) ) ;
#9933 =( NAMED_UNIT ( * ) PLANE_ANGLE_UNIT ( ) SI_UNIT ( $, .RADIAN. ) );
#9934 =( LENGTH_UNIT ( ) NAMED_UNIT ( * ) SI_UNIT ( .MILLI., .METRE. ) );
#9935 =( LENGTH_UNIT ( ) NAMED_UNIT ( * ) SI_UNIT ( .MILLI., .METRE. ) );
#9936 = DIRECTION ( 'NONE',  ( 1.000000000000000000, 0.000000000000000000, 0.000000000000000000 ) ) ;
#9937 = PRESENTATION_LAYER_ASSIGNMENT (  '', '', ( #5186 ) ) ;
#9938 = CIRCLE ( 'NONE', #7295, 0.07499999999999998335 ) ;
#9939 =( LENGTH_UNIT ( ) NAMED_UNIT ( * ) SI_UNIT ( .MILLI., .METRE. ) );
#9940 = COLOUR_RGB ( '',0.8039215686274510109, 0.8039215686274510109, 0.8039215686274510109 ) ;
#9941 = EDGE_CURVE ( 'NONE', #3803, #5394, #3950, .T. ) ;
#9942 = MECHANICAL_DESIGN_GEOMETRIC_PRESENTATION_REPRESENTATION (  '', ( #8539 ), #9066 ) ;
#9943 = VERTEX_POINT ( 'NONE', #1513 ) ;
#9944 = PRESENTATION_LAYER_ASSIGNMENT (  '', '', ( #4655 ) ) ;
#9945 = LINE ( 'NONE', #3884, #1861 ) ;
#9946 = ORIENTED_EDGE ( 'NONE', *, *, #6180, .F. ) ;
#9947 = ADVANCED_FACE ( 'NONE', ( #9828 ), #9658, .T. ) ;
#9948 = CARTESIAN_POINT ( 'NONE',  ( -1.174999999999999822, 2.277216163946027105, 0.003810936464559820311 ) ) ;
#9949 = STYLED_ITEM ( 'NONE', ( #8432 ), #6305 ) ;
#9950 = DIRECTION ( 'NONE',  ( 1.000000000000000000, 0.000000000000000000, 0.000000000000000000 ) ) ;
#9951 = VECTOR ( 'NONE', #3987, 1000.000000000000114 ) ;
#9952 = DIRECTION ( 'NONE',  ( 1.000000000000000000, -0.000000000000000000, 0.000000000000000000 ) ) ;
#9953 = FACE_OUTER_BOUND ( 'NONE', #7189, .T. ) ;
#9954 = VERTEX_POINT ( 'NONE', #5592 ) ;
#9955 = ORIENTED_EDGE ( 'NONE', *, *, #693, .F. ) ;
#9956 = VECTOR ( 'NONE', #7559, 1000.000000000000000 ) ;
#9957 = FACE_OUTER_BOUND ( 'NONE', #1115, .T. ) ;
#9958 = STYLED_ITEM ( 'NONE', ( #7920 ), #2841 ) ;
#9959 = EDGE_CURVE ( 'NONE', #10508, #7665, #602, .T. ) ;
#9960 = ORIENTED_EDGE ( 'NONE', *, *, #8109, .T. ) ;
#9961 = LINE ( 'NONE', #2470, #434 ) ;
#9962 = LINE ( 'NONE', #7489, #6131 ) ;
#9963 = VERTEX_POINT ( 'NONE', #2995 ) ;
#9964 = DIRECTION ( 'NONE',  ( 0.000000000000000000, 0.06975647374412539958, -0.9975640502598243087 ) ) ;
#9965 = VERTEX_POINT ( 'NONE', #10600 ) ;
#9966 =( NAMED_UNIT ( * ) PLANE_ANGLE_UNIT ( ) SI_UNIT ( $, .RADIAN. ) );
#9967 = STYLED_ITEM ( 'NONE', ( #10488 ), #727 ) ;
#9968 = DIRECTION ( 'NONE',  ( 0.000000000000000000, 0.000000000000000000, -1.000000000000000000 ) ) ;
#9969 = DIRECTION ( 'NONE',  ( 0.000000000000000000, 0.000000000000000000, -1.000000000000000000 ) ) ;
#9970 = EDGE_CURVE ( 'NONE', #3122, #8820, #6290, .T. ) ;
#9971 = ORIENTED_EDGE ( 'NONE', *, *, #10121, .F. ) ;
#9972 = FILL_AREA_STYLE ('',( #9148 ) ) ;
#9973 =( NAMED_UNIT ( * ) PLANE_ANGLE_UNIT ( ) SI_UNIT ( $, .RADIAN. ) );
#9974 = DIRECTION ( 'NONE',  ( 0.000000000000000000, 1.000000000000000000, 0.000000000000000000 ) ) ;
#9975 = FILL_AREA_STYLE ('',( #9152 ) ) ;
#9976 =( LENGTH_UNIT ( ) NAMED_UNIT ( * ) SI_UNIT ( .MILLI., .METRE. ) );
#9977 = ORIENTED_EDGE ( 'NONE', *, *, #3499, .F. ) ;
#9978 = EDGE_CURVE ( 'NONE', #10585, #7788, #7733, .T. ) ;
#9979 = DIRECTION ( 'NONE',  ( 1.000000000000000000, 0.000000000000000000, 0.000000000000000000 ) ) ;
#9980 = CARTESIAN_POINT ( 'NONE',  ( -0.5249999999999999112, 2.500948206981972177, -0.3646145195033222430 ) ) ;
#9981 = FILL_AREA_STYLE_COLOUR ( '', #5486 ) ;
#9982 = LINE ( 'NONE', #8237, #6314 ) ;
#9983 = DIRECTION ( 'NONE',  ( 0.000000000000000000, 0.000000000000000000, -1.000000000000000000 ) ) ;
#9984 = DIRECTION ( 'NONE',  ( 1.000000000000000000, 0.000000000000000000, 0.000000000000000000 ) ) ;
#9985 = CARTESIAN_POINT ( 'NONE',  ( -1.424999999999999822, -2.500948206981972177, -0.3646145195033222430 ) ) ;
#9986 = CLOSED_SHELL ( 'NONE', ( #9655, #1796, #7947, #785, #5750, #5821, #10736, #9187, #8401, #8194, #8453, #6318, #4710, #1255 ) ) ;
#9987 = CARTESIAN_POINT ( 'NONE',  ( -0.1249999999999998890, 3.000000000000000000, -0.6000000000000000888 ) ) ;
#9988 = FILL_AREA_STYLE_COLOUR ( '', #7795 ) ;
#9989 = PRESENTATION_STYLE_ASSIGNMENT (( #5806 ) ) ;
#9990 = ORIENTED_EDGE ( 'NONE', *, *, #4893, .T. ) ;
#9991 = CARTESIAN_POINT ( 'NONE',  ( 2.000000000000000000, 1.325000000000000400, -0.4499999999999999556 ) ) ;
#9992 = ORIENTED_EDGE ( 'NONE', *, *, #5201, .F. ) ;
#9993 = VERTEX_POINT ( 'NONE', #5471 ) ;
#9994 = CARTESIAN_POINT ( 'NONE',  ( -0.7749999999999999112, -2.552580984647486062, -0.3682250350372594516 ) ) ;
#9995 = ADVANCED_FACE ( 'NONE', ( #8840, #7176 ), #1456, .T. ) ;
#9996 = FILL_AREA_STYLE_COLOUR ( '', #5734 ) ;
#9997 = CARTESIAN_POINT ( 'NONE',  ( -2.074999999999999734, 1.949999999999999512, -0.1000000000000000056 ) ) ;
#9998 = SURFACE_STYLE_USAGE ( .BOTH. , #6632 ) ;
#9999 = EDGE_CURVE ( 'NONE', #10439, #1593, #7303, .T. ) ;
#10000 = ORIENTED_EDGE ( 'NONE', *, *, #5365, .T. ) ;
#10001 = ORIENTED_EDGE ( 'NONE', *, *, #9866, .T. ) ;
#10002 =( BOUNDED_CURVE ( )  B_SPLINE_CURVE ( 3, ( #5261, #6802, #8681, #1180 ),
 .UNSPECIFIED., .F., .T. ) 
 B_SPLINE_CURVE_WITH_KNOTS ( ( 4, 4 ),
 ( 6.277722098658046868, 6.283185307179586232 ),
 .UNSPECIFIED. ) 
 CURVE ( )  GEOMETRIC_REPRESENTATION_ITEM ( )  RATIONAL_B_SPLINE_CURVE ( ( 1.000000000000000000, 0.9999975127809339615, 0.9999975127809339615, 1.000000000000000000 ) ) 
 REPRESENTATION_ITEM ( '' )  );
#10003 = PRESENTATION_STYLE_ASSIGNMENT (( #4184 ) ) ;
#10004 = COLOUR_RGB ( '',0.8039215686274510109, 0.8039215686274510109, 0.8039215686274510109 ) ;
#10005 = ADVANCED_FACE ( 'NONE', ( #1680 ), #843, .T. ) ;
#10006 = PRESENTATION_STYLE_ASSIGNMENT (( #10064 ) ) ;
#10007 = VERTEX_POINT ( 'NONE', #6784 ) ;
#10008 = COLOUR_RGB ( '',0.8039215686274510109, 0.8039215686274510109, 0.8039215686274510109 ) ;
#10009 = CARTESIAN_POINT ( 'NONE',  ( 0.5250000000000000222, -1.949999999999999512, 0.1000000000000000056 ) ) ;
#10010 = DIRECTION ( 'NONE',  ( 0.000000000000000000, 0.9975640502598241977, 0.06975647374412538571 ) ) ;
#10011 = LINE ( 'NONE', #7424, #4382 ) ;
#10012 = ORIENTED_EDGE ( 'NONE', *, *, #5391, .T. ) ;
#10013 = SURFACE_STYLE_FILL_AREA ( #4288 ) ;
#10015 =( LENGTH_UNIT ( ) NAMED_UNIT ( * ) SI_UNIT ( .MILLI., .METRE. ) );
#10014 = PLANE ( 'NONE',  #2713 ) ;
#10016 = ORIENTED_EDGE ( 'NONE', *, *, #3316, .F. ) ;
#10017 =( NAMED_UNIT ( * ) SI_UNIT ( $, .STERADIAN. ) SOLID_ANGLE_UNIT ( ) );
#10018 = VECTOR ( 'NONE', #2505, 1000.000000000000000 ) ;
#10019 =( NAMED_UNIT ( * ) SI_UNIT ( $, .STERADIAN. ) SOLID_ANGLE_UNIT ( ) );
#10020 = LINE ( 'NONE', #28, #6785 ) ;
#10021 = UNCERTAINTY_MEASURE_WITH_UNIT (LENGTH_MEASURE( 1.000000000000000082E-05 ), #4374, 'distance_accuracy_value', 'NONE');
#10022 = EDGE_LOOP ( 'NONE', ( #7477, #8550, #10542, #8860 ) ) ;
#10023 =( NAMED_UNIT ( * ) PLANE_ANGLE_UNIT ( ) SI_UNIT ( $, .RADIAN. ) );
#10024 = DIRECTION ( 'NONE',  ( 1.000000000000000000, 0.000000000000000000, 0.000000000000000000 ) ) ;
#10025 = FILL_AREA_STYLE ('',( #10188 ) ) ;
#10026 = MECHANICAL_DESIGN_GEOMETRIC_PRESENTATION_REPRESENTATION (  '', ( #10728 ), #8613 ) ;
#10027 = SURFACE_STYLE_USAGE ( .BOTH. , #239 ) ;
#10028 = SURFACE_SIDE_STYLE ('',( #10083 ) ) ;
#10029 = ORIENTED_EDGE ( 'NONE', *, *, #6254, .T. ) ;
#10030 = DIRECTION ( 'NONE',  ( -1.000000000000000000, -0.000000000000000000, -0.000000000000000000 ) ) ;
#10031 = EDGE_CURVE ( 'NONE', #721, #3636, #4986, .T. ) ;
#10032 = EDGE_CURVE ( 'NONE', #10289, #4930, #10111, .T. ) ;
#10033 =( NAMED_UNIT ( * ) SI_UNIT ( $, .STERADIAN. ) SOLID_ANGLE_UNIT ( ) );
#10034 = STYLED_ITEM ( 'NONE', ( #5335 ), #10468 ) ;
#10035 = FILL_AREA_STYLE_COLOUR ( '', #2795 ) ;
#10036 = DIRECTION ( 'NONE',  ( 0.000000000000000000, 0.000000000000000000, -1.000000000000000000 ) ) ;
#10037 = SURFACE_STYLE_FILL_AREA ( #6872 ) ;
#10038 = FILL_AREA_STYLE_COLOUR ( '', #6266 ) ;
#10039 = FILL_AREA_STYLE_COLOUR ( '', #8524 ) ;
#10040 = VECTOR ( 'NONE', #3523, 1000.000000000000000 ) ;
#10041 =( LENGTH_UNIT ( ) NAMED_UNIT ( * ) SI_UNIT ( .MILLI., .METRE. ) );
#10042 = EDGE_LOOP ( 'NONE', ( #3344, #5262, #3894 ) ) ;
#10043 = PLANE ( 'NONE',  #3947 ) ;
#10044 = EDGE_CURVE ( 'NONE', #1983, #1454, #4389, .T. ) ;
#10045 = VERTEX_POINT ( 'NONE', #8246 ) ;
#10046 = ORIENTED_EDGE ( 'NONE', *, *, #4174, .T. ) ;
#10047 = SURFACE_STYLE_FILL_AREA ( #6675 ) ;
#10048 = VECTOR ( 'NONE', #3081, 1000.000000000000114 ) ;
#10049 = SURFACE_SIDE_STYLE ('',( #5048 ) ) ;
#10050 = COLOUR_RGB ( '',0.8039215686274510109, 0.8039215686274510109, 0.8039215686274510109 ) ;
#10051 = PLANE ( 'NONE',  #8522 ) ;
#10052 = FILL_AREA_STYLE ('',( #9996 ) ) ;
#10053 = CARTESIAN_POINT ( 'NONE',  ( 1.824999999999999956, -3.000000000000000000, -0.3995116203837655866 ) ) ;
#10054 = FILL_AREA_STYLE ('',( #4010 ) ) ;
#10055 = ORIENTED_EDGE ( 'NONE', *, *, #4201, .T. ) ;
#10056 = AXIS2_PLACEMENT_3D ( 'NONE', #3664, #1095, #5249 ) ;
#10057 = VERTEX_POINT ( 'NONE', #2668 ) ;
#10058 = CARTESIAN_POINT ( 'NONE',  ( -2.376217025357843404, -1.950806167510463318, 0.09232982849429272054 ) ) ;
#10059 = AXIS2_PLACEMENT_3D ( 'NONE', #9211, #3386, #6554 ) ;
#10060 = EDGE_CURVE ( 'NONE', #2421, #5086, #3248, .T. ) ;
#10061 = PRESENTATION_LAYER_ASSIGNMENT (  '', '', ( #4612 ) ) ;
#10062 = EDGE_CURVE ( 'NONE', #1454, #1282, #8411, .T. ) ;
#10063 = MECHANICAL_DESIGN_GEOMETRIC_PRESENTATION_REPRESENTATION (  '', ( #6538 ), #8490 ) ;
#10064 = SURFACE_STYLE_USAGE ( .BOTH. , #5884 ) ;
#10065 = MECHANICAL_DESIGN_GEOMETRIC_PRESENTATION_REPRESENTATION (  '', ( #2895 ), #1679 ) ;
#10066 = LINE ( 'NONE', #9248, #5834 ) ;
#10067 = CARTESIAN_POINT ( 'NONE',  ( 0.5250000000000000222, -1.949999999999999512, 0.1000000000000000056 ) ) ;
#10068 = ORIENTED_EDGE ( 'NONE', *, *, #4950, .T. ) ;
#10069 = PRESENTATION_LAYER_ASSIGNMENT (  '', '', ( #3403 ) ) ;
#10070 = CARTESIAN_POINT ( 'NONE',  ( -1.424999999999999822, 2.552580984647486062, -0.3682250350372594516 ) ) ;
#10071 = SURFACE_STYLE_FILL_AREA ( #862 ) ;
#10072 = ORIENTED_EDGE ( 'NONE', *, *, #8530, .F. ) ;
#10073 = STYLED_ITEM ( 'NONE', ( #10688 ), #1488 ) ;
#10074 =( NAMED_UNIT ( * ) SI_UNIT ( $, .STERADIAN. ) SOLID_ANGLE_UNIT ( ) );
#10075 = EDGE_CURVE ( 'NONE', #2701, #6459, #4176, .T. ) ;
#10076 = DIRECTION ( 'NONE',  ( 0.000000000000000000, 0.9975640502598241977, 0.06975647374412535795 ) ) ;
#10077 = VECTOR ( 'NONE', #2225, 1000.000000000000000 ) ;
#10078 = VERTEX_POINT ( 'NONE', #10164 ) ;
#10079 = CARTESIAN_POINT ( 'NONE',  ( -1.424999999999999822, 2.049999999999999822, -0.1000000000000000056 ) ) ;
#10080 = MECHANICAL_DESIGN_GEOMETRIC_PRESENTATION_REPRESENTATION (  '', ( #3750 ), #965 ) ;
#10081 =( NAMED_UNIT ( * ) SI_UNIT ( $, .STERADIAN. ) SOLID_ANGLE_UNIT ( ) );
#10082 = PRESENTATION_STYLE_ASSIGNMENT (( #10027 ) ) ;
#10083 = SURFACE_STYLE_FILL_AREA ( #8488 ) ;
#10084 = ORIENTED_EDGE ( 'NONE', *, *, #8459, .F. ) ;
#10085 = COLOUR_RGB ( '',0.8039215686274510109, 0.8039215686274510109, 0.8039215686274510109 ) ;
#10086 = SURFACE_SIDE_STYLE ('',( #10658 ) ) ;
#10087 =( GEOMETRIC_REPRESENTATION_CONTEXT ( 3 ) GLOBAL_UNCERTAINTY_ASSIGNED_CONTEXT ( ( #341 ) ) GLOBAL_UNIT_ASSIGNED_CONTEXT ( ( #480, #10365, #8719 ) ) REPRESENTATION_CONTEXT ( 'NONE', 'WORKASPACE' ) );
#10088 = FILL_AREA_STYLE ('',( #6709 ) ) ;
#10089 = PRESENTATION_LAYER_ASSIGNMENT (  '', '', ( #1336 ) ) ;
#10090 = LINE ( 'NONE', #6819, #7988 ) ;
#10091 = CARTESIAN_POINT ( 'NONE',  ( -1.424999999999999822, 3.000000000000000000, -0.6000000000000000888 ) ) ;
#10092 = CIRCLE ( 'NONE', #4291, 0.2000000000000000389 ) ;
#10093 =( GEOMETRIC_REPRESENTATION_CONTEXT ( 3 ) GLOBAL_UNCERTAINTY_ASSIGNED_CONTEXT ( ( #10690 ) ) GLOBAL_UNIT_ASSIGNED_CONTEXT ( ( #7567, #201, #5138 ) ) REPRESENTATION_CONTEXT ( 'NONE', 'WORKASPACE' ) );
#10094 = UNCERTAINTY_MEASURE_WITH_UNIT (LENGTH_MEASURE( 1.000000000000000082E-05 ), #6965, 'distance_accuracy_value', 'NONE');
#10095 = AXIS2_PLACEMENT_3D ( 'NONE', #1932, #8393, #9426 ) ;
#10096 = CARTESIAN_POINT ( 'NONE',  ( -0.1249999999999998890, -2.500948206981972177, -0.3646145195033222430 ) ) ;
#10097 = FILL_AREA_STYLE ('',( #10038 ) ) ;
#10098 =( NAMED_UNIT ( * ) SI_UNIT ( $, .STERADIAN. ) SOLID_ANGLE_UNIT ( ) );
#10099 = ADVANCED_FACE ( 'NONE', ( #1798 ), #3349, .T. ) ;
#10100 = CIRCLE ( 'NONE', #1168, 0.09999999999999982514 ) ;
#10101 = PRESENTATION_STYLE_ASSIGNMENT (( #1944 ) ) ;
#10102 = SURFACE_STYLE_FILL_AREA ( #4980 ) ;
#10103 = MECHANICAL_DESIGN_GEOMETRIC_PRESENTATION_REPRESENTATION (  '', ( #10787 ), #8861 ) ;
#10104 = ORIENTED_EDGE ( 'NONE', *, *, #3996, .T. ) ;
#10105 = SURFACE_SIDE_STYLE ('',( #4172 ) ) ;
#10106 = CIRCLE ( 'NONE', #6905, 0.2000000000000000389 ) ;
#10107 = ORIENTED_EDGE ( 'NONE', *, *, #3554, .F. ) ;
#10108 = VECTOR ( 'NONE', #8442, 1000.000000000000000 ) ;
#10109 = EDGE_LOOP ( 'NONE', ( #10537, #8857, #4361, #5235 ) ) ;
#10110 = AXIS2_PLACEMENT_3D ( 'NONE', #158, #1096, #937 ) ;
#10111 = LINE ( 'NONE', #9994, #362 ) ;
#10112 = SURFACE_STYLE_FILL_AREA ( #6728 ) ;
#10113 = PRESENTATION_STYLE_ASSIGNMENT (( #4337 ) ) ;
#10114 = MECHANICAL_DESIGN_GEOMETRIC_PRESENTATION_REPRESENTATION (  '', ( #9746 ), #2428 ) ;
#10115 = LINE ( 'NONE', #5250, #9401 ) ;
#10116 =( GEOMETRIC_REPRESENTATION_CONTEXT ( 3 ) GLOBAL_UNCERTAINTY_ASSIGNED_CONTEXT ( ( #7383 ) ) GLOBAL_UNIT_ASSIGNED_CONTEXT ( ( #2480, #8049, #3177 ) ) REPRESENTATION_CONTEXT ( 'NONE', 'WORKASPACE' ) );
#10117 = PRESENTATION_LAYER_ASSIGNMENT (  '', '', ( #3755 ) ) ;
#10118 = AXIS2_PLACEMENT_3D ( 'NONE', #52, #7626, #9085 ) ;
#10119 = AXIS2_PLACEMENT_3D ( 'NONE', #1110, #10337, #6652 ) ;
#10120 = CIRCLE ( 'NONE', #2264, 0.1000000000000000194 ) ;
#10121 = EDGE_CURVE ( 'NONE', #3970, #6782, #5094, .T. ) ;
#10122 = ORIENTED_EDGE ( 'NONE', *, *, #3108, .F. ) ;
#10123 = ADVANCED_FACE ( 'NONE', ( #10817 ), #9123, .T. ) ;
#10124 = AXIS2_PLACEMENT_3D ( 'NONE', #744, #1588, #2775 ) ;
#10125 = CARTESIAN_POINT ( 'NONE',  ( 2.075000000000000178, -2.474082528530912928, -0.3203740982435569484 ) ) ;
#10126 = CIRCLE ( 'NONE', #3126, 0.2000000000000000389 ) ;
#10127 = VECTOR ( 'NONE', #8072, 1000.000000000000000 ) ;
#10128 = MECHANICAL_DESIGN_GEOMETRIC_PRESENTATION_REPRESENTATION (  '', ( #3456 ), #9246 ) ;
#10129 = STYLED_ITEM ( 'NONE', ( #6224 ), #2648 ) ;
#10130 = CARTESIAN_POINT ( 'NONE',  ( -0.1249999999999998890, 2.277216163946027105, 0.003810936464559820311 ) ) ;
#10131 = CARTESIAN_POINT ( 'NONE',  ( -2.375409738600887444, -1.949998880753507802, -0.1000106489190369374 ) ) ;
#10132 = SURFACE_SIDE_STYLE ('',( #3270 ) ) ;
#10133 = DIRECTION ( 'NONE',  ( 0.1039620511844979306, 0.1039620511844979445, -0.9891328443778538704 ) ) ;
#10134 = ORIENTED_EDGE ( 'NONE', *, *, #9271, .T. ) ;
#10135 = DIRECTION ( 'NONE',  ( 0.000000000000000000, -0.8547410349098605309, -0.5190546823227980555 ) ) ;
#10136 = DIRECTION ( 'NONE',  ( 0.000000000000000000, 1.000000000000000000, -8.672620682681688006E-17 ) ) ;
#10137 = ORIENTED_EDGE ( 'NONE', *, *, #2267, .T. ) ;
#10138 = STYLED_ITEM ( 'NONE', ( #8392 ), #2825 ) ;
#10139 = SURFACE_STYLE_FILL_AREA ( #10235 ) ;
#10140 = DIRECTION ( 'NONE',  ( 0.000000000000000000, -1.000000000000000000, -8.672620682681688006E-17 ) ) ;
#10141 = CARTESIAN_POINT ( 'NONE',  ( -1.824999999999999734, 2.049999999999999822, -0.1000000000000000056 ) ) ;
#10142 =( GEOMETRIC_REPRESENTATION_CONTEXT ( 3 ) GLOBAL_UNCERTAINTY_ASSIGNED_CONTEXT ( ( #9531 ) ) GLOBAL_UNIT_ASSIGNED_CONTEXT ( ( #10485, #10699, #7111 ) ) REPRESENTATION_CONTEXT ( 'NONE', 'WORKASPACE' ) );
#10143 = UNCERTAINTY_MEASURE_WITH_UNIT (LENGTH_MEASURE( 1.000000000000000082E-05 ), #10015, 'distance_accuracy_value', 'NONE');
#10144 = ORIENTED_EDGE ( 'NONE', *, *, #2387, .F. ) ;
#10145 =( NAMED_UNIT ( * ) SI_UNIT ( $, .STERADIAN. ) SOLID_ANGLE_UNIT ( ) );
#10146 = DIRECTION ( 'NONE',  ( 0.000000000000000000, 0.000000000000000000, -1.000000000000000000 ) ) ;
#10147 = CARTESIAN_POINT ( 'NONE',  ( -0.7749999999999999112, 2.277216163946027105, 0.003810936464559820311 ) ) ;
#10148 = ORIENTED_EDGE ( 'NONE', *, *, #1225, .F. ) ;
#10149 = EDGE_CURVE ( 'NONE', #10407, #888, #3615, .T. ) ;
#10150 = LINE ( 'NONE', #3493, #6058 ) ;
#10151 = CARTESIAN_POINT ( 'NONE',  ( 0.5250000000000000222, -3.000000000000000000, -0.3995116203837655866 ) ) ;
#10152 = DIRECTION ( 'NONE',  ( 0.000000000000000000, 0.000000000000000000, -1.000000000000000000 ) ) ;
#10153 = CARTESIAN_POINT ( 'NONE',  ( -1.824999999999999734, 2.277216163946027105, 0.003810936464559766534 ) ) ;
#10154 = DIRECTION ( 'NONE',  ( 0.000000000000000000, 0.8547410349098605309, -0.5190546823227980555 ) ) ;
#10155 = EDGE_CURVE ( 'NONE', #3151, #7621, #7792, .T. ) ;
#10156 = AXIS2_PLACEMENT_3D ( 'NONE', #7382, #4196, #10734 ) ;
#10157 = CARTESIAN_POINT ( 'NONE',  ( 0.000000000000000000, -1.835172790808106802, -0.5499999999999999334 ) ) ;
#10158 = CARTESIAN_POINT ( 'NONE',  ( -0.1249999999999998890, 2.135474103490985875, -0.1480945317677201667 ) ) ;
#10159 = FACE_OUTER_BOUND ( 'NONE', #5142, .T. ) ;
#10160 = FILL_AREA_STYLE_COLOUR ( '', #840 ) ;
#10161 = VERTEX_POINT ( 'NONE', #261 ) ;
#10162 = ORIENTED_EDGE ( 'NONE', *, *, #2218, .T. ) ;
#10163 = ORIENTED_EDGE ( 'NONE', *, *, #5184, .F. ) ;
#10164 = CARTESIAN_POINT ( 'NONE',  ( 0.5250000000000000222, 2.474082528530912928, -0.3203740982435569484 ) ) ;
#10165 = CARTESIAN_POINT ( 'NONE',  ( 0.5250000000000000222, -2.106267956964054999, 0.09999999999999999167 ) ) ;
#10166 = SURFACE_STYLE_USAGE ( .BOTH. , #6789 ) ;
#10167 = DIRECTION ( 'NONE',  ( 0.000000000000000000, -0.5190546823227987216, -0.8547410349098599758 ) ) ;
#10168 = ORIENTED_EDGE ( 'NONE', *, *, #1069, .F. ) ;
#10169 = ORIENTED_EDGE ( 'NONE', *, *, #8850, .F. ) ;
#10170 = DIRECTION ( 'NONE',  ( 0.000000000000000000, 1.000000000000000000, 0.000000000000000000 ) ) ;
#10171 = ADVANCED_FACE ( 'NONE', ( #6831 ), #10261, .T. ) ;
#10172 =( NAMED_UNIT ( * ) SI_UNIT ( $, .STERADIAN. ) SOLID_ANGLE_UNIT ( ) );
#10173 = EDGE_CURVE ( 'NONE', #2997, #6241, #741, .T. ) ;
#10174 =( NAMED_UNIT ( * ) SI_UNIT ( $, .STERADIAN. ) SOLID_ANGLE_UNIT ( ) );
#10175 = SURFACE_SIDE_STYLE ('',( #1111 ) ) ;
#10176 = FACE_OUTER_BOUND ( 'NONE', #288, .T. ) ;
#10177 = SURFACE_STYLE_USAGE ( .BOTH. , #4190 ) ;
#10178 = ORIENTED_EDGE ( 'NONE', *, *, #6324, .T. ) ;
#10179 = SURFACE_STYLE_FILL_AREA ( #4450 ) ;
#10180 = VERTEX_POINT ( 'NONE', #1216 ) ;
#10181 = LINE ( 'NONE', #3421, #1331 ) ;
#10182 = MECHANICAL_DESIGN_GEOMETRIC_PRESENTATION_REPRESENTATION (  '', ( #7366 ), #9643 ) ;
#10183 = CARTESIAN_POINT ( 'NONE',  ( 0.7750000000000001332, -1.949999999999999512, -0.1000000000000000056 ) ) ;
#10184 =( LENGTH_UNIT ( ) NAMED_UNIT ( * ) SI_UNIT ( .MILLI., .METRE. ) );
#10185 = PRESENTATION_LAYER_ASSIGNMENT (  '', '', ( #2332 ) ) ;
#10186 = ORIENTED_EDGE ( 'NONE', *, *, #1923, .T. ) ;
#10187 = PLANE ( 'NONE',  #7293 ) ;
#10188 = FILL_AREA_STYLE_COLOUR ( '', #8023 ) ;
#10189 = CARTESIAN_POINT ( 'NONE',  ( -2.449999999999999289, 1.950000000000000400, -0.1000000000000000056 ) ) ;
#10190 = ORIENTED_EDGE ( 'NONE', *, *, #157, .F. ) ;
#10191 = DIRECTION ( 'NONE',  ( -1.000000000000000000, -0.000000000000000000, -0.000000000000000000 ) ) ;
#10192 = CARTESIAN_POINT ( 'NONE',  ( -2.074999999999999734, 3.000000000000000000, -0.3995116203837655866 ) ) ;
#10193 = LINE ( 'NONE', #5961, #5677 ) ;
#10194 = ADVANCED_FACE ( 'NONE', ( #3506 ), #7686, .T. ) ;
#10195 = UNCERTAINTY_MEASURE_WITH_UNIT (LENGTH_MEASURE( 1.000000000000000082E-05 ), #2530, 'distance_accuracy_value', 'NONE');
#10196 = ADVANCED_FACE ( 'NONE', ( #1392 ), #6327, .T. ) ;
#10197 = CYLINDRICAL_SURFACE ( 'NONE', #5180, 0.2000000000000000389 ) ;
#10198 = CARTESIAN_POINT ( 'NONE',  ( -0.5249999999999999112, -2.049999999999999822, -0.2000000000000000111 ) ) ;
#10199 = FILL_AREA_STYLE ('',( #7516 ) ) ;
#10200 = CARTESIAN_POINT ( 'NONE',  ( -1.424999999999999822, -2.559556632021898537, -0.2684686300112771873 ) ) ;
#10201 = ORIENTED_EDGE ( 'NONE', *, *, #7260, .T. ) ;
#10202 = PLANE ( 'NONE',  #2763 ) ;
#10203 = CIRCLE ( 'NONE', #558, 0.07500000000000003886 ) ;
#10204 = VERTEX_POINT ( 'NONE', #9701 ) ;
#10205 = EDGE_CURVE ( 'NONE', #9104, #6710, #4574, .T. ) ;
#10206 = SURFACE_STYLE_FILL_AREA ( #154 ) ;
#10207 = DIRECTION ( 'NONE',  ( -1.000000000000000000, -0.000000000000000000, -0.000000000000000000 ) ) ;
#10208 = CARTESIAN_POINT ( 'NONE',  ( -2.074999999999999734, 3.000000000000000000, -0.6000000000000000888 ) ) ;
#10209 = PLANE ( 'NONE',  #7992 ) ;
#10210 = CARTESIAN_POINT ( 'NONE',  ( 0.7750000000000001332, -3.000000000000000000, -0.6000000000000000888 ) ) ;
#10211 = VECTOR ( 'NONE', #7263, 1000.000000000000000 ) ;
#10212 = CARTESIAN_POINT ( 'NONE',  ( 1.175000000000000044, -2.277216163946027105, 0.003810936464559820311 ) ) ;
#10213 = LINE ( 'NONE', #5099, #3723 ) ;
#10214 = VERTEX_POINT ( 'NONE', #6396 ) ;
#10215 = DIRECTION ( 'NONE',  ( 0.000000000000000000, 0.000000000000000000, -1.000000000000000000 ) ) ;
#10216 = VECTOR ( 'NONE', #4413, 1000.000000000000000 ) ;
#10217 = EDGE_LOOP ( 'NONE', ( #10617, #3417, #10541 ) ) ;
#10218 = DIRECTION ( 'NONE',  ( 0.000000000000000000, -0.06975647374412539958, -0.9975640502598243087 ) ) ;
#10219 = VERTEX_POINT ( 'NONE', #8893 ) ;
#10220 = MECHANICAL_DESIGN_GEOMETRIC_PRESENTATION_REPRESENTATION (  '', ( #4765 ), #758 ) ;
#10221 = LINE ( 'NONE', #3671, #1065 ) ;
#10222 = STYLED_ITEM ( 'NONE', ( #4070 ), #3049 ) ;
#10223 = PLANE ( 'NONE',  #9559 ) ;
#10224 = ORIENTED_EDGE ( 'NONE', *, *, #2781, .F. ) ;
#10225 = CARTESIAN_POINT ( 'NONE',  ( -2.074999999999999734, 2.552580984647486062, -0.3682250350372594516 ) ) ;
#10226 = EDGE_CURVE ( 'NONE', #9742, #1319, #2161, .T. ) ;
#10227 =( GEOMETRIC_REPRESENTATION_CONTEXT ( 3 ) GLOBAL_UNCERTAINTY_ASSIGNED_CONTEXT ( ( #1361 ) ) GLOBAL_UNIT_ASSIGNED_CONTEXT ( ( #8080, #3961, #7531 ) ) REPRESENTATION_CONTEXT ( 'NONE', 'WORKASPACE' ) );
#10228 = CARTESIAN_POINT ( 'NONE',  ( -2.374999999999999556, -1.874999999999999556, 0.1000000000000000056 ) ) ;
#10229 = ORIENTED_EDGE ( 'NONE', *, *, #3675, .F. ) ;
#10230 = CARTESIAN_POINT ( 'NONE',  ( 2.449999999999998845, -1.949999999999999512, 0.1000000000000000056 ) ) ;
#10231 = FILL_AREA_STYLE ('',( #2524 ) ) ;
#10232 = ORIENTED_EDGE ( 'NONE', *, *, #2040, .T. ) ;
#10233 = ADVANCED_FACE ( 'NONE', ( #6235 ), #3933, .T. ) ;
#10234 = CARTESIAN_POINT ( 'NONE',  ( 2.449999626916907314, 1.875273160256225147, -0.1000035496485074532 ) ) ;
#10235 = FILL_AREA_STYLE ('',( #1708 ) ) ;
#10236 = COLOUR_RGB ( '',0.8039215686274510109, 0.8039215686274510109, 0.8039215686274510109 ) ;
#10237 = UNCERTAINTY_MEASURE_WITH_UNIT (LENGTH_MEASURE( 1.000000000000000082E-05 ), #175, 'distance_accuracy_value', 'NONE');
#10238 = CARTESIAN_POINT ( 'NONE',  ( 0.5250000000000000222, -2.474082528530912928, -0.3203740982435569484 ) ) ;
#10239 = ORIENTED_EDGE ( 'NONE', *, *, #4613, .T. ) ;
#10240 = DIRECTION ( 'NONE',  ( 1.000000000000000000, 0.000000000000000000, 0.000000000000000000 ) ) ;
#10241 = STYLED_ITEM ( 'NONE', ( #1224 ), #8051 ) ;
#10242 = ADVANCED_FACE ( 'NONE', ( #3824 ), #9817, .T. ) ;
#10243 = VECTOR ( 'NONE', #879, 1000.000000000000000 ) ;
#10244 = COLOUR_RGB ( '',0.8039215686274510109, 0.8039215686274510109, 0.8039215686274510109 ) ;
#10245 = DIRECTION ( 'NONE',  ( 0.000000000000000000, 0.000000000000000000, -1.000000000000000000 ) ) ;
#10246 = ORIENTED_EDGE ( 'NONE', *, *, #8256, .F. ) ;
#10247 = EDGE_CURVE ( 'NONE', #2802, #6601, #769, .T. ) ;
#10248 = SURFACE_STYLE_FILL_AREA ( #10309 ) ;
#10249 = EDGE_LOOP ( 'NONE', ( #6851, #3718, #3128, #9822 ) ) ;
#10250 = CARTESIAN_POINT ( 'NONE',  ( 2.075000000000000178, 2.049999999999999822, -0.2000000000000000111 ) ) ;
#10251 = VECTOR ( 'NONE', #4168, 1000.000000000000000 ) ;
#10252 = DIRECTION ( 'NONE',  ( 0.000000000000000000, 0.000000000000000000, -1.000000000000000000 ) ) ;
#10253 = DIRECTION ( 'NONE',  ( 1.000000000000000000, 0.000000000000000000, 0.000000000000000000 ) ) ;
#10254 =( NAMED_UNIT ( * ) PLANE_ANGLE_UNIT ( ) SI_UNIT ( $, .RADIAN. ) );
#10255 = DIRECTION ( 'NONE',  ( 0.000000000000000000, 8.672620682681688006E-17, 1.000000000000000000 ) ) ;
#10256 = CARTESIAN_POINT ( 'NONE',  ( -2.074999999999999734, -2.049999999999999822, -0.1000000000000000056 ) ) ;
#10257 = PRESENTATION_LAYER_ASSIGNMENT (  '', '', ( #3083 ) ) ;
#10258 = ORIENTED_EDGE ( 'NONE', *, *, #6787, .F. ) ;
#10259 = VERTEX_POINT ( 'NONE', #8285 ) ;
#10260 = VECTOR ( 'NONE', #5103, 1000.000000000000114 ) ;
#10261 = PLANE ( 'NONE',  #9151 ) ;
#10262 = PRESENTATION_STYLE_ASSIGNMENT (( #6885 ) ) ;
#10263 = LINE ( 'NONE', #10208, #10773 ) ;
#10264 = VECTOR ( 'NONE', #5219, 1000.000000000000000 ) ;
#10265 = CARTESIAN_POINT ( 'NONE',  ( -1.174999999999999822, -3.000000000000000000, -0.3995116203837655866 ) ) ;
#10266 = DIRECTION ( 'NONE',  ( 0.000000000000000000, 0.000000000000000000, 1.000000000000000000 ) ) ;
#10267 = EDGE_CURVE ( 'NONE', #2005, #1636, #1561, .T. ) ;
#10268 = MECHANICAL_DESIGN_GEOMETRIC_PRESENTATION_REPRESENTATION (  '', ( #5164 ), #8347 ) ;
#10269 = CARTESIAN_POINT ( 'NONE',  ( 1.824999999999999956, -3.000000000000000000, -0.3995116203837655866 ) ) ;
#10270 =( GEOMETRIC_REPRESENTATION_CONTEXT ( 3 ) GLOBAL_UNCERTAINTY_ASSIGNED_CONTEXT ( ( #4962 ) ) GLOBAL_UNIT_ASSIGNED_CONTEXT ( ( #3720, #10332, #7055 ) ) REPRESENTATION_CONTEXT ( 'NONE', 'WORKASPACE' ) );
#10271 = AXIS2_PLACEMENT_3D ( 'NONE', #8001, #10526, #10421 ) ;
#10272 = SURFACE_STYLE_FILL_AREA ( #6889 ) ;
#10273 = VERTEX_POINT ( 'NONE', #6610 ) ;
#10274 = VECTOR ( 'NONE', #2851, 1000.000000000000000 ) ;
#10275 = ORIENTED_EDGE ( 'NONE', *, *, #1374, .F. ) ;
#10276 = AXIS2_PLACEMENT_3D ( 'NONE', #1843, #4430, #6088 ) ;
#10277 = EDGE_CURVE ( 'NONE', #9104, #8348, #9982, .T. ) ;
#10278 = CARTESIAN_POINT ( 'NONE',  ( 0.7750000000000001332, 3.000000000000000000, -0.3995116203837655866 ) ) ;
#10279 = CIRCLE ( 'NONE', #3284, 0.2000000000000000389 ) ;
#10280 = MECHANICAL_DESIGN_GEOMETRIC_PRESENTATION_REPRESENTATION (  '', ( #3953 ), #10270 ) ;
#10281 =( GEOMETRIC_REPRESENTATION_CONTEXT ( 3 ) GLOBAL_UNCERTAINTY_ASSIGNED_CONTEXT ( ( #6701 ) ) GLOBAL_UNIT_ASSIGNED_CONTEXT ( ( #7772, #1132, #6923 ) ) REPRESENTATION_CONTEXT ( 'NONE', 'WORKASPACE' ) );
#10282 = AXIS2_PLACEMENT_3D ( 'NONE', #4800, #8227, #759 ) ;
#10283 = VECTOR ( 'NONE', #9664, 1000.000000000000000 ) ;
#10284 =( NAMED_UNIT ( * ) PLANE_ANGLE_UNIT ( ) SI_UNIT ( $, .RADIAN. ) );
#10285 = ORIENTED_EDGE ( 'NONE', *, *, #1674, .T. ) ;
#10286 = EDGE_CURVE ( 'NONE', #1303, #8835, #3872, .T. ) ;
#10287 = CARTESIAN_POINT ( 'NONE',  ( 0.5250000000000000222, 2.330000000000000071, -0.4684254559678819319 ) ) ;
#10288 = CARTESIAN_POINT ( 'NONE',  ( -1.424999999999999822, 3.000000000000000000, -0.6000000000000000888 ) ) ;
#10289 = VERTEX_POINT ( 'NONE', #5753 ) ;
#10290 = STYLED_ITEM ( 'NONE', ( #10412 ), #4239 ) ;
#10291 =( NAMED_UNIT ( * ) SI_UNIT ( $, .STERADIAN. ) SOLID_ANGLE_UNIT ( ) );
#10292 = LINE ( 'NONE', #6106, #3217 ) ;
#10293 = STYLED_ITEM ( 'NONE', ( #9849 ), #8543 ) ;
#10294 = ORIENTED_EDGE ( 'NONE', *, *, #3620, .F. ) ;
#10295 = AXIS2_PLACEMENT_3D ( 'NONE', #7955, #7239, #8026 ) ;
#10296 = CIRCLE ( 'NONE', #6929, 0.09999999999999982514 ) ;
#10297 =( NAMED_UNIT ( * ) PLANE_ANGLE_UNIT ( ) SI_UNIT ( $, .RADIAN. ) );
#10298 = DIRECTION ( 'NONE',  ( 0.000000000000000000, 0.000000000000000000, -1.000000000000000000 ) ) ;
#10299 = CARTESIAN_POINT ( 'NONE',  ( -0.7749999999999999112, 2.552580984647486062, -0.3682250350372596737 ) ) ;
#10300 = ADVANCED_FACE ( 'NONE', ( #4921 ), #6313, .F. ) ;
#10301 =( BOUNDED_CURVE ( )  B_SPLINE_CURVE ( 3, ( #4189, #8213, #4021, #9900 ),
 .UNSPECIFIED., .F., .T. ) 
 B_SPLINE_CURVE_WITH_KNOTS ( ( 4, 4 ),
 ( 3.141592653589793116, 3.147055862111334701 ),
 .UNSPECIFIED. ) 
 CURVE ( )  GEOMETRIC_REPRESENTATION_ITEM ( )  RATIONAL_B_SPLINE_CURVE ( ( 1.000000000000000000, 0.9999975127809339615, 0.9999975127809339615, 1.000000000000000000 ) ) 
 REPRESENTATION_ITEM ( '' )  );
#10302 = ORIENTED_EDGE ( 'NONE', *, *, #8788, .T. ) ;
#10303 =( NAMED_UNIT ( * ) SI_UNIT ( $, .STERADIAN. ) SOLID_ANGLE_UNIT ( ) );
#10304 = VECTOR ( 'NONE', #10167, 1000.000000000000000 ) ;
#10305 = SURFACE_SIDE_STYLE ('',( #6311 ) ) ;
#10306 = ORIENTED_EDGE ( 'NONE', *, *, #3072, .F. ) ;
#10307 = STYLED_ITEM ( 'NONE', ( #9308 ), #2783 ) ;
#10308 = SURFACE_STYLE_USAGE ( .BOTH. , #2904 ) ;
#10309 = FILL_AREA_STYLE ('',( #6162 ) ) ;
#10310 =( LENGTH_UNIT ( ) NAMED_UNIT ( * ) SI_UNIT ( .MILLI., .METRE. ) );
#10311 = PRESENTATION_STYLE_ASSIGNMENT (( #10358 ) ) ;
#10312 = PRESENTATION_STYLE_ASSIGNMENT (( #8649 ) ) ;
#10313 = UNCERTAINTY_MEASURE_WITH_UNIT (LENGTH_MEASURE( 1.000000000000000082E-05 ), #10400, 'distance_accuracy_value', 'NONE');
#10314 = EDGE_CURVE ( 'NONE', #672, #10842, #1305, .T. ) ;
#10315 = CARTESIAN_POINT ( 'NONE',  ( 1.824999999999999956, -3.000000000000000000, -0.3995116203837655866 ) ) ;
#10316 = SURFACE_STYLE_FILL_AREA ( #412 ) ;
#10317 = CARTESIAN_POINT ( 'NONE',  ( 1.175000000000000044, -2.552580984647486062, -0.3682250350372594516 ) ) ;
#10318 = FILL_AREA_STYLE_COLOUR ( '', #393 ) ;
#10319 = DIRECTION ( 'NONE',  ( 0.000000000000000000, 0.000000000000000000, -1.000000000000000000 ) ) ;
#10320 = ORIENTED_EDGE ( 'NONE', *, *, #2245, .T. ) ;
#10321 = FACE_OUTER_BOUND ( 'NONE', #4928, .T. ) ;
#10322 = EDGE_LOOP ( 'NONE', ( #2410, #8477, #4607 ) ) ;
#10323 = COLOUR_RGB ( '',0.8039215686274510109, 0.8039215686274510109, 0.8039215686274510109 ) ;
#10324 = DIRECTION ( 'NONE',  ( 1.000000000000000000, 0.000000000000000000, 0.000000000000000000 ) ) ;
#10325 = CARTESIAN_POINT ( 'NONE',  ( -0.7749999999999999112, 2.049999999999999822, -0.1000000000000000056 ) ) ;
#10326 = DIRECTION ( 'NONE',  ( 0.000000000000000000, -0.9975640502598241977, -0.06975647374412544122 ) ) ;
#10327 =( NAMED_UNIT ( * ) SI_UNIT ( $, .STERADIAN. ) SOLID_ANGLE_UNIT ( ) );
#10328 = CARTESIAN_POINT ( 'NONE',  ( 2.000000000000000000, -1.324999999999999512, -0.4499999999999999556 ) ) ;
#10329 = ORIENTED_EDGE ( 'NONE', *, *, #1383, .T. ) ;
#10330 =( LENGTH_UNIT ( ) NAMED_UNIT ( * ) SI_UNIT ( .MILLI., .METRE. ) );
#10331 = VERTEX_POINT ( 'NONE', #8144 ) ;
#10332 =( NAMED_UNIT ( * ) PLANE_ANGLE_UNIT ( ) SI_UNIT ( $, .RADIAN. ) );
#10333 = EDGE_CURVE ( 'NONE', #9963, #4930, #9330, .T. ) ;
#10334 = SURFACE_STYLE_FILL_AREA ( #5106 ) ;
#10335 = ORIENTED_EDGE ( 'NONE', *, *, #8623, .T. ) ;
#10336 = ADVANCED_FACE ( 'NONE', ( #631 ), #4676, .F. ) ;
#10337 = DIRECTION ( 'NONE',  ( -1.000000000000000000, -0.000000000000000000, -0.000000000000000000 ) ) ;
#10338 = EDGE_CURVE ( 'NONE', #4600, #3122, #7568, .T. ) ;
#10339 = CARTESIAN_POINT ( 'NONE',  ( -2.074999999999999734, -1.949999999999999512, -0.1000000000000000056 ) ) ;
#10340 = CARTESIAN_POINT ( 'NONE',  ( -0.7749999999999999112, -1.949999999999999512, 0.1000000000000000056 ) ) ;
#10341 = ORIENTED_EDGE ( 'NONE', *, *, #8356, .T. ) ;
#10342 = DIRECTION ( 'NONE',  ( 0.000000000000000000, 0.000000000000000000, -1.000000000000000000 ) ) ;
#10343 = ORIENTED_EDGE ( 'NONE', *, *, #992, .F. ) ;
#10344 = CARTESIAN_POINT ( 'NONE',  ( 2.075000000000000178, -2.552580984647486062, -0.3682250350372596737 ) ) ;
#10345 = EDGE_CURVE ( 'NONE', #1648, #2018, #4735, .T. ) ;
#10346 = DIRECTION ( 'NONE',  ( 0.000000000000000000, 0.000000000000000000, -1.000000000000000000 ) ) ;
#10347 = SURFACE_STYLE_USAGE ( .BOTH. , #2134 ) ;
#10348 = UNCERTAINTY_MEASURE_WITH_UNIT (LENGTH_MEASURE( 1.000000000000000082E-05 ), #6731, 'distance_accuracy_value', 'NONE');
#10349 = ORIENTED_EDGE ( 'NONE', *, *, #2286, .F. ) ;
#10350 = UNCERTAINTY_MEASURE_WITH_UNIT (LENGTH_MEASURE( 1.000000000000000082E-05 ), #2687, 'distance_accuracy_value', 'NONE');
#10351 = DIRECTION ( 'NONE',  ( 0.000000000000000000, 0.9975640502598241977, -0.06975647374412544122 ) ) ;
#10352 = FILL_AREA_STYLE ('',( #2750 ) ) ;
#10353 = FILL_AREA_STYLE ('',( #3645 ) ) ;
#10354 = VERTEX_POINT ( 'NONE', #9034 ) ;
#10355 =( NAMED_UNIT ( * ) SI_UNIT ( $, .STERADIAN. ) SOLID_ANGLE_UNIT ( ) );
#10356 = PLANE ( 'NONE',  #5188 ) ;
#10357 = SURFACE_STYLE_FILL_AREA ( #4043 ) ;
#10358 = SURFACE_STYLE_USAGE ( .BOTH. , #2812 ) ;
#10359 = EDGE_CURVE ( 'NONE', #5630, #5655, #3910, .T. ) ;
#10360 = DIRECTION ( 'NONE',  ( 1.000000000000000000, 0.000000000000000000, 0.000000000000000000 ) ) ;
#10361 = CARTESIAN_POINT ( 'NONE',  ( 0.5250000000000000222, -2.559556632021898537, -0.2684686300112771873 ) ) ;
#10362 = FILL_AREA_STYLE_COLOUR ( '', #1756 ) ;
#10363 = SURFACE_STYLE_FILL_AREA ( #9693 ) ;
#10364 = PRESENTATION_LAYER_ASSIGNMENT (  '', '', ( #9646 ) ) ;
#10365 =( NAMED_UNIT ( * ) PLANE_ANGLE_UNIT ( ) SI_UNIT ( $, .RADIAN. ) );
#10366 = CARTESIAN_POINT ( 'NONE',  ( 0.5250000000000000222, -2.552580984647486062, -0.3682250350372594516 ) ) ;
#10367 = EDGE_CURVE ( 'NONE', #3708, #10331, #3222, .T. ) ;
#10368 = ORIENTED_EDGE ( 'NONE', *, *, #7308, .T. ) ;
#10369 = SURFACE_STYLE_FILL_AREA ( #4486 ) ;
#10370 = ORIENTED_EDGE ( 'NONE', *, *, #3499, .T. ) ;
#10371 =( NAMED_UNIT ( * ) PLANE_ANGLE_UNIT ( ) SI_UNIT ( $, .RADIAN. ) );
#10372 = SURFACE_STYLE_USAGE ( .BOTH. , #9446 ) ;
#10373 = CARTESIAN_POINT ( 'NONE',  ( 1.175000000000000044, 2.049999999999999822, -0.1000000000000000056 ) ) ;
#10374 = LINE ( 'NONE', #3829, #4108 ) ;
#10375 = AXIS2_PLACEMENT_3D ( 'NONE', #8626, #7752, #10342 ) ;
#10376 = EDGE_CURVE ( 'NONE', #6807, #6645, #7376, .T. ) ;
#10377 = ORIENTED_EDGE ( 'NONE', *, *, #7574, .F. ) ;
#10378 = PLANE ( 'NONE',  #10420 ) ;
#10379 = ORIENTED_EDGE ( 'NONE', *, *, #4827, .T. ) ;
#10380 = CARTESIAN_POINT ( 'NONE',  ( 0.5250000000000000222, 2.552580984647486062, -0.3682250350372594516 ) ) ;
#10381 = VECTOR ( 'NONE', #348, 1000.000000000000000 ) ;
#10382 = ORIENTED_EDGE ( 'NONE', *, *, #475, .F. ) ;
#10383 = CARTESIAN_POINT ( 'NONE',  ( -0.7749999999999999112, 2.330000000000000071, -0.4684254559678819319 ) ) ;
#10384 = VERTEX_POINT ( 'NONE', #10683 ) ;
#10385 = CARTESIAN_POINT ( 'NONE',  ( -0.1249999999999998890, -2.049999999999999822, -0.1000000000000000056 ) ) ;
#10386 = DIRECTION ( 'NONE',  ( 1.000000000000000000, 0.000000000000000000, 0.000000000000000000 ) ) ;
#10387 = ORIENTED_EDGE ( 'NONE', *, *, #7586, .F. ) ;
#10388 = STYLED_ITEM ( 'NONE', ( #5943 ), #1049 ) ;
#10389 =( LENGTH_UNIT ( ) NAMED_UNIT ( * ) SI_UNIT ( .MILLI., .METRE. ) );
#10390 = FILL_AREA_STYLE_COLOUR ( '', #7754 ) ;
#10391 = PRESENTATION_LAYER_ASSIGNMENT (  '', '', ( #4243 ) ) ;
#10392 = ORIENTED_EDGE ( 'NONE', *, *, #710, .F. ) ;
#10393 = SURFACE_SIDE_STYLE ('',( #4397 ) ) ;
#10394 = VECTOR ( 'NONE', #4445, 1000.000000000000000 ) ;
#10395 = DIRECTION ( 'NONE',  ( -1.000000000000000000, 0.000000000000000000, -0.000000000000000000 ) ) ;
#10396 = ADVANCED_FACE ( 'NONE', ( #6478 ), #9587, .T. ) ;
#10397 =( NAMED_UNIT ( * ) PLANE_ANGLE_UNIT ( ) SI_UNIT ( $, .RADIAN. ) );
#10398 = AXIS2_PLACEMENT_3D ( 'NONE', #7999, #3819, #8602 ) ;
#10399 = ORIENTED_EDGE ( 'NONE', *, *, #6759, .F. ) ;
#10400 =( LENGTH_UNIT ( ) NAMED_UNIT ( * ) SI_UNIT ( .MILLI., .METRE. ) );
#10401 = MECHANICAL_DESIGN_GEOMETRIC_PRESENTATION_REPRESENTATION (  '', ( #10388 ), #2343 ) ;
#10403 = EDGE_CURVE ( 'NONE', #5992, #1918, #9521, .T. ) ;
#10402 =( GEOMETRIC_REPRESENTATION_CONTEXT ( 3 ) GLOBAL_UNCERTAINTY_ASSIGNED_CONTEXT ( ( #7209 ) ) GLOBAL_UNIT_ASSIGNED_CONTEXT ( ( #8073, #3158, #8912 ) ) REPRESENTATION_CONTEXT ( 'NONE', 'WORKASPACE' ) );
#10404 = ORIENTED_EDGE ( 'NONE', *, *, #57, .F. ) ;
#10405 = CARTESIAN_POINT ( 'NONE',  ( -1.424999999999999822, -2.474082528530912928, -0.3203740982435569484 ) ) ;
#10406 = CIRCLE ( 'NONE', #5301, 0.09999999999999982514 ) ;
#10407 = VERTEX_POINT ( 'NONE', #7145 ) ;
#10408 = ADVANCED_FACE ( 'NONE', ( #7080 ), #1250, .T. ) ;
#10409 =( NAMED_UNIT ( * ) PLANE_ANGLE_UNIT ( ) SI_UNIT ( $, .RADIAN. ) );
#10410 = DIRECTION ( 'NONE',  ( 1.000000000000000000, 0.000000000000000000, 0.000000000000000000 ) ) ;
#10411 = DIRECTION ( 'NONE',  ( 0.000000000000000000, -0.06975647374412545509, 0.9975640502598243087 ) ) ;
#10412 = PRESENTATION_STYLE_ASSIGNMENT (( #6270 ) ) ;
#10413 = COLOUR_RGB ( '',0.8039215686274510109, 0.8039215686274510109, 0.8039215686274510109 ) ;
#10414 = PRESENTATION_LAYER_ASSIGNMENT (  '', '', ( #4264 ) ) ;
#10415 = FILL_AREA_STYLE_COLOUR ( '', #3445 ) ;
#10416 = AXIS2_PLACEMENT_3D ( 'NONE', #2443, #4812, #6452 ) ;
#10417 = CARTESIAN_POINT ( 'NONE',  ( -2.074999999999999734, -2.135474103490985875, -0.1480945317677201667 ) ) ;
#10418 = FACE_OUTER_BOUND ( 'NONE', #9108, .T. ) ;
#10419 = CARTESIAN_POINT ( 'NONE',  ( 0.7750000000000001332, -2.106267956964054999, 0.09999999999999999167 ) ) ;
#10420 = AXIS2_PLACEMENT_3D ( 'NONE', #7403, #6620, #2500 ) ;
#10421 = DIRECTION ( 'NONE',  ( 0.000000000000000000, 0.5190546823227987216, -0.8547410349098599758 ) ) ;
#10422 = EDGE_LOOP ( 'NONE', ( #4695, #2103, #5498, #2328 ) ) ;
#10423 = CARTESIAN_POINT ( 'NONE',  ( 1.175000000000000044, -3.000000000000000000, -0.6000000000000000888 ) ) ;
#10424 = CARTESIAN_POINT ( 'NONE',  ( 1.824999999999999956, -2.330000000000000071, -0.4684254559678819319 ) ) ;
#10425 = EDGE_CURVE ( 'NONE', #4013, #5640, #9681, .T. ) ;
#10426 = CARTESIAN_POINT ( 'NONE',  ( 2.449999999999998845, -1.874999999999999556, 0.1000000000000000056 ) ) ;
#10427 = PRESENTATION_LAYER_ASSIGNMENT (  '', '', ( #6719 ) ) ;
#10428 = CARTESIAN_POINT ( 'NONE',  ( 2.335172790808107024, 0.000000000000000000, 0.4749999999999999223 ) ) ;
#10429 =( NAMED_UNIT ( * ) SI_UNIT ( $, .STERADIAN. ) SOLID_ANGLE_UNIT ( ) );
#10430 = ORIENTED_EDGE ( 'NONE', *, *, #5359, .T. ) ;
#10431 = FILL_AREA_STYLE ('',( #5372 ) ) ;
#10432 = CARTESIAN_POINT ( 'NONE',  ( -1.424999999999999822, -2.330000000000000071, -0.4684254559678819319 ) ) ;
#10433 = VECTOR ( 'NONE', #2486, 1000.000000000000227 ) ;
#10434 = VERTEX_POINT ( 'NONE', #1201 ) ;
#10435 = COLOUR_RGB ( '',0.8039215686274510109, 0.8039215686274510109, 0.8039215686274510109 ) ;
#10436 = CARTESIAN_POINT ( 'NONE',  ( -0.7749999999999999112, 2.486996912233147228, -0.5641273295552871048 ) ) ;
#10437 = EDGE_CURVE ( 'NONE', #3535, #9279, #2034, .T. ) ;
#10438 = CARTESIAN_POINT ( 'NONE',  ( -1.824999999999999734, -2.474082528530912928, -0.3203740982435569484 ) ) ;
#10439 = VERTEX_POINT ( 'NONE', #243 ) ;
#10440 = STYLED_ITEM ( 'NONE', ( #6828 ), #8163 ) ;
#10441 = CARTESIAN_POINT ( 'NONE',  ( -2.375409738600888332, 1.949998880753508690, 0.1000106489190370901 ) ) ;
#10442 = EDGE_CURVE ( 'NONE', #8468, #9965, #3587, .T. ) ;
#10443 = PRESENTATION_LAYER_ASSIGNMENT (  '', '', ( #1529 ) ) ;
#10444 = PRESENTATION_STYLE_ASSIGNMENT (( #10605 ) ) ;
#10445 =( NAMED_UNIT ( * ) SI_UNIT ( $, .STERADIAN. ) SOLID_ANGLE_UNIT ( ) );
#10446 = EDGE_LOOP ( 'NONE', ( #5163, #736, #5587, #10527 ) ) ;
#10447 = PRESENTATION_LAYER_ASSIGNMENT (  '', '', ( #8523 ) ) ;
#10448 = LINE ( 'NONE', #8627, #385 ) ;
#10449 = ORIENTED_EDGE ( 'NONE', *, *, #7511, .T. ) ;
#10450 = FILL_AREA_STYLE_COLOUR ( '', #4654 ) ;
#10451 = VECTOR ( 'NONE', #10745, 1000.000000000000000 ) ;
#10452 =( GEOMETRIC_REPRESENTATION_CONTEXT ( 3 ) GLOBAL_UNCERTAINTY_ASSIGNED_CONTEXT ( ( #2483 ) ) GLOBAL_UNIT_ASSIGNED_CONTEXT ( ( #404, #9588, #7926 ) ) REPRESENTATION_CONTEXT ( 'NONE', 'WORKASPACE' ) );
#10453 = CARTESIAN_POINT ( 'NONE',  ( -1.424999999999999822, -3.000000000000000000, -0.3995116203837655866 ) ) ;
#10454 = VECTOR ( 'NONE', #8663, 1000.000000000000000 ) ;
#10455 = FILL_AREA_STYLE ('',( #8853 ) ) ;
#10456 = AXIS2_PLACEMENT_3D ( 'NONE', #10340, #2838, #6143 ) ;
#10457 = UNCERTAINTY_MEASURE_WITH_UNIT (LENGTH_MEASURE( 1.000000000000000082E-05 ), #9597, 'distance_accuracy_value', 'NONE');
#10458 = DIRECTION ( 'NONE',  ( 0.000000000000000000, 0.000000000000000000, -1.000000000000000000 ) ) ;
#10459 = VERTEX_POINT ( 'NONE', #8643 ) ;
#10460 = STYLED_ITEM ( 'NONE', ( #8431 ), #4372 ) ;
#10461 = CARTESIAN_POINT ( 'NONE',  ( 2.449998880753506914, 1.875409738600887888, -0.1000106489190370346 ) ) ;
#10462 = CARTESIAN_POINT ( 'NONE',  ( -2.074999999999999734, -2.486996912233147228, -0.5641273295552871048 ) ) ;
#10463 = ORIENTED_EDGE ( 'NONE', *, *, #10559, .T. ) ;
#10464 = VECTOR ( 'NONE', #4863, 1000.000000000000000 ) ;
#10465 = CARTESIAN_POINT ( 'NONE',  ( 2.375136580382889218, 1.950000000000000622, -0.09999999999999968636 ) ) ;
#10466 = CARTESIAN_POINT ( 'NONE',  ( 0.7750000000000001332, -2.049999999999999822, -0.1000000000000000056 ) ) ;
#10467 = CARTESIAN_POINT ( 'NONE',  ( -2.374999999999999556, -1.949999999999999512, -0.1000000000000000056 ) ) ;
#10468 = ADVANCED_FACE ( 'NONE', ( #403 ), #6161, .T. ) ;
#10469 = DIRECTION ( 'NONE',  ( -0.000000000000000000, 1.000000000000000000, -0.000000000000000000 ) ) ;
#10470 = COLOUR_RGB ( '',0.8039215686274510109, 0.8039215686274510109, 0.8039215686274510109 ) ;
#10471 = SURFACE_STYLE_FILL_AREA ( #3699 ) ;
#10472 = VECTOR ( 'NONE', #8819, 1000.000000000000000 ) ;
#10473 = DIRECTION ( 'NONE',  ( 0.000000000000000000, -0.5190546823227978335, 0.8547410349098604199 ) ) ;
#10474 = VERTEX_POINT ( 'NONE', #8754 ) ;
#10475 = EDGE_CURVE ( 'NONE', #150, #2806, #2965, .T. ) ;
#10476 = CYLINDRICAL_SURFACE ( 'NONE', #7966, 0.2000000000000000389 ) ;
#10477 =( LENGTH_UNIT ( ) NAMED_UNIT ( * ) SI_UNIT ( .MILLI., .METRE. ) );
#10478 = PRESENTATION_LAYER_ASSIGNMENT (  '', '', ( #1387 ) ) ;
#10479 = DIRECTION ( 'NONE',  ( 0.000000000000000000, 0.000000000000000000, -1.000000000000000000 ) ) ;
#10480 = VERTEX_POINT ( 'NONE', #8809 ) ;
#10481 = AXIS2_PLACEMENT_3D ( 'NONE', #10789, #6603, #912 ) ;
#10482 = LINE ( 'NONE', #8768, #8047 ) ;
#10483 = EDGE_CURVE ( 'NONE', #447, #3885, #7697, .T. ) ;
#10484 = FILL_AREA_STYLE ('',( #8059 ) ) ;
#10485 =( LENGTH_UNIT ( ) NAMED_UNIT ( * ) SI_UNIT ( .MILLI., .METRE. ) );
#10486 = DIRECTION ( 'NONE',  ( 2.907131363079811305E-15, 1.000000000000000000, 0.000000000000000000 ) ) ;
#10487 =( LENGTH_UNIT ( ) NAMED_UNIT ( * ) SI_UNIT ( .MILLI., .METRE. ) );
#10488 = PRESENTATION_STYLE_ASSIGNMENT (( #322 ) ) ;
#10489 = ORIENTED_EDGE ( 'NONE', *, *, #1998, .F. ) ;
#10490 = VECTOR ( 'NONE', #7547, 1000.000000000000000 ) ;
#10491 = CARTESIAN_POINT ( 'NONE',  ( -2.335172790808107468, -1.835172790808106802, -0.4749999999999999223 ) ) ;
#10492 = ORIENTED_EDGE ( 'NONE', *, *, #5149, .F. ) ;
#10493 = LINE ( 'NONE', #6572, #6908 ) ;
#10494 = ORIENTED_EDGE ( 'NONE', *, *, #425, .F. ) ;
#10495 = STYLED_ITEM ( 'NONE', ( #7677 ), #2458 ) ;
#10496 = CARTESIAN_POINT ( 'NONE',  ( -2.449999999999999289, 1.875136580382892104, -0.09999999999999982514 ) ) ;
#10497 = SURFACE_SIDE_STYLE ('',( #3572 ) ) ;
#10498 = ORIENTED_EDGE ( 'NONE', *, *, #4088, .F. ) ;
#10499 = FILL_AREA_STYLE ('',( #5657 ) ) ;
#10500 = EDGE_CURVE ( 'NONE', #4880, #5238, #10203, .T. ) ;
#10501 =( NAMED_UNIT ( * ) SI_UNIT ( $, .STERADIAN. ) SOLID_ANGLE_UNIT ( ) );
#10502 = EDGE_LOOP ( 'NONE', ( #10764, #8684, #6201, #6924 ) ) ;
#10503 =( NAMED_UNIT ( * ) SI_UNIT ( $, .STERADIAN. ) SOLID_ANGLE_UNIT ( ) );
#10504 = DIRECTION ( 'NONE',  ( 1.000000000000000000, 0.000000000000000000, 0.000000000000000000 ) ) ;
#10505 = ADVANCED_FACE ( 'NONE', ( #2313 ), #519, .T. ) ;
#10506 = CARTESIAN_POINT ( 'NONE',  ( -0.5249999999999999112, -2.106267956964054999, -0.09999999999999999167 ) ) ;
#10507 = SURFACE_SIDE_STYLE ('',( #3901 ) ) ;
#10508 = VERTEX_POINT ( 'NONE', #7262 ) ;
#10509 = DIRECTION ( 'NONE',  ( 1.000000000000000000, 0.000000000000000000, 0.000000000000000000 ) ) ;
#10510 =( LENGTH_UNIT ( ) NAMED_UNIT ( * ) SI_UNIT ( .MILLI., .METRE. ) );
#10511 = DIRECTION ( 'NONE',  ( 1.000000000000000000, 0.000000000000000000, 0.000000000000000000 ) ) ;
#10512 = CARTESIAN_POINT ( 'NONE',  ( -0.7749999999999999112, -2.049999999999999822, -0.1000000000000000056 ) ) ;
#10513 = ORIENTED_EDGE ( 'NONE', *, *, #1374, .T. ) ;
#10514 = DIRECTION ( 'NONE',  ( -1.000000000000000000, 0.000000000000000000, 0.000000000000000000 ) ) ;
#10515 = EDGE_CURVE ( 'NONE', #7422, #9355, #5611, .T. ) ;
#10516 = DIRECTION ( 'NONE',  ( 1.000000000000000000, 0.000000000000000000, 0.000000000000000000 ) ) ;
#10517 = ORIENTED_EDGE ( 'NONE', *, *, #10442, .T. ) ;
#10518 = DIRECTION ( 'NONE',  ( 0.000000000000000000, 0.5190546823227987216, -0.8547410349098599758 ) ) ;
#10519 = CARTESIAN_POINT ( 'NONE',  ( 1.425000000000000044, -2.049999999999999822, -0.1000000000000000056 ) ) ;
#10520 = UNCERTAINTY_MEASURE_WITH_UNIT (LENGTH_MEASURE( 1.000000000000000082E-05 ), #7274, 'distance_accuracy_value', 'NONE');
#10521 = LINE ( 'NONE', #2815, #8708 ) ;
#10522 = FILL_AREA_STYLE ('',( #6320 ) ) ;
#10523 = DIRECTION ( 'NONE',  ( 1.000000000000000000, 0.000000000000000000, 0.000000000000000000 ) ) ;
#10524 = CARTESIAN_POINT ( 'NONE',  ( -0.1249999999999998890, -3.000000000000000000, -0.6000000000000000888 ) ) ;
#10525 = DIRECTION ( 'NONE',  ( 0.000000000000000000, 1.000000000000000000, 0.000000000000000000 ) ) ;
#10526 = DIRECTION ( 'NONE',  ( 0.000000000000000000, 0.8547410349098599758, 0.5190546823227987216 ) ) ;
#10527 = ORIENTED_EDGE ( 'NONE', *, *, #9463, .T. ) ;
#10528 = EDGE_CURVE ( 'NONE', #5598, #6439, #3909, .T. ) ;
#10529 = FILL_AREA_STYLE ('',( #2110 ) ) ;
#10530 = CARTESIAN_POINT ( 'NONE',  ( -0.7749999999999999112, -3.000000000000000000, -0.6000000000000000888 ) ) ;
#10531 = EDGE_CURVE ( 'NONE', #9742, #851, #1477, .T. ) ;
#10532 =( NAMED_UNIT ( * ) SI_UNIT ( $, .STERADIAN. ) SOLID_ANGLE_UNIT ( ) );
#10533 = UNCERTAINTY_MEASURE_WITH_UNIT (LENGTH_MEASURE( 1.000000000000000082E-05 ), #9267, 'distance_accuracy_value', 'NONE');
#10534 = DIRECTION ( 'NONE',  ( 0.000000000000000000, 0.000000000000000000, 1.000000000000000000 ) ) ;
#10535 = FACE_OUTER_BOUND ( 'NONE', #1235, .T. ) ;
#10536 = CARTESIAN_POINT ( 'NONE',  ( -2.449998880753507802, 1.875409738600888332, -0.1000106489190370068 ) ) ;
#10537 = ORIENTED_EDGE ( 'NONE', *, *, #6421, .T. ) ;
#10538 = PLANE ( 'NONE',  #7925 ) ;
#10539 = EDGE_CURVE ( 'NONE', #4033, #9965, #9094, .T. ) ;
#10540 = ORIENTED_EDGE ( 'NONE', *, *, #3468, .T. ) ;
#10541 = ORIENTED_EDGE ( 'NONE', *, *, #10500, .F. ) ;
#10542 = ORIENTED_EDGE ( 'NONE', *, *, #3676, .F. ) ;
#10543 = VERTEX_POINT ( 'NONE', #10777 ) ;
#10544 = DIRECTION ( 'NONE',  ( 0.000000000000000000, 0.000000000000000000, 1.000000000000000000 ) ) ;
#10545 = FACE_OUTER_BOUND ( 'NONE', #8839, .T. ) ;
#10546 = ORIENTED_EDGE ( 'NONE', *, *, #5867, .F. ) ;
#10547 = CARTESIAN_POINT ( 'NONE',  ( 1.175000000000000044, 2.500948206981972177, -0.3646145195033222430 ) ) ;
#10548 = PRESENTATION_STYLE_ASSIGNMENT (( #2127 ) ) ;
#10549 = DIRECTION ( 'NONE',  ( 0.000000000000000000, 0.000000000000000000, -1.000000000000000000 ) ) ;
#10550 = DIRECTION ( 'NONE',  ( 1.000000000000000000, 0.000000000000000000, 0.000000000000000000 ) ) ;
#10551 = ORIENTED_EDGE ( 'NONE', *, *, #5282, .T. ) ;
#10552 = LINE ( 'NONE', #504, #3066 ) ;
#10553 = CARTESIAN_POINT ( 'NONE',  ( 1.425000000000000044, 2.135474103490985875, -0.1480945317677201667 ) ) ;
#10554 = ORIENTED_EDGE ( 'NONE', *, *, #5822, .T. ) ;
#10555 = AXIS2_PLACEMENT_3D ( 'NONE', #903, #8536, #5010 ) ;
#10556 = DIRECTION ( 'NONE',  ( 1.000000000000000000, 0.000000000000000000, 0.000000000000000000 ) ) ;
#10557 = UNCERTAINTY_MEASURE_WITH_UNIT (LENGTH_MEASURE( 1.000000000000000082E-05 ), #3730, 'distance_accuracy_value', 'NONE');
#10558 = DIRECTION ( 'NONE',  ( 0.000000000000000000, -1.000000000000000000, 0.000000000000000000 ) ) ;
#10559 = EDGE_CURVE ( 'NONE', #10816, #9786, #8267, .T. ) ;
#10560 = ORIENTED_EDGE ( 'NONE', *, *, #1106, .F. ) ;
#10561 = CARTESIAN_POINT ( 'NONE',  ( 2.449999999999998845, -1.949999999999999512, -0.1000000000000000056 ) ) ;
#10562 = FILL_AREA_STYLE_COLOUR ( '', #6338 ) ;
#10563 = LINE ( 'NONE', #1246, #3674 ) ;
#10564 = DIRECTION ( 'NONE',  ( 0.000000000000000000, 0.000000000000000000, -1.000000000000000000 ) ) ;
#10565 = ORIENTED_EDGE ( 'NONE', *, *, #9114, .T. ) ;
#10566 = PRESENTATION_STYLE_ASSIGNMENT (( #10681 ) ) ;
#10568 = FILL_AREA_STYLE_COLOUR ( '', #1632 ) ;
#10567 = SURFACE_STYLE_USAGE ( .BOTH. , #5736 ) ;
#10569 = ORIENTED_EDGE ( 'NONE', *, *, #8927, .T. ) ;
#10570 =( GEOMETRIC_REPRESENTATION_CONTEXT ( 3 ) GLOBAL_UNCERTAINTY_ASSIGNED_CONTEXT ( ( #2660 ) ) GLOBAL_UNIT_ASSIGNED_CONTEXT ( ( #8495, #3441, #2704 ) ) REPRESENTATION_CONTEXT ( 'NONE', 'WORKASPACE' ) );
#10571 = PLANE ( 'NONE',  #1733 ) ;
#10572 =( GEOMETRIC_REPRESENTATION_CONTEXT ( 3 ) GLOBAL_UNCERTAINTY_ASSIGNED_CONTEXT ( ( #9750 ) ) GLOBAL_UNIT_ASSIGNED_CONTEXT ( ( #5406, #7894, #8821 ) ) REPRESENTATION_CONTEXT ( 'NONE', 'WORKASPACE' ) );
#10573 = SURFACE_STYLE_USAGE ( .BOTH. , #472 ) ;
#10574 = EDGE_CURVE ( 'NONE', #1868, #2195, #3275, .T. ) ;
#10575 = DIRECTION ( 'NONE',  ( 0.000000000000000000, 0.000000000000000000, -1.000000000000000000 ) ) ;
#10576 = DIRECTION ( 'NONE',  ( 0.000000000000000000, -0.9975640502598241977, -0.06975647374412544122 ) ) ;
#10577 = DIRECTION ( 'NONE',  ( -1.000000000000000000, -6.077559477998633644E-16, 5.782411586589358822E-15 ) ) ;
#10578 = DIRECTION ( 'NONE',  ( 0.000000000000000000, 0.5190546823227978335, 0.8547410349098604199 ) ) ;
#10579 = FILL_AREA_STYLE_COLOUR ( '', #8151 ) ;
#10580 = DIRECTION ( 'NONE',  ( -1.000000000000000000, -0.000000000000000000, -0.000000000000000000 ) ) ;
#10581 = EDGE_CURVE ( 'NONE', #4261, #3151, #10682, .T. ) ;
#10582 = VECTOR ( 'NONE', #1933, 1000.000000000000000 ) ;
#10583 = DIRECTION ( 'NONE',  ( 0.000000000000000000, -1.000000000000000000, 0.000000000000000000 ) ) ;
#10584 = FILL_AREA_STYLE ('',( #7214 ) ) ;
#10585 = VERTEX_POINT ( 'NONE', #9797 ) ;
#10586 = MECHANICAL_DESIGN_GEOMETRIC_PRESENTATION_REPRESENTATION (  '', ( #4432 ), #4790 ) ;
#10587 = SURFACE_SIDE_STYLE ('',( #7217 ) ) ;
#10588 = FACE_OUTER_BOUND ( 'NONE', #6209, .T. ) ;
#10589 = COLOUR_RGB ( '',0.8039215686274510109, 0.8039215686274510109, 0.8039215686274510109 ) ;
#10590 = DIRECTION ( 'NONE',  ( 1.000000000000000000, 0.000000000000000000, 0.000000000000000000 ) ) ;
#10591 = CARTESIAN_POINT ( 'NONE',  ( 0.1250000000000001110, -2.049999999999999822, -0.2000000000000000111 ) ) ;
#10592 = LINE ( 'NONE', #3039, #10077 ) ;
#10593 = ORIENTED_EDGE ( 'NONE', *, *, #10437, .F. ) ;
#10594 = DIRECTION ( 'NONE',  ( 0.000000000000000000, 0.000000000000000000, -1.000000000000000000 ) ) ;
#10595 = STYLED_ITEM ( 'NONE', ( #523 ), #1439 ) ;
#10596 = ORIENTED_EDGE ( 'NONE', *, *, #8870, .F. ) ;
#10597 = PLANE ( 'NONE',  #1341 ) ;
#10598 = COLOUR_RGB ( '',0.8039215686274510109, 0.8039215686274510109, 0.8039215686274510109 ) ;
#10599 = VERTEX_POINT ( 'NONE', #2265 ) ;
#10600 = CARTESIAN_POINT ( 'NONE',  ( 0.7750000000000001332, 1.949999999999999512, 0.1000000000000000056 ) ) ;
#10601 = PRESENTATION_LAYER_ASSIGNMENT (  '', '', ( #9382 ) ) ;
#10602 = ADVANCED_FACE ( 'NONE', ( #5559 ), #4787, .F. ) ;
#10603 = FILL_AREA_STYLE_COLOUR ( '', #8697 ) ;
#10604 = DIRECTION ( 'NONE',  ( 0.000000000000000000, -1.000000000000000000, 0.000000000000000000 ) ) ;
#10605 = SURFACE_STYLE_USAGE ( .BOTH. , #380 ) ;
#10606 = ADVANCED_FACE ( 'NONE', ( #8143 ), #630, .T. ) ;
#10607 = CIRCLE ( 'NONE', #972, 0.2000000000000000389 ) ;
#10608 = FILL_AREA_STYLE ('',( #7243 ) ) ;
#10609 = LINE ( 'NONE', #4663, #3713 ) ;
#10610 = ORIENTED_EDGE ( 'NONE', *, *, #9072, .F. ) ;
#10611 = PRESENTATION_LAYER_ASSIGNMENT (  '', '', ( #4624 ) ) ;
#10612 = FILL_AREA_STYLE ('',( #1351 ) ) ;
#10613 = AXIS2_PLACEMENT_3D ( 'NONE', #2518, #6942, #4069 ) ;
#10614 =( NAMED_UNIT ( * ) PLANE_ANGLE_UNIT ( ) SI_UNIT ( $, .RADIAN. ) );
#10615 = VECTOR ( 'NONE', #5057, 1000.000000000000000 ) ;
#10616 = PLANE ( 'NONE',  #8859 ) ;
#10617 = ORIENTED_EDGE ( 'NONE', *, *, #8693, .T. ) ;
#10618 = SURFACE_STYLE_FILL_AREA ( #9792 ) ;
#10619 = MECHANICAL_DESIGN_GEOMETRIC_PRESENTATION_REPRESENTATION (  '', ( #1336 ), #2759 ) ;
#10620 = ORIENTED_EDGE ( 'NONE', *, *, #2253, .F. ) ;
#10621 = VECTOR ( 'NONE', #5463, 1000.000000000000000 ) ;
#10622 = CARTESIAN_POINT ( 'NONE',  ( 2.000000000000000000, -1.324999999999999512, -0.5499999999999999334 ) ) ;
#10623 = ORIENTED_EDGE ( 'NONE', *, *, #6254, .F. ) ;
#10624 = DIRECTION ( 'NONE',  ( -0.000000000000000000, -0.000000000000000000, 1.000000000000000000 ) ) ;
#10625 =( GEOMETRIC_REPRESENTATION_CONTEXT ( 3 ) GLOBAL_UNCERTAINTY_ASSIGNED_CONTEXT ( ( #29 ) ) GLOBAL_UNIT_ASSIGNED_CONTEXT ( ( #724, #7300, #9069 ) ) REPRESENTATION_CONTEXT ( 'NONE', 'WORKASPACE' ) );
#10626 = ORIENTED_EDGE ( 'NONE', *, *, #9130, .F. ) ;
#10627 = VECTOR ( 'NONE', #882, 1000.000000000000000 ) ;
#10628 = MECHANICAL_DESIGN_GEOMETRIC_PRESENTATION_REPRESENTATION (  '', ( #995 ), #5883 ) ;
#10629 = ORIENTED_EDGE ( 'NONE', *, *, #8619, .F. ) ;
#10630 = SURFACE_STYLE_USAGE ( .BOTH. , #1427 ) ;
#10631 = CARTESIAN_POINT ( 'NONE',  ( -1.174999999999999822, -2.049999999999999822, -0.1000000000000000056 ) ) ;
#10632 =( LENGTH_UNIT ( ) NAMED_UNIT ( * ) SI_UNIT ( .MILLI., .METRE. ) );
#10633 = PRESENTATION_LAYER_ASSIGNMENT (  '', '', ( #6915 ) ) ;
#10634 = CARTESIAN_POINT ( 'NONE',  ( 2.449999999999998845, 1.950000000000000400, 0.1000000000000000056 ) ) ;
#10635 =( GEOMETRIC_REPRESENTATION_CONTEXT ( 3 ) GLOBAL_UNCERTAINTY_ASSIGNED_CONTEXT ( ( #4197 ) ) GLOBAL_UNIT_ASSIGNED_CONTEXT ( ( #3336, #918, #5183 ) ) REPRESENTATION_CONTEXT ( 'NONE', 'WORKASPACE' ) );
#10636 = COLOUR_RGB ( '',0.8039215686274510109, 0.8039215686274510109, 0.8039215686274510109 ) ;
#10637 = VECTOR ( 'NONE', #10639, 1000.000000000000114 ) ;
#10638 = VECTOR ( 'NONE', #8000, 1000.000000000000227 ) ;
#10639 = DIRECTION ( 'NONE',  ( 0.000000000000000000, 0.9975640502598241977, -0.06975647374412544122 ) ) ;
#10640 = DIRECTION ( 'NONE',  ( 1.000000000000000000, 0.000000000000000000, 0.000000000000000000 ) ) ;
#10641 = PLANE ( 'NONE',  #252 ) ;
#10642 =( NAMED_UNIT ( * ) PLANE_ANGLE_UNIT ( ) SI_UNIT ( $, .RADIAN. ) );
#10643 = VERTEX_POINT ( 'NONE', #6643 ) ;
#10644 = CIRCLE ( 'NONE', #8674, 0.07500000000000003886 ) ;
#10645 = LINE ( 'NONE', #763, #7633 ) ;
#10646 = AXIS2_PLACEMENT_3D ( 'NONE', #2843, #6906, #6048 ) ;
#10647 = EDGE_LOOP ( 'NONE', ( #6998, #6879, #106, #5923 ) ) ;
#10648 = STYLED_ITEM ( 'NONE', ( #1685 ), #6509 ) ;
#10649 = SURFACE_STYLE_USAGE ( .BOTH. , #7041 ) ;
#10650 = DIRECTION ( 'NONE',  ( 0.000000000000000000, 0.8547410349098605309, -0.5190546823227980555 ) ) ;
#10651 = ADVANCED_FACE ( 'NONE', ( #7595 ), #802, .T. ) ;
#10652 = CARTESIAN_POINT ( 'NONE',  ( 1.425000000000000044, -2.277216163946027105, 0.003810936464559820311 ) ) ;
#10653 =( BOUNDED_CURVE ( )  B_SPLINE_CURVE ( 3, ( #4601, #1517, #9662, #9781 ),
 .UNSPECIFIED., .F., .F. ) 
 B_SPLINE_CURVE_WITH_KNOTS ( ( 4, 4 ),
 ( 0.000000000000000000, 0.005463208521541921409 ),
 .UNSPECIFIED. ) 
 CURVE ( )  GEOMETRIC_REPRESENTATION_ITEM ( )  RATIONAL_B_SPLINE_CURVE ( ( 1.000000000000000000, 0.9999975127809339615, 0.9999975127809339615, 1.000000000000000000 ) ) 
 REPRESENTATION_ITEM ( '' )  );
#10654 = PRESENTATION_STYLE_ASSIGNMENT (( #590 ) ) ;
#10655 = CYLINDRICAL_SURFACE ( 'NONE', #2727, 0.2000000000000000389 ) ;
#10656 = CARTESIAN_POINT ( 'NONE',  ( 2.449999999999998845, -1.874999999999999556, -0.1000000000000000056 ) ) ;
#10657 = VERTEX_POINT ( 'NONE', #6694 ) ;
#10658 = SURFACE_STYLE_FILL_AREA ( #6656 ) ;
#10659 = ORIENTED_EDGE ( 'NONE', *, *, #6662, .F. ) ;
#10660 = MECHANICAL_DESIGN_GEOMETRIC_PRESENTATION_REPRESENTATION (  '', ( #2789 ), #5914 ) ;
#10661 = DIRECTION ( 'NONE',  ( 0.000000000000000000, 0.000000000000000000, -1.000000000000000000 ) ) ;
#10662 = ORIENTED_EDGE ( 'NONE', *, *, #2326, .F. ) ;
#10663 = CIRCLE ( 'NONE', #828, 0.09999999999999982514 ) ;
#10664 = FACE_BOUND ( 'NONE', #2717, .T. ) ;
#10665 = PLANE ( 'NONE',  #575 ) ;
#10666 = ORIENTED_EDGE ( 'NONE', *, *, #9075, .F. ) ;
#10667 = SURFACE_STYLE_USAGE ( .BOTH. , #3161 ) ;
#10668 = EDGE_LOOP ( 'NONE', ( #6405, #8451, #4175, #3146 ) ) ;
#10669 = EDGE_CURVE ( 'NONE', #7693, #3440, #4137, .T. ) ;
#10670 = DIRECTION ( 'NONE',  ( 5.782411586589358033E-15, -1.000000000000000000, 0.000000000000000000 ) ) ;
#10671 =( LENGTH_UNIT ( ) NAMED_UNIT ( * ) SI_UNIT ( .MILLI., .METRE. ) );
#10672 = FILL_AREA_STYLE_COLOUR ( '', #3444 ) ;
#10673 = EDGE_CURVE ( 'NONE', #10078, #2806, #5944, .T. ) ;
#10674 = EDGE_CURVE ( 'NONE', #6829, #10474, #9354, .T. ) ;
#10675 = UNCERTAINTY_MEASURE_WITH_UNIT (LENGTH_MEASURE( 1.000000000000000082E-05 ), #3244, 'distance_accuracy_value', 'NONE');
#10676 = ORIENTED_EDGE ( 'NONE', *, *, #8398, .T. ) ;
#10677 =( NAMED_UNIT ( * ) SI_UNIT ( $, .STERADIAN. ) SOLID_ANGLE_UNIT ( ) );
#10678 =( NAMED_UNIT ( * ) SI_UNIT ( $, .STERADIAN. ) SOLID_ANGLE_UNIT ( ) );
#10679 = VERTEX_POINT ( 'NONE', #957 ) ;
#10680 = EDGE_LOOP ( 'NONE', ( #556, #6641, #3606, #10162 ) ) ;
#10681 = SURFACE_STYLE_USAGE ( .BOTH. , #10727 ) ;
#10683 = CARTESIAN_POINT ( 'NONE',  ( 0.5250000000000000222, -3.000000000000000000, -0.6000000000000000888 ) ) ;
#10682 = LINE ( 'NONE', #9846, #4236 ) ;
#10684 = VERTEX_POINT ( 'NONE', #9253 ) ;
#10685 = EDGE_CURVE ( 'NONE', #2158, #329, #8815, .T. ) ;
#10686 = VERTEX_POINT ( 'NONE', #1862 ) ;
#10687 = DIRECTION ( 'NONE',  ( -0.9945218953682732899, 0.000000000000000000, 0.1045284632676541231 ) ) ;
#10688 = PRESENTATION_STYLE_ASSIGNMENT (( #10733 ) ) ;
#10689 = LINE ( 'NONE', #6700, #868 ) ;
#10690 = UNCERTAINTY_MEASURE_WITH_UNIT (LENGTH_MEASURE( 1.000000000000000082E-05 ), #7567, 'distance_accuracy_value', 'NONE');
#10691 = EDGE_LOOP ( 'NONE', ( #7039, #1287, #6531, #10341 ) ) ;
#10692 = SURFACE_STYLE_FILL_AREA ( #3811 ) ;
#10693 = DIRECTION ( 'NONE',  ( 1.000000000000000000, 0.000000000000000000, 0.000000000000000000 ) ) ;
#10694 = CARTESIAN_POINT ( 'NONE',  ( 2.409761932960727382, -1.902703094130445027, 0.4828396347450739090 ) ) ;
#10695 =( NAMED_UNIT ( * ) SI_UNIT ( $, .STERADIAN. ) SOLID_ANGLE_UNIT ( ) );
#10696 = SURFACE_STYLE_FILL_AREA ( #3142 ) ;
#10697 = ORIENTED_EDGE ( 'NONE', *, *, #1461, .F. ) ;
#10698 = ORIENTED_EDGE ( 'NONE', *, *, #8608, .F. ) ;
#10699 =( NAMED_UNIT ( * ) PLANE_ANGLE_UNIT ( ) SI_UNIT ( $, .RADIAN. ) );
#10700 = DIRECTION ( 'NONE',  ( 0.000000000000000000, -0.9975640502598241977, 0.06975647374412535795 ) ) ;
#10701 = PLANE ( 'NONE',  #9054 ) ;
#10702 = ADVANCED_FACE ( 'NONE', ( #2639 ), #10014, .T. ) ;
#10703 = PRESENTATION_STYLE_ASSIGNMENT (( #3149 ) ) ;
#10704 = ORIENTED_EDGE ( 'NONE', *, *, #4858, .F. ) ;
#10705 =( NAMED_UNIT ( * ) SI_UNIT ( $, .STERADIAN. ) SOLID_ANGLE_UNIT ( ) );
#10706 = EDGE_LOOP ( 'NONE', ( #6279, #4063, #9783, #7399, #6344, #10377, #4717, #7230, #5773, #2600, #3346, #4595 ) ) ;
#10707 = CARTESIAN_POINT ( 'NONE',  ( 2.075000000000000178, -2.486996912233147228, -0.5641273295552871048 ) ) ;
#10708 = VECTOR ( 'NONE', #625, 1000.000000000000000 ) ;
#10709 = ORIENTED_EDGE ( 'NONE', *, *, #854, .T. ) ;
#10710 = VERTEX_POINT ( 'NONE', #223 ) ;
#10711 = LINE ( 'NONE', #2396, #2153 ) ;
#10712 = EDGE_CURVE ( 'NONE', #7592, #1636, #6145, .T. ) ;
#10713 = FILL_AREA_STYLE_COLOUR ( '', #1188 ) ;
#10714 = LINE ( 'NONE', #9885, #4421 ) ;
#10715 = CARTESIAN_POINT ( 'NONE',  ( -0.5249999999999999112, -2.049999999999999822, -0.1000000000000000056 ) ) ;
#10716 = ORIENTED_EDGE ( 'NONE', *, *, #8825, .T. ) ;
#10717 = PRESENTATION_STYLE_ASSIGNMENT (( #7361 ) ) ;
#10718 = DIRECTION ( 'NONE',  ( 0.000000000000000000, 0.000000000000000000, -1.000000000000000000 ) ) ;
#10719 = SURFACE_SIDE_STYLE ('',( #3900 ) ) ;
#10720 =( LENGTH_UNIT ( ) NAMED_UNIT ( * ) SI_UNIT ( .MILLI., .METRE. ) );
#10721 = ORIENTED_EDGE ( 'NONE', *, *, #3383, .T. ) ;
#10722 =( LENGTH_UNIT ( ) NAMED_UNIT ( * ) SI_UNIT ( .MILLI., .METRE. ) );
#10723 = FACE_OUTER_BOUND ( 'NONE', #9519, .T. ) ;
#10724 = PRESENTATION_STYLE_ASSIGNMENT (( #9089 ) ) ;
#10725 = EDGE_LOOP ( 'NONE', ( #5515, #8081, #6040, #8129 ) ) ;
#10726 = MECHANICAL_DESIGN_GEOMETRIC_PRESENTATION_REPRESENTATION (  '', ( #4057 ), #9328 ) ;
#10727 = SURFACE_SIDE_STYLE ('',( #4786 ) ) ;
#10728 = STYLED_ITEM ( 'NONE', ( #9644 ), #10196 ) ;
#10729 = EDGE_LOOP ( 'NONE', ( #1296, #8259, #7402 ) ) ;
#10730 = EDGE_CURVE ( 'NONE', #810, #8923, #2950, .T. ) ;
#10731 = CARTESIAN_POINT ( 'NONE',  ( 0.5250000000000000222, -3.000000000000000000, -0.6000000000000000888 ) ) ;
#10732 = CARTESIAN_POINT ( 'NONE',  ( -1.424999999999999822, 2.474082528530912928, -0.3203740982435569484 ) ) ;
#10733 = SURFACE_STYLE_USAGE ( .BOTH. , #4796 ) ;
#10734 = DIRECTION ( 'NONE',  ( 0.000000000000000000, 0.000000000000000000, -1.000000000000000000 ) ) ;
#10735 = ORIENTED_EDGE ( 'NONE', *, *, #3809, .T. ) ;
#10736 = ADVANCED_FACE ( 'NONE', ( #7814 ), #1185, .F. ) ;
#10737 = CARTESIAN_POINT ( 'NONE',  ( -0.1249999999999998890, -2.500948206981972177, -0.3646145195033222430 ) ) ;
#10738 =( NAMED_UNIT ( * ) PLANE_ANGLE_UNIT ( ) SI_UNIT ( $, .RADIAN. ) );
#10739 = MECHANICAL_DESIGN_GEOMETRIC_PRESENTATION_REPRESENTATION (  '', ( #2174 ), #4584 ) ;
#10740 = FILL_AREA_STYLE_COLOUR ( '', #1295 ) ;
#10741 = ORIENTED_EDGE ( 'NONE', *, *, #4585, .F. ) ;
#10742 = EDGE_CURVE ( 'NONE', #800, #1149, #6956, .T. ) ;
#10743 = DIRECTION ( 'NONE',  ( -1.000000000000000000, 0.000000000000000000, 0.000000000000000000 ) ) ;
#10744 =( GEOMETRIC_REPRESENTATION_CONTEXT ( 3 ) GLOBAL_UNCERTAINTY_ASSIGNED_CONTEXT ( ( #10350 ) ) GLOBAL_UNIT_ASSIGNED_CONTEXT ( ( #2687, #5112, #122 ) ) REPRESENTATION_CONTEXT ( 'NONE', 'WORKASPACE' ) );
#10745 = DIRECTION ( 'NONE',  ( 0.000000000000000000, -1.000000000000000000, -8.672620682681688006E-17 ) ) ;
#10746 =( NAMED_UNIT ( * ) SI_UNIT ( $, .STERADIAN. ) SOLID_ANGLE_UNIT ( ) );
#10747 = DIRECTION ( 'NONE',  ( 0.000000000000000000, 0.5190546823227979445, 0.8547410349098604199 ) ) ;
#10748 = MECHANICAL_DESIGN_GEOMETRIC_PRESENTATION_REPRESENTATION (  '', ( #2879 ), #1105 ) ;
#10749 = CARTESIAN_POINT ( 'NONE',  ( -0.1249999999999998890, 1.949999999999999512, 0.1000000000000000056 ) ) ;
#10750 =( GEOMETRIC_REPRESENTATION_CONTEXT ( 3 ) GLOBAL_UNCERTAINTY_ASSIGNED_CONTEXT ( ( #7781 ) ) GLOBAL_UNIT_ASSIGNED_CONTEXT ( ( #8741, #4553, #5982 ) ) REPRESENTATION_CONTEXT ( 'NONE', 'WORKASPACE' ) );
#10751 = ORIENTED_EDGE ( 'NONE', *, *, #1546, .F. ) ;
#10752 = FILL_AREA_STYLE_COLOUR ( '', #8496 ) ;
#10753 = ORIENTED_EDGE ( 'NONE', *, *, #9529, .F. ) ;
#10754 = EDGE_CURVE ( 'NONE', #3151, #8234, #10448, .T. ) ;
#10755 = CARTESIAN_POINT ( 'NONE',  ( 1.175000000000000044, -3.000000000000000000, -0.6000000000000000888 ) ) ;
#10756 =( NAMED_UNIT ( * ) PLANE_ANGLE_UNIT ( ) SI_UNIT ( $, .RADIAN. ) );
#10757 = PRESENTATION_LAYER_ASSIGNMENT (  '', '', ( #8122 ) ) ;
#10758 = VECTOR ( 'NONE', #4669, 1000.000000000000227 ) ;
#10759 = FACE_OUTER_BOUND ( 'NONE', #9254, .T. ) ;
#10760 = LINE ( 'NONE', #9439, #6696 ) ;
#10761 = VECTOR ( 'NONE', #4639, 1000.000000000000000 ) ;
#10762 = DIRECTION ( 'NONE',  ( 0.000000000000000000, 1.000000000000000000, 0.000000000000000000 ) ) ;
#10763 = ORIENTED_EDGE ( 'NONE', *, *, #5858, .T. ) ;
#10764 = ORIENTED_EDGE ( 'NONE', *, *, #8334, .F. ) ;
#10765 = MECHANICAL_DESIGN_GEOMETRIC_PRESENTATION_REPRESENTATION (  '', ( #10241 ), #5143 ) ;
#10766 = EDGE_CURVE ( 'NONE', #5627, #1909, #6165, .T. ) ;
#10767 = UNCERTAINTY_MEASURE_WITH_UNIT (LENGTH_MEASURE( 1.000000000000000082E-05 ), #525, 'distance_accuracy_value', 'NONE');
#10768 = EDGE_CURVE ( 'NONE', #9268, #6753, #10292, .T. ) ;
#10769 = CARTESIAN_POINT ( 'NONE',  ( 2.000000000000000000, 1.325000000000000400, -0.4499999999999999556 ) ) ;
#10770 = VERTEX_POINT ( 'NONE', #9461 ) ;
#10771 =( NAMED_UNIT ( * ) SI_UNIT ( $, .STERADIAN. ) SOLID_ANGLE_UNIT ( ) );
#10772 = CYLINDRICAL_SURFACE ( 'NONE', #4891, 0.07499999999999998335 ) ;
#10773 = VECTOR ( 'NONE', #5865, 1000.000000000000227 ) ;
#10774 = CARTESIAN_POINT ( 'NONE',  ( -1.174999999999999822, -2.106267956964054999, 0.09999999999999999167 ) ) ;
#10775 = ORIENTED_EDGE ( 'NONE', *, *, #2585, .T. ) ;
#10776 =( NAMED_UNIT ( * ) SI_UNIT ( $, .STERADIAN. ) SOLID_ANGLE_UNIT ( ) );
#10777 = CARTESIAN_POINT ( 'NONE',  ( 0.7750000000000001332, 2.486996912233147228, -0.5641273295552871048 ) ) ;
#10778 = VERTEX_POINT ( 'NONE', #337 ) ;
#10779 = DIRECTION ( 'NONE',  ( 0.000000000000000000, 0.000000000000000000, -1.000000000000000000 ) ) ;
#10780 = VECTOR ( 'NONE', #5613, 1000.000000000000000 ) ;
#10781 = CARTESIAN_POINT ( 'NONE',  ( 2.000000000000000000, -1.324999999999999512, -0.4499999999999999556 ) ) ;
#10782 = MECHANICAL_DESIGN_GEOMETRIC_PRESENTATION_REPRESENTATION (  '', ( #7456 ), #6380 ) ;
#10783 = VECTOR ( 'NONE', #10458, 1000.000000000000000 ) ;
#10784 = UNCERTAINTY_MEASURE_WITH_UNIT (LENGTH_MEASURE( 1.000000000000000082E-05 ), #1452, 'distance_accuracy_value', 'NONE');
#10785 = EDGE_LOOP ( 'NONE', ( #4820, #4526, #4121, #8869 ) ) ;
#10786 = FACE_OUTER_BOUND ( 'NONE', #4452, .T. ) ;
#10787 = STYLED_ITEM ( 'NONE', ( #9543 ), #4710 ) ;
#10788 = FILL_AREA_STYLE_COLOUR ( '', #5535 ) ;
#10789 = CARTESIAN_POINT ( 'NONE',  ( 0.5250000000000000222, 2.552580984647486062, -0.3682250350372596737 ) ) ;
#10790 = MECHANICAL_DESIGN_GEOMETRIC_PRESENTATION_REPRESENTATION (  '', ( #7081 ), #10625 ) ;
#10791 = CARTESIAN_POINT ( 'NONE',  ( -2.408654545973159422, -1.834065403820538842, -0.4933757181366588696 ) ) ;
#10792 = VECTOR ( 'NONE', #3015, 1000.000000000000000 ) ;
#10793 = VECTOR ( 'NONE', #2457, 1000.000000000000000 ) ;
#10794 = DIRECTION ( 'NONE',  ( 0.000000000000000000, 0.000000000000000000, -1.000000000000000000 ) ) ;
#10795 = ORIENTED_EDGE ( 'NONE', *, *, #10226, .T. ) ;
#10796 = ADVANCED_FACE ( 'NONE', ( #3681 ), #7007, .T. ) ;
#10797 = STYLED_ITEM ( 'NONE', ( #2765 ), #4936 ) ;
#10798 = CARTESIAN_POINT ( 'NONE',  ( -0.7749999999999999112, 1.949999999999999512, -0.1000000000000000056 ) ) ;
#10799 = COLOUR_RGB ( '',0.8039215686274510109, 0.8039215686274510109, 0.8039215686274510109 ) ;
#10800 = DIRECTION ( 'NONE',  ( 1.000000000000000000, 0.000000000000000000, 0.000000000000000000 ) ) ;
#10801 = PRESENTATION_LAYER_ASSIGNMENT (  '', '', ( #5374 ) ) ;
#10802 = CARTESIAN_POINT ( 'NONE',  ( -0.7749999999999999112, 2.049999999999999822, -0.2000000000000000111 ) ) ;
#10803 = ADVANCED_FACE ( 'NONE', ( #684 ), #9785, .F. ) ;
#10804 = LINE ( 'NONE', #4757, #6741 ) ;
#10805 = LINE ( 'NONE', #9165, #5687 ) ;
#10806 =( GEOMETRIC_REPRESENTATION_CONTEXT ( 3 ) GLOBAL_UNCERTAINTY_ASSIGNED_CONTEXT ( ( #1581 ) ) GLOBAL_UNIT_ASSIGNED_CONTEXT ( ( #79, #7659, #133 ) ) REPRESENTATION_CONTEXT ( 'NONE', 'WORKASPACE' ) );
#10807 = STYLED_ITEM ( 'NONE', ( #9358 ), #9371 ) ;
#10808 = DIRECTION ( 'NONE',  ( 0.000000000000000000, 0.000000000000000000, -1.000000000000000000 ) ) ;
#10809 = AXIS2_PLACEMENT_3D ( 'NONE', #2953, #6108, #6252 ) ;
#10810 = ORIENTED_EDGE ( 'NONE', *, *, #869, .T. ) ;
#10811 = AXIS2_PLACEMENT_3D ( 'NONE', #9595, #1313, #1260 ) ;
#10812 = VECTOR ( 'NONE', #3453, 1000.000000000000000 ) ;
#10813 = DIRECTION ( 'NONE',  ( 1.000000000000000000, 0.000000000000000000, 0.000000000000000000 ) ) ;
#10814 = ORIENTED_EDGE ( 'NONE', *, *, #1442, .T. ) ;
#10815 = EDGE_CURVE ( 'NONE', #8573, #9200, #8848, .T. ) ;
#10816 = VERTEX_POINT ( 'NONE', #1349 ) ;
#10817 = FACE_OUTER_BOUND ( 'NONE', #7465, .T. ) ;
#10818 = AXIS2_PLACEMENT_3D ( 'NONE', #377, #8843, #3954 ) ;
#10819 = FACE_OUTER_BOUND ( 'NONE', #7635, .T. ) ;
#10820 = CARTESIAN_POINT ( 'NONE',  ( -2.375273160256224703, -1.949999626916907980, 0.1000035496485076614 ) ) ;
#10821 = AXIS2_PLACEMENT_3D ( 'NONE', #5507, #649, #4036 ) ;
#10822 = CARTESIAN_POINT ( 'NONE',  ( -0.7749999999999999112, 2.106267956964054999, 0.09999999999999999167 ) ) ;
#10823 = LINE ( 'NONE', #4937, #3897 ) ;
#10824 = VERTEX_POINT ( 'NONE', #7244 ) ;
#10825 = ORIENTED_EDGE ( 'NONE', *, *, #600, .F. ) ;
#10826 = CIRCLE ( 'NONE', #1761, 0.09999999999999982514 ) ;
#10827 = SURFACE_STYLE_USAGE ( .BOTH. , #7481 ) ;
#10828 =( LENGTH_UNIT ( ) NAMED_UNIT ( * ) SI_UNIT ( .MILLI., .METRE. ) );
#10829 = CARTESIAN_POINT ( 'NONE',  ( -1.424999999999999822, -2.552580984647486062, -0.3682250350372594516 ) ) ;
#10830 = ORIENTED_EDGE ( 'NONE', *, *, #3241, .T. ) ;
#10831 = CARTESIAN_POINT ( 'NONE',  ( -0.5249999999999999112, 2.049999999999999822, -0.2000000000000000111 ) ) ;
#10832 =( LENGTH_UNIT ( ) NAMED_UNIT ( * ) SI_UNIT ( .MILLI., .METRE. ) );
#10833 = EDGE_CURVE ( 'NONE', #10679, #10480, #10609, .T. ) ;
#10834 =( LENGTH_UNIT ( ) NAMED_UNIT ( * ) SI_UNIT ( .MILLI., .METRE. ) );
#10835 = ORIENTED_EDGE ( 'NONE', *, *, #8776, .T. ) ;
#10836 = LINE ( 'NONE', #6532, #1470 ) ;
#10838 = CARTESIAN_POINT ( 'NONE',  ( -2.402703094130445027, 1.835172790808107690, 0.5499999999999999334 ) ) ;
#10837 = CARTESIAN_POINT ( 'NONE',  ( 0.5250000000000000222, 2.474082528530912928, -0.3203740982435569484 ) ) ;
#10839 = ORIENTED_EDGE ( 'NONE', *, *, #5120, .F. ) ;
#10840 = EDGE_CURVE ( 'NONE', #7278, #7422, #9166, .T. ) ;
#10841 = PRESENTATION_STYLE_ASSIGNMENT (( #1771 ) ) ;
#10842 = VERTEX_POINT ( 'NONE', #10553 ) ;
#10843 = CARTESIAN_POINT ( 'NONE',  ( 1.824999999999999956, 2.330000000000000071, -0.4684254559678819319 ) ) ;
#10844 = AXIS2_PLACEMENT_3D ( 'NONE', #5787, #870, #9199 ) ;
#10845 = LINE ( 'NONE', #704, #2643 ) ;
#10846 = EDGE_LOOP ( 'NONE', ( #7997, #10659, #1329, #114 ) ) ;
#10847 = SURFACE_SIDE_STYLE ('',( #1776 ) ) ;
#10848 = PLANE ( 'NONE',  #7114 ) ;
#10849 = LINE ( 'NONE', #5790, #9429 ) ;
#10850 = EDGE_CURVE ( 'NONE', #696, #7425, #3541, .T. ) ;
#10851 =( NAMED_UNIT ( * ) PLANE_ANGLE_UNIT ( ) SI_UNIT ( $, .RADIAN. ) );
#10852 = CARTESIAN_POINT ( 'NONE',  ( 2.449999999999998845, -1.949999999999999512, 0.1000000000000000056 ) ) ;
#10853 = VERTEX_POINT ( 'NONE', #2301 ) ;
#10854 = SURFACE_STYLE_FILL_AREA ( #8335 ) ;
#10855 = ORIENTED_EDGE ( 'NONE', *, *, #10031, .T. ) ;
#10856 = FILL_AREA_STYLE ('',( #10035 ) ) ;
#10857 = DIRECTION ( 'NONE',  ( 0.000000000000000000, 0.000000000000000000, -1.000000000000000000 ) ) ;
#10858 = PRESENTATION_STYLE_ASSIGNMENT (( #8176 ) ) ;
#10859 = SURFACE_STYLE_FILL_AREA ( #10097 ) ;
#10860 = AXIS2_PLACEMENT_3D ( 'NONE', #2357, #4784, #3014 ) ;
ENDSEC;
END-ISO-10303-21;
